CREATE DATABASE  IF NOT EXISTS `aegon_test_storage` /*!40100 DEFAULT CHARACTER SET utf8 */;
USE `aegon_test_storage`;
-- MySQL dump 10.13  Distrib 5.6.24, for Win64 (x86_64)
--
-- Host: localhost    Database: aegon_test_storage
-- ------------------------------------------------------
-- Server version	5.6.25-log

/*!40101 SET @OLD_CHARACTER_SET_CLIENT=@@CHARACTER_SET_CLIENT */;
/*!40101 SET @OLD_CHARACTER_SET_RESULTS=@@CHARACTER_SET_RESULTS */;
/*!40101 SET @OLD_COLLATION_CONNECTION=@@COLLATION_CONNECTION */;
/*!40101 SET NAMES utf8 */;
/*!40103 SET @OLD_TIME_ZONE=@@TIME_ZONE */;
/*!40103 SET TIME_ZONE='+00:00' */;
/*!40014 SET @OLD_UNIQUE_CHECKS=@@UNIQUE_CHECKS, UNIQUE_CHECKS=0 */;
/*!40014 SET @OLD_FOREIGN_KEY_CHECKS=@@FOREIGN_KEY_CHECKS, FOREIGN_KEY_CHECKS=0 */;
/*!40101 SET @OLD_SQL_MODE=@@SQL_MODE, SQL_MODE='NO_AUTO_VALUE_ON_ZERO' */;
/*!40111 SET @OLD_SQL_NOTES=@@SQL_NOTES, SQL_NOTES=0 */;

--
-- Table structure for table `aegon_entry_log`
--

DROP TABLE IF EXISTS `aegon_entry_log`;
/*!40101 SET @saved_cs_client     = @@character_set_client */;
/*!40101 SET character_set_client = utf8 */;
CREATE TABLE `aegon_entry_log` (
  `id_entry_log` int(11) NOT NULL AUTO_INCREMENT,
  `current_balance` decimal(10,2) NOT NULL,
  `data_from_day_date` varchar(100) NOT NULL,
  `last_login_date` varchar(100) NOT NULL,
  `last_modified_date` varchar(100) NOT NULL,
  `reading_date` varchar(100) NOT NULL,
  PRIMARY KEY (`id_entry_log`),
  UNIQUE KEY `reading_date` (`reading_date`),
  KEY `data_from_day_date` (`data_from_day_date`)
) ENGINE=InnoDB AUTO_INCREMENT=366 DEFAULT CHARSET=utf8;
/*!40101 SET character_set_client = @saved_cs_client */;

--
-- Dumping data for table `aegon_entry_log`
--

LOCK TABLES `aegon_entry_log` WRITE;
/*!40000 ALTER TABLE `aegon_entry_log` DISABLE KEYS */;
INSERT INTO `aegon_entry_log` VALUES (1,44108.59,'2014-11-21','2014-11-21 19:39:42','2014-11-22','2014-11-22 20:00:02'),(2,44081.47,'2014-11-22','2014-11-22 20:02:34','2014-11-23','2014-11-23 20:24:57'),(3,44155.95,'2014-11-22','2014-11-23 20:49:05','2014-11-24','2014-11-24 20:49:32'),(4,44177.54,'2014-11-22','2014-11-24 20:33:56','2014-11-25','2014-11-25 20:40:35'),(5,44177.54,'2014-11-24','2014-11-25 20:44:35','2014-11-26','2014-11-26 20:50:22'),(6,44148.30,'2014-11-24','2014-11-26 19:53:58','2014-11-27','2014-11-27 20:23:12'),(7,44218.52,'2014-11-26','2014-11-27 20:29:09','2014-11-28','2014-11-28 20:37:18'),(8,44198.55,'2014-11-27','2014-11-28 19:59:31','2014-11-29','2014-11-29 20:24:38'),(9,44096.25,'2014-11-26','2014-11-29 20:12:36','2014-11-30','2014-11-30 20:26:44'),(10,44096.25,'2014-11-30','2014-11-30 20:07:45','2014-12-01','2014-12-01 20:31:37'),(11,44051.27,'2014-12-01','2014-12-01 20:24:29','2014-12-02','2014-12-02 20:47:33'),(12,44051.27,'2014-11-30','2014-12-02 19:35:33','2014-12-03','2014-12-03 20:02:48'),(13,44093.66,'2014-12-02','2014-12-03 20:18:17','2014-12-04','2014-12-04 20:18:52'),(14,44026.19,'2014-12-03','2014-12-04 20:28:41','2014-12-05','2014-12-05 20:36:41'),(15,44023.69,'2014-12-03','2014-12-05 20:03:31','2014-12-06','2014-12-06 20:22:13'),(16,44223.75,'2014-12-04','2014-12-06 20:31:01','2014-12-07','2014-12-07 20:56:20'),(17,44400.95,'2014-12-04','2014-12-07 19:51:25','2014-12-08','2014-12-08 20:03:17'),(18,44446.02,'2014-12-05','2014-12-08 20:27:49','2014-12-09','2014-12-09 20:42:13'),(19,44446.02,'2014-12-07','2014-12-09 20:21:13','2014-12-10','2014-12-10 20:22:30'),(20,44446.02,'2014-12-08','2014-12-10 20:14:43','2014-12-11','2014-12-11 20:27:26'),(21,44327.34,'2014-12-09','2014-12-11 20:36:41','2014-12-12','2014-12-12 20:52:56'),(22,44593.29,'2014-12-10','2014-12-12 20:21:14','2014-12-13','2014-12-13 20:33:52'),(23,44593.29,'2014-12-13','2014-12-13 20:13:57','2014-12-14','2014-12-14 20:40:39'),(24,44536.26,'2014-12-13','2014-12-14 19:58:35','2014-12-15','2014-12-15 20:21:15'),(25,44357.51,'2014-12-13','2014-12-15 19:56:51','2014-12-16','2014-12-16 20:06:28'),(26,44169.32,'2014-12-16','2014-12-16 20:37:45','2014-12-17','2014-12-17 20:52:18'),(27,44169.32,'2014-12-17','2014-12-17 20:17:16','2014-12-18','2014-12-18 20:40:29'),(28,44254.38,'2014-12-17','2014-12-18 19:40:26','2014-12-19','2014-12-19 20:09:25'),(29,44254.38,'2014-12-17','2014-12-19 20:28:32','2014-12-20','2014-12-20 20:58:06'),(30,44269.40,'2014-12-20','2014-12-20 20:22:28','2014-12-21','2014-12-21 20:49:06'),(31,44269.40,'2014-12-19','2014-12-21 19:51:17','2014-12-22','2014-12-22 20:02:01'),(32,44346.73,'2014-12-22','2014-12-22 20:35:31','2014-12-23','2014-12-23 20:45:03'),(33,44432.44,'2014-12-22','2014-12-23 20:14:31','2014-12-24','2014-12-24 20:16:34'),(34,44808.86,'2014-12-24','2014-12-24 20:31:01','2014-12-25','2014-12-25 20:56:05'),(35,44808.86,'2014-12-22','2014-12-25 20:27:51','2014-12-26','2014-12-26 20:29:07'),(36,44845.69,'2014-12-26','2014-12-26 20:07:22','2014-12-27','2014-12-27 20:32:13'),(37,44845.69,'2014-12-25','2014-12-27 20:26:00','2014-12-28','2014-12-28 20:51:35'),(38,44512.27,'2014-12-28','2014-12-28 20:28:56','2014-12-29','2014-12-29 20:53:22'),(39,44551.05,'2014-12-29','2014-12-29 20:20:55','2014-12-30','2014-12-30 20:23:52'),(40,44551.05,'2014-12-27','2014-12-30 20:45:03','2014-12-31','2014-12-31 20:57:27'),(41,44551.05,'2014-12-28','2014-12-31 20:13:26','2015-01-01','2015-01-01 20:36:07'),(42,44423.83,'2014-12-29','2015-01-01 20:24:20','2015-01-02','2015-01-02 20:43:58'),(43,44778.45,'2015-01-02','2015-01-02 20:21:33','2015-01-03','2015-01-03 20:47:48'),(44,44778.45,'2015-01-03','2015-01-03 20:29:43','2015-01-04','2015-01-04 20:55:33'),(45,44869.15,'2015-01-03','2015-01-04 20:07:29','2015-01-05','2015-01-05 20:32:27'),(46,44790.90,'2015-01-02','2015-01-05 20:01:08','2015-01-06','2015-01-06 20:25:19'),(47,44790.90,'2015-01-06','2015-01-06 20:32:19','2015-01-07','2015-01-07 20:37:33'),(48,44790.90,'2015-01-05','2015-01-07 20:34:59','2015-01-08','2015-01-08 20:46:59'),(49,44903.18,'2015-01-06','2015-01-08 20:55:07','2015-01-09','2015-01-09 20:55:23'),(50,44903.18,'2015-01-07','2015-01-09 19:46:30','2015-01-10','2015-01-10 20:08:25'),(51,44838.10,'2015-01-07','2015-01-10 19:57:04','2015-01-11','2015-01-11 20:16:46'),(52,44838.10,'2015-01-09','2015-01-11 20:47:47','2015-01-12','2015-01-12 20:56:02'),(53,45118.70,'2015-01-11','2015-01-12 19:58:50','2015-01-13','2015-01-13 20:13:16'),(54,45063.25,'2015-01-12','2015-01-13 20:32:27','2015-01-14','2015-01-14 20:41:49'),(55,44990.98,'2015-01-13','2015-01-14 19:45:48','2015-01-15','2015-01-15 20:09:00'),(56,44891.66,'2015-01-12','2015-01-15 20:09:30','2015-01-16','2015-01-16 20:30:36'),(57,44891.66,'2015-01-14','2015-01-16 20:09:14','2015-01-17','2015-01-17 20:13:37'),(58,44891.66,'2015-01-16','2015-01-17 20:22:43','2015-01-18','2015-01-18 20:32:01'),(59,45062.91,'2015-01-16','2015-01-18 20:16:15','2015-01-19','2015-01-19 20:28:25'),(60,45062.91,'2015-01-17','2015-01-19 20:07:36','2015-01-20','2015-01-20 20:32:34'),(61,45062.91,'2015-01-18','2015-01-20 20:20:35','2015-01-21','2015-01-21 20:37:47'),(62,45253.76,'2015-01-21','2015-01-21 20:02:59','2015-01-22','2015-01-22 20:09:48'),(63,45327.60,'2015-01-19','2015-01-22 19:55:12','2015-01-23','2015-01-23 20:07:52'),(64,45327.60,'2015-01-20','2015-01-23 20:17:57','2015-01-24','2015-01-24 20:36:58'),(65,45327.60,'2015-01-21','2015-01-24 20:48:10','2015-01-25','2015-01-25 20:57:52'),(66,45418.59,'2015-01-23','2015-01-25 20:08:51','2015-01-26','2015-01-26 20:21:25'),(67,45418.59,'2015-01-25','2015-01-26 20:02:57','2015-01-27','2015-01-27 20:10:30'),(68,45418.59,'2015-01-27','2015-01-27 20:03:51','2015-01-28','2015-01-28 20:06:55'),(69,45748.18,'2015-01-27','2015-01-28 20:54:21','2015-01-29','2015-01-29 20:57:53'),(70,45882.75,'2015-01-29','2015-01-29 20:02:07','2015-01-30','2015-01-30 20:26:03'),(71,45882.75,'2015-01-27','2015-01-30 20:05:07','2015-01-31','2015-01-31 20:09:23'),(72,45878.61,'2015-01-29','2015-01-31 19:36:58','2015-02-01','2015-02-01 20:01:24'),(73,45927.30,'2015-01-29','2015-02-01 20:35:25','2015-02-02','2015-02-02 20:55:54'),(74,45888.61,'2015-01-30','2015-02-02 20:29:08','2015-02-03','2015-02-03 20:52:18'),(75,45970.49,'2015-02-01','2015-02-03 20:45:12','2015-02-04','2015-02-04 20:52:35'),(76,46090.08,'2015-02-04','2015-02-04 20:32:28','2015-02-05','2015-02-05 20:38:28'),(77,46090.08,'2015-02-02','2015-02-05 19:43:01','2015-02-06','2015-02-06 20:09:28'),(78,46090.08,'2015-02-04','2015-02-06 20:25:23','2015-02-07','2015-02-07 20:29:40'),(79,45872.62,'2015-02-07','2015-02-07 20:15:16','2015-02-08','2015-02-08 20:33:09'),(80,45751.59,'2015-02-05','2015-02-08 19:55:22','2015-02-09','2015-02-09 20:08:10'),(81,45706.71,'2015-02-07','2015-02-09 20:28:47','2015-02-10','2015-02-10 20:29:37'),(82,45614.68,'2015-02-07','2015-02-10 20:39:51','2015-02-11','2015-02-11 20:40:43'),(83,45802.15,'2015-02-09','2015-02-11 20:37:58','2015-02-12','2015-02-12 20:57:49'),(84,45802.15,'2015-02-12','2015-02-12 19:50:59','2015-02-13','2015-02-13 20:09:39'),(85,45802.15,'2015-02-12','2015-02-13 19:46:57','2015-02-14','2015-02-14 20:10:52'),(86,45817.08,'2015-02-11','2015-02-14 20:38:50','2015-02-15','2015-02-15 20:40:51'),(87,46032.24,'2015-02-12','2015-02-15 20:26:40','2015-02-16','2015-02-16 20:47:59'),(88,46032.24,'2015-02-13','2015-02-16 20:43:32','2015-02-17','2015-02-17 20:47:02'),(89,46063.80,'2015-02-17','2015-02-17 20:27:21','2015-02-18','2015-02-18 20:53:26'),(90,46063.80,'2015-02-15','2015-02-18 20:01:30','2015-02-19','2015-02-19 20:21:46'),(91,45931.63,'2015-02-16','2015-02-19 19:54:42','2015-02-20','2015-02-20 20:19:08'),(92,45930.69,'2015-02-17','2015-02-20 20:17:51','2015-02-21','2015-02-21 20:19:22'),(93,46113.10,'2015-02-21','2015-02-21 20:41:33','2015-02-22','2015-02-22 20:45:16'),(94,46066.22,'2015-02-22','2015-02-22 20:39:07','2015-02-23','2015-02-23 20:42:50'),(95,46066.22,'2015-02-20','2015-02-23 20:08:38','2015-02-24','2015-02-24 20:29:43'),(96,46072.48,'2015-02-24','2015-02-24 20:31:49','2015-02-25','2015-02-25 20:56:26'),(97,45770.09,'2015-02-23','2015-02-25 20:16:53','2015-02-26','2015-02-26 20:31:16'),(98,45368.84,'2015-02-26','2015-02-26 20:41:16','2015-02-27','2015-02-27 20:49:42'),(99,45339.06,'2015-02-27','2015-02-27 20:29:02','2015-02-28','2015-02-28 20:45:06'),(100,45298.08,'2015-02-25','2015-02-28 20:27:30','2015-03-01','2015-03-01 20:48:40'),(101,45222.06,'2015-03-01','2015-03-01 20:35:50','2015-03-02','2015-03-02 20:46:42'),(102,45222.06,'2015-02-27','2015-03-02 19:46:18','2015-03-03','2015-03-03 20:14:01'),(103,45222.06,'2015-03-02','2015-03-03 20:00:06','2015-03-04','2015-03-04 20:29:38'),(104,45352.39,'2015-03-01','2015-03-04 20:10:11','2015-03-05','2015-03-05 20:38:42'),(105,45352.39,'2015-03-04','2015-03-05 19:55:40','2015-03-06','2015-03-06 20:06:08'),(106,45352.39,'2015-03-04','2015-03-06 19:46:34','2015-03-07','2015-03-07 20:03:31'),(107,45311.00,'2015-03-07','2015-03-07 20:12:11','2015-03-08','2015-03-08 20:20:35'),(108,45329.95,'2015-03-07','2015-03-08 20:31:06','2015-03-09','2015-03-09 20:41:00'),(109,45329.95,'2015-03-09','2015-03-09 20:20:41','2015-03-10','2015-03-10 20:26:19'),(110,45490.01,'2015-03-08','2015-03-10 20:02:51','2015-03-11','2015-03-11 20:05:27'),(111,45403.94,'2015-03-09','2015-03-11 19:36:50','2015-03-12','2015-03-12 20:00:02'),(112,45237.32,'2015-03-11','2015-03-12 19:39:21','2015-03-13','2015-03-13 20:09:19'),(113,45237.32,'2015-03-12','2015-03-13 19:55:54','2015-03-14','2015-03-14 20:06:36'),(114,45438.44,'2015-03-13','2015-03-14 20:44:06','2015-03-15','2015-03-15 20:47:49'),(115,45438.44,'2015-03-15','2015-03-15 20:25:44','2015-03-16','2015-03-16 20:28:17'),(116,45112.71,'2015-03-16','2015-03-16 20:33:34','2015-03-17','2015-03-17 20:59:24'),(117,45112.71,'2015-03-14','2015-03-17 20:32:21','2015-03-18','2015-03-18 20:40:29'),(118,45373.49,'2015-03-18','2015-03-18 19:44:30','2015-03-19','2015-03-19 20:10:23'),(119,45238.62,'2015-03-18','2015-03-19 19:47:40','2015-03-20','2015-03-20 20:05:16'),(120,45279.17,'2015-03-18','2015-03-20 20:11:53','2015-03-21','2015-03-21 20:33:46'),(121,45279.17,'2015-03-21','2015-03-21 20:14:22','2015-03-22','2015-03-22 20:40:39'),(122,45193.69,'2015-03-20','2015-03-22 19:52:52','2015-03-23','2015-03-23 20:10:05'),(123,45193.69,'2015-03-21','2015-03-23 19:58:05','2015-03-24','2015-03-24 20:05:18'),(124,45407.38,'2015-03-23','2015-03-24 20:10:21','2015-03-25','2015-03-25 20:23:25'),(125,45407.38,'2015-03-24','2015-03-25 20:04:53','2015-03-26','2015-03-26 20:16:30'),(126,45407.38,'2015-03-23','2015-03-26 19:59:10','2015-03-27','2015-03-27 20:17:59'),(127,45407.38,'2015-03-26','2015-03-27 19:48:32','2015-03-28','2015-03-28 20:15:48'),(128,45811.46,'2015-03-26','2015-03-28 19:29:21','2015-03-29','2015-03-29 20:30:45'),(129,45811.46,'2015-03-25','2015-03-29 19:46:34','2015-03-30','2015-03-30 20:01:28'),(130,45811.46,'2015-03-30','2015-03-30 20:29:57','2015-03-31','2015-03-31 20:51:38'),(131,46135.32,'2015-03-30','2015-03-31 19:58:28','2015-04-01','2015-04-01 20:14:27'),(132,46156.78,'2015-03-28','2015-04-01 19:51:22','2015-04-02','2015-04-02 20:00:58'),(133,46156.78,'2015-04-02','2015-04-02 19:48:49','2015-04-03','2015-04-03 20:12:36'),(134,46183.32,'2015-04-03','2015-04-03 20:21:19','2015-04-04','2015-04-04 20:51:18'),(135,46160.33,'2015-04-01','2015-04-04 19:45:27','2015-04-05','2015-04-05 20:00:40'),(136,46160.33,'2015-04-02','2015-04-05 20:26:05','2015-04-06','2015-04-06 20:49:07'),(137,46186.05,'2015-04-03','2015-04-06 19:45:46','2015-04-07','2015-04-07 20:05:18'),(138,46240.81,'2015-04-05','2015-04-07 20:19:56','2015-04-08','2015-04-08 20:38:01'),(139,46327.48,'2015-04-07','2015-04-08 20:55:22','2015-04-09','2015-04-09 20:59:58'),(140,46311.07,'2015-04-08','2015-04-09 19:46:44','2015-04-10','2015-04-10 20:15:12'),(141,46244.60,'2015-04-07','2015-04-10 20:22:50','2015-04-11','2015-04-11 20:39:05'),(142,46301.73,'2015-04-10','2015-04-11 20:38:53','2015-04-12','2015-04-12 20:45:53'),(143,46205.42,'2015-04-12','2015-04-12 20:20:05','2015-04-13','2015-04-13 20:43:49'),(144,45887.19,'2015-04-10','2015-04-13 20:17:52','2015-04-14','2015-04-14 20:19:22'),(145,45987.12,'2015-04-14','2015-04-14 20:27:06','2015-04-15','2015-04-15 20:40:50'),(146,46007.12,'2015-04-13','2015-04-15 20:13:56','2015-04-16','2015-04-16 20:27:14'),(147,46143.87,'2015-04-13','2015-04-16 20:08:17','2015-04-17','2015-04-17 20:19:43'),(148,46213.71,'2015-04-16','2015-04-17 20:03:59','2015-04-18','2015-04-18 20:12:02'),(149,46218.66,'2015-04-17','2015-04-18 20:13:24','2015-04-19','2015-04-19 20:40:03'),(150,46280.47,'2015-04-17','2015-04-19 20:01:47','2015-04-20','2015-04-20 20:07:18'),(151,46242.08,'2015-04-17','2015-04-20 19:47:34','2015-04-21','2015-04-21 20:08:44'),(152,46269.99,'2015-04-20','2015-04-21 20:48:54','2015-04-22','2015-04-22 20:54:08'),(153,46499.49,'2015-04-19','2015-04-22 20:14:18','2015-04-23','2015-04-23 20:32:03'),(154,46499.49,'2015-04-23','2015-04-23 20:14:51','2015-04-24','2015-04-24 20:26:02'),(155,46486.32,'2015-04-22','2015-04-24 19:56:07','2015-04-25','2015-04-25 20:08:10'),(156,46098.64,'2015-04-24','2015-04-25 20:36:20','2015-04-26','2015-04-26 20:47:14'),(157,45929.49,'2015-04-23','2015-04-26 20:42:06','2015-04-27','2015-04-27 20:53:36'),(158,45924.51,'2015-04-25','2015-04-27 20:39:56','2015-04-28','2015-04-28 20:56:50'),(159,45894.48,'2015-04-27','2015-04-28 20:44:01','2015-04-29','2015-04-29 20:51:48'),(160,45821.12,'2015-04-29','2015-04-29 20:06:37','2015-04-30','2015-04-30 20:27:10'),(161,45573.32,'2015-04-30','2015-04-30 20:04:57','2015-05-01','2015-05-01 20:17:02'),(162,45573.32,'2015-04-29','2015-05-01 20:03:08','2015-05-02','2015-05-02 20:20:07'),(163,45600.75,'2015-04-30','2015-05-02 20:14:41','2015-05-03','2015-05-03 20:29:50'),(164,45522.03,'2015-05-03','2015-05-03 20:20:48','2015-05-04','2015-05-04 20:49:14'),(165,45522.03,'2015-05-04','2015-05-04 19:35:37','2015-05-05','2015-05-05 20:03:47'),(166,45444.06,'2015-05-03','2015-05-05 20:17:02','2015-05-06','2015-05-06 20:21:18'),(167,45328.03,'2015-05-03','2015-05-06 19:50:08','2015-05-07','2015-05-07 20:15:38'),(168,45203.38,'2015-05-05','2015-05-07 20:08:22','2015-05-08','2015-05-08 20:21:49'),(169,45380.87,'2015-05-07','2015-05-08 19:51:27','2015-05-09','2015-05-09 20:02:28'),(170,45671.65,'2015-05-08','2015-05-09 20:03:41','2015-05-10','2015-05-10 20:28:04'),(171,45671.65,'2015-05-09','2015-05-10 20:27:14','2015-05-11','2015-05-11 20:38:49'),(172,45785.05,'2015-05-10','2015-05-11 20:09:00','2015-05-12','2015-05-12 20:38:19'),(173,45739.15,'2015-05-11','2015-05-12 20:44:01','2015-05-13','2015-05-13 20:51:12'),(174,45756.35,'2015-05-13','2015-05-13 20:36:10','2015-05-14','2015-05-14 20:52:55'),(175,45725.48,'2015-05-14','2015-05-14 20:28:09','2015-05-15','2015-05-15 20:28:28'),(176,45992.90,'2015-05-14','2015-05-15 20:14:16','2015-05-16','2015-05-16 20:31:00'),(177,46146.24,'2015-05-16','2015-05-16 20:44:54','2015-05-17','2015-05-17 20:51:45'),(178,46146.24,'2015-05-14','2015-05-17 20:17:29','2015-05-18','2015-05-18 20:31:32'),(179,46084.12,'2015-05-15','2015-05-18 20:14:13','2015-05-19','2015-05-19 20:33:35'),(180,46139.26,'2015-05-16','2015-05-19 20:16:05','2015-05-20','2015-05-20 20:44:45'),(181,46139.26,'2015-05-18','2015-05-20 19:46:28','2015-05-21','2015-05-21 20:03:42'),(182,46022.96,'2015-05-19','2015-05-21 20:31:19','2015-05-22','2015-05-22 20:58:25'),(183,46022.96,'2015-05-22','2015-05-22 20:24:04','2015-05-23','2015-05-23 20:45:53'),(184,46364.43,'2015-05-22','2015-05-23 20:22:09','2015-05-24','2015-05-24 20:41:13'),(185,46364.43,'2015-05-22','2015-05-24 20:33:22','2015-05-25','2015-05-25 20:43:01'),(186,46287.15,'2015-05-24','2015-05-25 20:33:56','2015-05-26','2015-05-26 20:39:29'),(187,46287.15,'2015-05-25','2015-05-26 20:14:22','2015-05-27','2015-05-27 20:22:35'),(188,46287.15,'2015-05-27','2015-05-27 20:22:47','2015-05-28','2015-05-28 20:51:26'),(189,46287.15,'2015-05-26','2015-05-28 19:57:22','2015-05-29','2015-05-29 20:24:22'),(190,46120.19,'2015-05-28','2015-05-29 20:21:33','2015-05-30','2015-05-30 20:28:00'),(191,46120.19,'2015-05-27','2015-05-30 20:11:45','2015-05-31','2015-05-31 20:24:22'),(192,46120.19,'2015-05-29','2015-05-31 19:58:46','2015-06-01','2015-06-01 20:15:20'),(193,46120.19,'2015-06-01','2015-06-01 20:48:00','2015-06-02','2015-06-02 20:57:48'),(194,45905.20,'2015-05-31','2015-06-02 19:49:16','2015-06-03','2015-06-03 20:17:23'),(195,46188.41,'2015-05-31','2015-06-03 19:52:33','2015-06-04','2015-06-04 20:05:28'),(196,46188.41,'2015-06-02','2015-06-04 20:31:40','2015-06-05','2015-06-05 20:43:16'),(197,46241.52,'2015-06-04','2015-06-05 19:47:06','2015-06-06','2015-06-06 20:08:44'),(198,46241.52,'2015-06-04','2015-06-06 20:53:07','2015-06-07','2015-06-07 20:59:25'),(199,46393.44,'2015-06-06','2015-06-07 20:11:29','2015-06-08','2015-06-08 20:27:09'),(200,46310.75,'2015-06-07','2015-06-08 20:17:30','2015-06-09','2015-06-09 20:41:52'),(201,46092.67,'2015-06-06','2015-06-09 20:04:35','2015-06-10','2015-06-10 20:16:48'),(202,46092.67,'2015-06-10','2015-06-10 20:03:40','2015-06-11','2015-06-11 20:17:02'),(203,46142.60,'2015-06-08','2015-06-11 20:30:15','2015-06-12','2015-06-12 20:31:48'),(204,46215.09,'2015-06-12','2015-06-12 20:16:05','2015-06-13','2015-06-13 20:41:43'),(205,46343.41,'2015-06-10','2015-06-13 19:47:11','2015-06-14','2015-06-14 20:00:35'),(206,46551.21,'2015-06-11','2015-06-14 20:03:38','2015-06-15','2015-06-15 20:06:47'),(207,46551.21,'2015-06-13','2015-06-15 20:14:11','2015-06-16','2015-06-16 20:41:42'),(208,46677.55,'2015-06-14','2015-06-16 20:24:30','2015-06-17','2015-06-17 20:46:59'),(209,46758.40,'2015-06-17','2015-06-17 20:33:44','2015-06-18','2015-06-18 20:52:03'),(210,46758.40,'2015-06-18','2015-06-18 20:28:36','2015-06-19','2015-06-19 20:37:26'),(211,46758.40,'2015-06-18','2015-06-19 20:46:16','2015-06-20','2015-06-20 20:47:51'),(212,46910.01,'2015-06-19','2015-06-20 19:53:33','2015-06-21','2015-06-21 20:19:23'),(213,46677.38,'2015-06-20','2015-06-21 20:02:57','2015-06-22','2015-06-22 20:14:53'),(214,46677.38,'2015-06-19','2015-06-22 20:12:36','2015-06-23','2015-06-23 20:33:09'),(215,46677.38,'2015-06-22','2015-06-23 20:20:59','2015-06-24','2015-06-24 20:30:10'),(216,46677.38,'2015-06-21','2015-06-24 19:44:05','2015-06-25','2015-06-25 20:07:28'),(217,46455.89,'2015-06-25','2015-06-25 20:18:39','2015-06-26','2015-06-26 20:43:06'),(218,46345.60,'2015-06-26','2015-06-26 20:31:06','2015-06-27','2015-06-27 20:35:20'),(219,46263.08,'2015-06-24','2015-06-27 19:48:57','2015-06-28','2015-06-28 20:07:20'),(220,46237.58,'2015-06-26','2015-06-28 20:27:58','2015-06-29','2015-06-29 20:30:22'),(221,46331.97,'2015-06-26','2015-06-29 20:06:28','2015-06-30','2015-06-30 20:28:28'),(222,46331.97,'2015-06-27','2015-06-30 19:55:39','2015-07-01','2015-07-01 20:22:33'),(223,46147.02,'2015-06-29','2015-07-01 20:13:19','2015-07-02','2015-07-02 20:29:55'),(224,46137.13,'2015-06-30','2015-07-02 20:33:08','2015-07-03','2015-07-03 20:50:36'),(225,45888.73,'2015-06-30','2015-07-03 20:33:34','2015-07-04','2015-07-04 20:41:36'),(226,45888.73,'2015-07-01','2015-07-04 20:43:56','2015-07-05','2015-07-05 20:54:58'),(227,45888.73,'2015-07-02','2015-07-05 20:22:03','2015-07-06','2015-07-06 20:36:36'),(228,46009.95,'2015-07-03','2015-07-06 20:22:24','2015-07-07','2015-07-07 20:33:28'),(229,46200.89,'2015-07-04','2015-07-07 20:13:23','2015-07-08','2015-07-08 20:32:46'),(230,46068.67,'2015-07-07','2015-07-08 20:38:39','2015-07-09','2015-07-09 20:49:04'),(231,46289.78,'2015-07-09','2015-07-09 20:34:01','2015-07-10','2015-07-10 20:37:59'),(232,46251.56,'2015-07-10','2015-07-10 20:14:05','2015-07-11','2015-07-11 20:25:37'),(233,46319.02,'2015-07-11','2015-07-11 20:50:59','2015-07-12','2015-07-12 20:55:05'),(234,46393.26,'2015-07-12','2015-07-12 20:34:04','2015-07-13','2015-07-13 20:37:22'),(235,46395.67,'2015-07-11','2015-07-13 20:49:11','2015-07-14','2015-07-14 20:49:59'),(236,46395.67,'2015-07-13','2015-07-14 20:06:33','2015-07-15','2015-07-15 20:21:21'),(237,46395.67,'2015-07-12','2015-07-15 20:38:35','2015-07-16','2015-07-16 20:53:11'),(238,46480.89,'2015-07-13','2015-07-16 19:50:35','2015-07-17','2015-07-17 20:05:21'),(239,46480.89,'2015-07-17','2015-07-17 19:49:58','2015-07-18','2015-07-18 20:13:18'),(240,46480.89,'2015-07-15','2015-07-18 20:20:39','2015-07-19','2015-07-19 20:44:48'),(241,46468.35,'2015-07-19','2015-07-19 20:04:30','2015-07-20','2015-07-20 20:06:00'),(242,46579.73,'2015-07-18','2015-07-20 20:31:41','2015-07-21','2015-07-21 20:44:34'),(243,46666.23,'2015-07-20','2015-07-21 20:41:16','2015-07-22','2015-07-22 20:51:46'),(244,46666.23,'2015-07-19','2015-07-22 20:00:48','2015-07-23','2015-07-23 20:03:45'),(245,46716.56,'2015-07-22','2015-07-23 20:27:23','2015-07-24','2015-07-24 20:49:37'),(246,46733.84,'2015-07-23','2015-07-24 20:13:09','2015-07-25','2015-07-25 20:33:00'),(247,46769.64,'2015-07-25','2015-07-25 20:29:35','2015-07-26','2015-07-26 20:37:50'),(248,46886.72,'2015-07-25','2015-07-26 20:30:58','2015-07-27','2015-07-27 20:56:42'),(249,46976.36,'2015-07-24','2015-07-27 20:37:23','2015-07-28','2015-07-28 20:46:35'),(250,46976.36,'2015-07-25','2015-07-28 20:24:54','2015-07-29','2015-07-29 20:48:47'),(251,46994.92,'2015-07-26','2015-07-29 19:59:02','2015-07-30','2015-07-30 20:20:45'),(252,47139.18,'2015-07-29','2015-07-30 19:51:56','2015-07-31','2015-07-31 20:18:32'),(253,47139.18,'2015-07-28','2015-07-31 20:52:02','2015-08-01','2015-08-01 20:59:28'),(254,47119.25,'2015-07-31','2015-08-01 20:49:14','2015-08-02','2015-08-02 20:51:56'),(255,47196.10,'2015-08-01','2015-08-02 19:39:31','2015-08-03','2015-08-03 20:03:19'),(256,47143.31,'2015-08-02','2015-08-03 20:13:49','2015-08-04','2015-08-04 20:35:53'),(257,47143.31,'2015-08-02','2015-08-04 20:33:13','2015-08-05','2015-08-05 20:49:05'),(258,47159.34,'2015-08-04','2015-08-05 19:59:32','2015-08-06','2015-08-06 20:03:38'),(259,47130.61,'2015-08-04','2015-08-06 20:54:19','2015-08-07','2015-08-07 20:59:32'),(260,47130.61,'2015-08-06','2015-08-07 20:36:00','2015-08-08','2015-08-08 20:44:49'),(261,46919.59,'2015-08-08','2015-08-08 19:50:30','2015-08-09','2015-08-09 20:11:08'),(262,46919.59,'2015-08-08','2015-08-09 20:18:10','2015-08-10','2015-08-10 20:25:19'),(263,47022.34,'2015-08-08','2015-08-10 20:25:22','2015-08-11','2015-08-11 20:40:24'),(264,47127.16,'2015-08-09','2015-08-11 20:03:07','2015-08-12','2015-08-12 20:18:47'),(265,47302.69,'2015-08-10','2015-08-12 20:07:23','2015-08-13','2015-08-13 20:22:57'),(266,47468.54,'2015-08-10','2015-08-13 19:58:21','2015-08-14','2015-08-14 20:15:04'),(267,47469.05,'2015-08-12','2015-08-14 19:46:55','2015-08-15','2015-08-15 20:14:53'),(268,47677.81,'2015-08-14','2015-08-15 20:40:14','2015-08-16','2015-08-16 20:50:49'),(269,47653.16,'2015-08-13','2015-08-16 20:10:22','2015-08-17','2015-08-17 20:17:25'),(270,47653.16,'2015-08-14','2015-08-17 20:11:23','2015-08-18','2015-08-18 20:38:46'),(271,47653.16,'2015-08-16','2015-08-18 19:53:50','2015-08-19','2015-08-19 20:15:59'),(272,47675.79,'2015-08-17','2015-08-19 19:48:57','2015-08-20','2015-08-20 20:03:10'),(273,47697.01,'2015-08-18','2015-08-20 19:57:41','2015-08-21','2015-08-21 20:06:34'),(274,47792.37,'2015-08-21','2015-08-21 20:51:52','2015-08-22','2015-08-22 20:56:07'),(275,47856.76,'2015-08-19','2015-08-22 19:59:44','2015-08-23','2015-08-23 20:29:05'),(276,47856.76,'2015-08-23','2015-08-23 20:08:48','2015-08-24','2015-08-24 20:21:45'),(277,47856.76,'2015-08-23','2015-08-24 19:58:31','2015-08-25','2015-08-25 20:23:11'),(278,48050.95,'2015-08-23','2015-08-25 20:09:19','2015-08-26','2015-08-26 20:36:09'),(279,48151.03,'2015-08-24','2015-08-26 20:26:12','2015-08-27','2015-08-27 20:41:49'),(280,48151.03,'2015-08-25','2015-08-27 20:31:55','2015-08-28','2015-08-28 20:33:43'),(281,48159.55,'2015-08-26','2015-08-28 19:42:39','2015-08-29','2015-08-29 20:03:09'),(282,48197.94,'2015-08-26','2015-08-29 20:41:27','2015-08-30','2015-08-30 20:54:41'),(283,48201.40,'2015-08-27','2015-08-30 20:32:12','2015-08-31','2015-08-31 20:34:47'),(284,48290.12,'2015-08-30','2015-08-31 19:56:36','2015-09-01','2015-09-01 20:07:15'),(285,48105.20,'2015-08-31','2015-09-01 20:19:14','2015-09-02','2015-09-02 20:30:06'),(286,48105.20,'2015-09-02','2015-09-02 20:43:42','2015-09-03','2015-09-03 20:48:32'),(287,48129.97,'2015-09-02','2015-09-03 20:04:33','2015-09-04','2015-09-04 20:05:41'),(288,48129.97,'2015-09-03','2015-09-04 20:29:29','2015-09-05','2015-09-05 20:32:25'),(289,48144.10,'2015-09-05','2015-09-05 20:01:03','2015-09-06','2015-09-06 20:16:01'),(290,48144.10,'2015-09-04','2015-09-06 20:38:04','2015-09-07','2015-09-07 20:44:29'),(291,48144.10,'2015-09-06','2015-09-07 20:26:34','2015-09-08','2015-09-08 20:35:59'),(292,48039.46,'2015-09-06','2015-09-08 20:13:53','2015-09-09','2015-09-09 20:28:44'),(293,48102.26,'2015-09-06','2015-09-09 20:05:59','2015-09-10','2015-09-10 20:33:39'),(294,48102.26,'2015-09-09','2015-09-10 20:09:40','2015-09-11','2015-09-11 20:38:54'),(295,48247.21,'2015-09-11','2015-09-11 20:30:36','2015-09-12','2015-09-12 20:31:42'),(296,48340.98,'2015-09-12','2015-09-12 19:45:23','2015-09-13','2015-09-13 20:05:48'),(297,48340.98,'2015-09-10','2015-09-13 20:03:26','2015-09-14','2015-09-14 20:09:48'),(298,48487.70,'2015-09-11','2015-09-14 20:49:10','2015-09-15','2015-09-15 20:56:00'),(299,48487.46,'2015-09-13','2015-09-15 20:35:00','2015-09-16','2015-09-16 20:44:47'),(300,48603.49,'2015-09-16','2015-09-16 19:46:53','2015-09-17','2015-09-17 20:08:56'),(301,48520.80,'2015-09-16','2015-09-17 19:56:55','2015-09-18','2015-09-18 20:22:04'),(302,48520.80,'2015-09-17','2015-09-18 20:39:51','2015-09-19','2015-09-19 20:47:51'),(303,48622.67,'2015-09-18','2015-09-19 20:04:12','2015-09-20','2015-09-20 20:09:45'),(304,48840.23,'2015-09-19','2015-09-20 20:29:04','2015-09-21','2015-09-21 20:56:15'),(305,49002.36,'2015-09-19','2015-09-21 20:13:11','2015-09-22','2015-09-22 20:29:10'),(306,49234.12,'2015-09-20','2015-09-22 19:49:52','2015-09-23','2015-09-23 20:18:03'),(307,49234.12,'2015-09-23','2015-09-23 20:03:08','2015-09-24','2015-09-24 20:24:47'),(308,49234.12,'2015-09-23','2015-09-24 20:26:45','2015-09-25','2015-09-25 20:27:38'),(309,49224.78,'2015-09-24','2015-09-25 20:51:02','2015-09-26','2015-09-26 20:53:40'),(310,49371.29,'2015-09-25','2015-09-26 20:06:24','2015-09-27','2015-09-27 20:19:36'),(311,49371.29,'2015-09-25','2015-09-27 19:44:48','2015-09-28','2015-09-28 20:03:16'),(312,49371.29,'2015-09-26','2015-09-28 20:17:57','2015-09-29','2015-09-29 20:35:34'),(313,49196.55,'2015-09-26','2015-09-29 20:21:36','2015-09-30','2015-09-30 20:48:39'),(314,49338.97,'2015-09-27','2015-09-30 19:55:12','2015-10-01','2015-10-01 20:12:36'),(315,49540.17,'2015-10-01','2015-10-01 20:14:51','2015-10-02','2015-10-02 20:20:42'),(316,49540.17,'2015-09-30','2015-10-02 20:50:35','2015-10-03','2015-10-03 20:58:42'),(317,49647.93,'2015-10-01','2015-10-03 20:28:41','2015-10-04','2015-10-04 20:41:45'),(318,49690.01,'2015-10-03','2015-10-04 20:19:12','2015-10-05','2015-10-05 20:39:53'),(319,49851.71,'2015-10-03','2015-10-05 20:24:03','2015-10-06','2015-10-06 20:28:56'),(320,50052.77,'2015-10-05','2015-10-06 20:21:19','2015-10-07','2015-10-07 20:28:34'),(321,50301.86,'2015-10-05','2015-10-07 20:11:27','2015-10-08','2015-10-08 20:20:59'),(322,50301.86,'2015-10-07','2015-10-08 19:54:51','2015-10-09','2015-10-09 20:00:01'),(323,50217.48,'2015-10-09','2015-10-09 19:59:17','2015-10-10','2015-10-10 20:20:06'),(324,50217.48,'2015-10-07','2015-10-10 19:44:06','2015-10-11','2015-10-11 20:01:42'),(325,50154.44,'2015-10-11','2015-10-11 20:02:51','2015-10-12','2015-10-12 20:14:15'),(326,50154.44,'2015-10-11','2015-10-12 19:39:34','2015-10-13','2015-10-13 20:00:55'),(327,50154.44,'2015-10-12','2015-10-13 20:43:57','2015-10-14','2015-10-14 20:54:44'),(328,50068.87,'2015-10-14','2015-10-14 20:05:12','2015-10-15','2015-10-15 20:11:14'),(329,50066.43,'2015-10-14','2015-10-15 20:05:18','2015-10-16','2015-10-16 20:08:51'),(330,49933.81,'2015-10-14','2015-10-16 20:09:39','2015-10-17','2015-10-17 20:29:44'),(331,49841.35,'2015-10-17','2015-10-17 20:16:19','2015-10-18','2015-10-18 20:44:53'),(332,49857.49,'2015-10-15','2015-10-18 20:22:55','2015-10-19','2015-10-19 20:46:57'),(333,49730.99,'2015-10-17','2015-10-19 19:58:49','2015-10-20','2015-10-20 20:24:40'),(334,49654.64,'2015-10-20','2015-10-20 20:10:43','2015-10-21','2015-10-21 20:23:19'),(335,49654.64,'2015-10-18','2015-10-21 20:13:43','2015-10-22','2015-10-22 20:18:04'),(336,49686.08,'2015-10-20','2015-10-22 20:35:18','2015-10-23','2015-10-23 20:46:35'),(337,49522.53,'2015-10-23','2015-10-23 19:45:23','2015-10-24','2015-10-24 20:10:19'),(338,49436.01,'2015-10-22','2015-10-24 20:56:52','2015-10-25','2015-10-25 20:16:36'),(339,49857.59,'2015-10-22','2015-10-25 20:10:51','2015-10-26','2015-10-26 20:23:32'),(340,50016.66,'2015-10-25','2015-10-26 20:39:35','2015-10-27','2015-10-27 20:59:26'),(341,50084.53,'2015-10-24','2015-10-27 20:10:22','2015-10-28','2015-10-28 20:30:38'),(342,50021.76,'2015-10-28','2015-10-28 20:29:11','2015-10-29','2015-10-29 20:31:49'),(343,50021.76,'2015-10-28','2015-10-29 20:18:34','2015-10-30','2015-10-30 20:44:14'),(344,49999.75,'2015-10-29','2015-10-30 19:42:41','2015-10-31','2015-10-31 20:08:56'),(345,49824.87,'2015-10-31','2015-10-31 19:49:24','2015-11-01','2015-11-01 20:05:35'),(346,49616.16,'2015-10-31','2015-11-01 19:55:26','2015-11-02','2015-11-02 20:08:58'),(347,49616.16,'2015-11-01','2015-11-02 20:23:01','2015-11-03','2015-11-03 20:36:33'),(348,49616.16,'2015-10-31','2015-11-03 20:01:49','2015-11-04','2015-11-04 20:04:33'),(349,49578.44,'2015-11-03','2015-11-04 20:29:02','2015-11-05','2015-11-05 20:45:42'),(350,49578.44,'2015-11-05','2015-11-05 20:37:12','2015-11-06','2015-11-06 20:58:19'),(351,49578.44,'2015-11-04','2015-11-06 20:28:09','2015-11-07','2015-11-07 20:45:20'),(352,49530.87,'2015-11-05','2015-11-07 20:08:03','2015-11-08','2015-11-08 20:10:04'),(353,49665.61,'2015-11-05','2015-11-08 20:09:48','2015-11-09','2015-11-09 20:20:53'),(354,49674.41,'2015-11-07','2015-11-09 19:48:40','2015-11-10','2015-11-10 20:08:34'),(355,49866.29,'2015-11-08','2015-11-10 20:15:04','2015-11-11','2015-11-11 20:20:25'),(356,49678.70,'2015-11-09','2015-11-11 20:37:19','2015-11-12','2015-11-12 20:50:17'),(357,49733.40,'2015-11-11','2015-11-12 20:13:39','2015-11-13','2015-11-13 20:33:22'),(358,49772.58,'2015-11-12','2015-11-13 20:24:40','2015-11-14','2015-11-14 20:35:41'),(359,49861.07,'2015-11-14','2015-11-14 20:37:50','2015-11-15','2015-11-15 20:46:18'),(360,49862.82,'2015-11-14','2015-11-15 19:39:25','2015-11-16','2015-11-16 20:00:38'),(361,49862.82,'2015-11-16','2015-11-16 19:56:27','2015-11-17','2015-11-17 20:20:21'),(362,49843.46,'2015-11-14','2015-11-17 20:39:13','2015-11-18','2015-11-18 20:58:57'),(363,49843.46,'2015-11-16','2015-11-18 20:40:12','2015-11-19','2015-11-19 20:58:21'),(364,49848.06,'2015-11-18','2015-11-19 20:50:39','2015-11-20','2015-11-20 20:51:20'),(365,49860.51,'2015-11-20','2015-11-20 20:19:24','2015-11-21','2015-11-21 20:22:09');
/*!40000 ALTER TABLE `aegon_entry_log` ENABLE KEYS */;
UNLOCK TABLES;

--
-- Table structure for table `aegon_policy`
--

DROP TABLE IF EXISTS `aegon_policy`;
/*!40101 SET @saved_cs_client     = @@character_set_client */;
/*!40101 SET character_set_client = utf8 */;
CREATE TABLE `aegon_policy` (
  `id_policy` int(11) NOT NULL AUTO_INCREMENT,
  `current_balance` decimal(10,2) NOT NULL,
  `policy_name` varchar(100) NOT NULL,
  `policy_number` varchar(100) NOT NULL,
  `product_name` varchar(100) NOT NULL,
  PRIMARY KEY (`id_policy`),
  UNIQUE KEY `policy_number` (`policy_number`)
) ENGINE=InnoDB AUTO_INCREMENT=3 DEFAULT CHARSET=utf8;
/*!40101 SET character_set_client = @saved_cs_client */;

--
-- Dumping data for table `aegon_policy`
--

LOCK TABLES `aegon_policy` WRITE;
/*!40000 ALTER TABLE `aegon_policy` DISABLE KEYS */;
INSERT INTO `aegon_policy` VALUES (1,9468.57,'Moja emerytura','EFE2000203','AEGON Indywidualny Plan Finansowy Alfa'),(2,40391.94,'Nasza wspólność','EFE3050417','AEGON Plan Finansowy VIP Individual');
/*!40000 ALTER TABLE `aegon_policy` ENABLE KEYS */;
UNLOCK TABLES;

--
-- Table structure for table `aegon_policy_history`
--

DROP TABLE IF EXISTS `aegon_policy_history`;
/*!40101 SET @saved_cs_client     = @@character_set_client */;
/*!40101 SET character_set_client = utf8 */;
CREATE TABLE `aegon_policy_history` (
  `balance` decimal(10,2) NOT NULL,
  `id_entry_log` int(11) NOT NULL,
  `id_policy` int(11) NOT NULL,
  PRIMARY KEY (`id_entry_log`,`id_policy`),
  KEY `FK_aegon_policy_history_id_policy` (`id_policy`),
  CONSTRAINT `FK_aegon_policy_history_id_entry_log` FOREIGN KEY (`id_entry_log`) REFERENCES `aegon_entry_log` (`id_entry_log`),
  CONSTRAINT `FK_aegon_policy_history_id_policy` FOREIGN KEY (`id_policy`) REFERENCES `aegon_policy` (`id_policy`)
) ENGINE=InnoDB DEFAULT CHARSET=utf8;
/*!40101 SET character_set_client = @saved_cs_client */;

--
-- Dumping data for table `aegon_policy_history`
--

LOCK TABLES `aegon_policy_history` WRITE;
/*!40000 ALTER TABLE `aegon_policy_history` DISABLE KEYS */;
INSERT INTO `aegon_policy_history` VALUES (7686.59,1,1),(36422.00,1,2),(7659.47,2,1),(36422.00,2,2),(7659.47,3,1),(36496.48,3,2),(7681.06,4,1),(36496.48,4,2),(7681.06,5,1),(36496.48,5,2),(7681.06,6,1),(36467.24,6,2),(7681.06,7,1),(36537.46,7,2),(7661.09,8,1),(36537.46,8,2),(7661.09,9,1),(36435.16,9,2),(7661.09,10,1),(36435.16,10,2),(7616.11,11,1),(36435.16,11,2),(7616.11,12,1),(36435.16,12,2),(7616.11,13,1),(36477.55,13,2),(7548.64,14,1),(36477.55,14,2),(7546.14,15,1),(36477.55,15,2),(7546.14,16,1),(36677.61,16,2),(7546.14,17,1),(36854.81,17,2),(7591.21,18,1),(36854.81,18,2),(7591.21,19,1),(36854.81,19,2),(7591.21,20,1),(36854.81,20,2),(7591.21,21,1),(36736.13,21,2),(7871.18,22,1),(36722.11,22,2),(7871.18,23,1),(36722.11,23,2),(7871.18,24,1),(36665.08,24,2),(7823.01,25,1),(36534.50,25,2),(7743.06,26,1),(36426.26,26,2),(7743.06,27,1),(36426.26,27,2),(7743.06,28,1),(36511.32,28,2),(7743.06,29,1),(36511.32,29,2),(7758.08,30,1),(36511.32,30,2),(7758.08,31,1),(36511.32,31,2),(7758.08,32,1),(36588.65,32,2),(7758.08,33,1),(36674.36,33,2),(7946.30,34,1),(36862.56,34,2),(7946.30,35,1),(36862.56,35,2),(7946.30,36,1),(36899.39,36,2),(7946.30,37,1),(36899.39,37,2),(7698.42,38,1),(36813.85,38,2),(7698.42,39,1),(36852.63,39,2),(7698.42,40,1),(36852.63,40,2),(7698.42,41,1),(36852.63,41,2),(7571.20,42,1),(36852.63,42,2),(7571.20,43,1),(37207.25,43,2),(7571.20,44,1),(37207.25,44,2),(7661.90,45,1),(37207.25,45,2),(7661.90,46,1),(37129.00,46,2),(7661.90,47,1),(37129.00,47,2),(7661.90,48,1),(37129.00,48,2),(7703.23,49,1),(37199.95,49,2),(7703.23,50,1),(37199.95,50,2),(7657.57,51,1),(37180.53,51,2),(7657.57,52,1),(37180.53,52,2),(7657.57,53,1),(37461.13,53,2),(7657.57,54,1),(37405.68,54,2),(7699.77,55,1),(37291.21,55,2),(7600.45,56,1),(37291.21,56,2),(7600.45,57,1),(37291.21,57,2),(7600.45,58,1),(37291.21,58,2),(7872.88,59,1),(37190.03,59,2),(7872.88,60,1),(37190.03,60,2),(7872.88,61,1),(37190.03,61,2),(8063.73,62,1),(37190.03,62,2),(8063.73,63,1),(37263.87,63,2),(8063.73,64,1),(37263.87,64,2),(8063.73,65,1),(37263.87,65,2),(8195.48,66,1),(37223.11,66,2),(8195.48,67,1),(37223.11,67,2),(8195.48,68,1),(37223.11,68,2),(8195.48,69,1),(37552.70,69,2),(8210.21,70,1),(37672.54,70,2),(8210.21,71,1),(37672.54,71,2),(8206.07,72,1),(37672.54,72,2),(8206.07,73,1),(37721.23,73,2),(8167.38,74,1),(37721.23,74,2),(8170.27,75,1),(37800.22,75,2),(8170.27,76,1),(37919.81,76,2),(8170.27,77,1),(37919.81,77,2),(8170.27,78,1),(37919.81,78,2),(7952.81,79,1),(37919.81,79,2),(7952.81,80,1),(37798.78,80,2),(7952.81,81,1),(37753.90,81,2),(7860.78,82,1),(37753.90,82,2),(7967.06,83,1),(37835.09,83,2),(7967.06,84,1),(37835.09,84,2),(7967.06,85,1),(37835.09,85,2),(7981.99,86,1),(37835.09,86,2),(8030.92,87,1),(38001.32,87,2),(8030.92,88,1),(38001.32,88,2),(8062.48,89,1),(38001.32,89,2),(8062.48,90,1),(38001.32,90,2),(8062.48,91,1),(37869.15,91,2),(8061.54,92,1),(37869.15,92,2),(8243.95,93,1),(37869.15,93,2),(8243.95,94,1),(37822.27,94,2),(8243.95,95,1),(37822.27,95,2),(8250.21,96,1),(37822.27,96,2),(8002.28,97,1),(37767.81,97,2),(8002.28,98,1),(37366.56,98,2),(7972.50,99,1),(37366.56,99,2),(8073.90,100,1),(37224.18,100,2),(8073.90,101,1),(37148.16,101,2),(8073.90,102,1),(37148.16,102,2),(8073.90,103,1),(37148.16,103,2),(8166.40,104,1),(37185.99,104,2),(8166.40,105,1),(37185.99,105,2),(8166.40,106,1),(37185.99,106,2),(8166.40,107,1),(37144.60,107,2),(8185.35,108,1),(37144.60,108,2),(8185.35,109,1),(37144.60,109,2),(8243.19,110,1),(37246.82,110,2),(8161.22,111,1),(37242.72,111,2),(8083.71,112,1),(37153.61,112,2),(8083.71,113,1),(37153.61,113,2),(8083.71,114,1),(37354.73,114,2),(8083.71,115,1),(37354.73,115,2),(7757.98,116,1),(37354.73,116,2),(7757.98,117,1),(37354.73,117,2),(7757.98,118,1),(37615.51,118,2),(7652.76,119,1),(37585.86,119,2),(7636.71,120,1),(37642.46,120,2),(7636.71,121,1),(37642.46,121,2),(7636.71,122,1),(37556.98,122,2),(7636.71,123,1),(37556.98,123,2),(7811.48,124,1),(37595.90,124,2),(7811.48,125,1),(37595.90,125,2),(7811.48,126,1),(37595.90,126,2),(7811.48,127,1),(37595.90,127,2),(7888.11,128,1),(37923.35,128,2),(7888.11,129,1),(37923.35,129,2),(7888.11,130,1),(37923.35,130,2),(8034.80,131,1),(38100.52,131,2),(8034.80,132,1),(38121.98,132,2),(8034.80,133,1),(38121.98,133,2),(8034.80,134,1),(38148.52,134,2),(8011.81,135,1),(38148.52,135,2),(8011.81,136,1),(38148.52,136,2),(8011.81,137,1),(38174.24,137,2),(8011.81,138,1),(38229.00,138,2),(8098.48,139,1),(38229.00,139,2),(8082.07,140,1),(38229.00,140,2),(8015.60,141,1),(38229.00,141,2),(8086.87,142,1),(38214.86,142,2),(7990.56,143,1),(38214.86,143,2),(7789.21,144,1),(38097.98,144,2),(7789.21,145,1),(38197.91,145,2),(7809.21,146,1),(38197.91,146,2),(7809.21,147,1),(38334.66,147,2),(7954.84,148,1),(38258.87,148,2),(7954.84,149,1),(38263.82,149,2),(7954.84,150,1),(38325.63,150,2),(7916.45,151,1),(38325.63,151,2),(7916.45,152,1),(38353.54,152,2),(8145.95,153,1),(38353.54,153,2),(8145.95,154,1),(38353.54,154,2),(8132.78,155,1),(38353.54,155,2),(8064.22,156,1),(38034.42,156,2),(8064.22,157,1),(37865.27,157,2),(8059.24,158,1),(37865.27,158,2),(8029.21,159,1),(37865.27,159,2),(8029.21,160,1),(37791.91,160,2),(8054.62,161,1),(37518.70,161,2),(8054.62,162,1),(37518.70,162,2),(8054.62,163,1),(37546.13,163,2),(8068.98,164,1),(37453.05,164,2),(8068.98,165,1),(37453.05,165,2),(7991.01,166,1),(37453.05,166,2),(7874.98,167,1),(37453.05,167,2),(7874.98,168,1),(37328.40,168,2),(7874.98,169,1),(37505.89,169,2),(7845.38,170,1),(37826.27,170,2),(7845.38,171,1),(37826.27,171,2),(7845.38,172,1),(37939.67,172,2),(7845.38,173,1),(37893.77,173,2),(7862.58,174,1),(37893.77,174,2),(7831.71,175,1),(37893.77,175,2),(7831.71,176,1),(38161.19,176,2),(7831.71,177,1),(38314.53,177,2),(7831.71,178,1),(38314.53,178,2),(7769.59,179,1),(38314.53,179,2),(7756.82,180,1),(38382.44,180,2),(7756.82,181,1),(38382.44,181,2),(7640.52,182,1),(38382.44,182,2),(7640.52,183,1),(38382.44,183,2),(7640.52,184,1),(38723.91,184,2),(7640.52,185,1),(38723.91,185,2),(7629.66,186,1),(38657.49,186,2),(7629.66,187,1),(38657.49,187,2),(7629.66,188,1),(38657.49,188,2),(7629.66,189,1),(38657.49,189,2),(7534.48,190,1),(38585.71,190,2),(7534.48,191,1),(38585.71,191,2),(7534.48,192,1),(38585.71,192,2),(7534.48,193,1),(38585.71,193,2),(7583.67,194,1),(38321.53,194,2),(7512.24,195,1),(38676.17,195,2),(7512.24,196,1),(38676.17,196,2),(7512.24,197,1),(38729.28,197,2),(7512.24,198,1),(38729.28,198,2),(7763.08,199,1),(38630.36,199,2),(7763.08,200,1),(38547.67,200,2),(7763.08,201,1),(38329.59,201,2),(7763.08,202,1),(38329.59,202,2),(7725.53,203,1),(38417.07,203,2),(7798.02,204,1),(38417.07,204,2),(7926.34,205,1),(38417.07,205,2),(8114.81,206,1),(38436.40,206,2),(8114.81,207,1),(38436.40,207,2),(8150.50,208,1),(38527.05,208,2),(8231.35,209,1),(38527.05,209,2),(8231.35,210,1),(38527.05,210,2),(8231.35,211,1),(38527.05,211,2),(8231.35,212,1),(38678.66,212,2),(8106.32,213,1),(38571.06,213,2),(8106.32,214,1),(38571.06,214,2),(8106.32,215,1),(38571.06,215,2),(8106.32,216,1),(38571.06,216,2),(8012.25,217,1),(38443.64,217,2),(7901.96,218,1),(38443.64,218,2),(7819.44,219,1),(38443.64,219,2),(7793.94,220,1),(38443.64,220,2),(7902.83,221,1),(38429.14,221,2),(7902.83,222,1),(38429.14,222,2),(7717.88,223,1),(38429.14,223,2),(7707.99,224,1),(38429.14,224,2),(7557.13,225,1),(38331.60,225,2),(7557.13,226,1),(38331.60,226,2),(7557.13,227,1),(38331.60,227,2),(7678.35,228,1),(38331.60,228,2),(7678.35,229,1),(38522.54,229,2),(7678.35,230,1),(38390.32,230,2),(7678.35,231,1),(38611.43,231,2),(7640.13,232,1),(38611.43,232,2),(7707.59,233,1),(38611.43,233,2),(7781.83,234,1),(38611.43,234,2),(7781.83,235,1),(38613.84,235,2),(7781.83,236,1),(38613.84,236,2),(7781.83,237,1),(38613.84,237,2),(7819.63,238,1),(38661.26,238,2),(7819.63,239,1),(38661.26,239,2),(7819.63,240,1),(38661.26,240,2),(7807.09,241,1),(38661.26,241,2),(7720.99,242,1),(38858.74,242,2),(7720.99,243,1),(38945.24,243,2),(7720.99,244,1),(38945.24,244,2),(7771.32,245,1),(38945.24,245,2),(7788.60,246,1),(38945.24,246,2),(7788.60,247,1),(38981.04,247,2),(7788.60,248,1),(39098.12,248,2),(7878.24,249,1),(39098.12,249,2),(7878.24,250,1),(39098.12,250,2),(7896.80,251,1),(39098.12,251,2),(7934.54,252,1),(39204.64,252,2),(7934.54,253,1),(39204.64,253,2),(7914.61,254,1),(39204.64,254,2),(7991.46,255,1),(39204.64,255,2),(7991.46,256,1),(39151.85,256,2),(7991.46,257,1),(39151.85,257,2),(7991.46,258,1),(39167.88,258,2),(7962.73,259,1),(39167.88,259,2),(7962.73,260,1),(39167.88,260,2),(7962.73,261,1),(38956.86,261,2),(7962.73,262,1),(38956.86,262,2),(8065.48,263,1),(38956.86,263,2),(8170.30,264,1),(38956.86,264,2),(8170.30,265,1),(39132.39,265,2),(8170.30,266,1),(39298.24,266,2),(8170.81,267,1),(39298.24,267,2),(8170.81,268,1),(39507.00,268,2),(8146.16,269,1),(39507.00,269,2),(8146.16,270,1),(39507.00,270,2),(8146.16,271,1),(39507.00,271,2),(8146.16,272,1),(39529.63,272,2),(8167.38,273,1),(39529.63,273,2),(8252.82,274,1),(39539.55,274,2),(8317.21,275,1),(39539.55,275,2),(8317.21,276,1),(39539.55,276,2),(8317.21,277,1),(39539.55,277,2),(8317.21,278,1),(39733.74,278,2),(8417.29,279,1),(39733.74,279,2),(8417.29,280,1),(39733.74,280,2),(8425.81,281,1),(39733.74,281,2),(8425.81,282,1),(39772.13,282,2),(8429.27,283,1),(39772.13,283,2),(8517.99,284,1),(39772.13,284,2),(8517.99,285,1),(39587.21,285,2),(8517.99,286,1),(39587.21,286,2),(8542.76,287,1),(39587.21,287,2),(8542.76,288,1),(39587.21,288,2),(8601.25,289,1),(39542.85,289,2),(8601.25,290,1),(39542.85,290,2),(8601.25,291,1),(39542.85,291,2),(8496.61,292,1),(39542.85,292,2),(8496.61,293,1),(39605.65,293,2),(8496.61,294,1),(39605.65,294,2),(8654.80,295,1),(39592.41,295,2),(8748.57,296,1),(39592.41,296,2),(8748.57,297,1),(39592.41,297,2),(8895.29,298,1),(39592.41,298,2),(8895.29,299,1),(39592.17,299,2),(9059.13,300,1),(39544.36,300,2),(8976.44,301,1),(39544.36,301,2),(8976.44,302,1),(39544.36,302,2),(8976.44,303,1),(39646.23,303,2),(8976.44,304,1),(39863.79,304,2),(9053.87,305,1),(39948.49,305,2),(9285.63,306,1),(39948.49,306,2),(9285.63,307,1),(39948.49,307,2),(9285.63,308,1),(39948.49,308,2),(9285.63,309,1),(39939.15,309,2),(9345.02,310,1),(40026.27,310,2),(9345.02,311,1),(40026.27,311,2),(9345.02,312,1),(40026.27,312,2),(9345.02,313,1),(39851.53,313,2),(9235.92,314,1),(40103.05,314,2),(9235.92,315,1),(40304.25,315,2),(9235.92,316,1),(40304.25,316,2),(9343.68,317,1),(40304.25,317,2),(9343.68,318,1),(40346.33,318,2),(9505.38,319,1),(40346.33,319,2),(9505.38,320,1),(40547.39,320,2),(9579.79,321,1),(40722.07,321,2),(9579.79,322,1),(40722.07,322,2),(9495.41,323,1),(40722.07,323,2),(9495.41,324,1),(40722.07,324,2),(9627.95,325,1),(40526.49,325,2),(9627.95,326,1),(40526.49,326,2),(9627.95,327,1),(40526.49,327,2),(9668.96,328,1),(40399.91,328,2),(9668.96,329,1),(40397.47,329,2),(9668.96,330,1),(40264.85,330,2),(9576.50,331,1),(40264.85,331,2),(9592.64,332,1),(40264.85,332,2),(9514.42,333,1),(40216.57,333,2),(9514.42,334,1),(40140.22,334,2),(9514.42,335,1),(40140.22,335,2),(9514.42,336,1),(40171.66,336,2),(9350.87,337,1),(40171.66,337,2),(9350.87,338,1),(40085.14,338,2),(9550.23,339,1),(40307.36,339,2),(9550.23,340,1),(40466.43,340,2),(9618.10,341,1),(40466.43,341,2),(9541.14,342,1),(40480.62,342,2),(9541.14,343,1),(40480.62,343,2),(9519.13,344,1),(40480.62,344,2),(9344.25,345,1),(40480.62,345,2),(9344.25,346,1),(40271.91,346,2),(9344.25,347,1),(40271.91,347,2),(9344.25,348,1),(40271.91,348,2),(9296.28,349,1),(40282.16,349,2),(9296.28,350,1),(40282.16,350,2),(9296.28,351,1),(40282.16,351,2),(9248.71,352,1),(40282.16,352,2),(9248.71,353,1),(40416.90,353,2),(9257.51,354,1),(40416.90,354,2),(9449.39,355,1),(40416.90,355,2),(9381.60,356,1),(40297.10,356,2),(9436.30,357,1),(40297.10,357,2),(9475.48,358,1),(40297.10,358,2),(9475.48,359,1),(40385.59,359,2),(9475.48,360,1),(40387.34,360,2),(9475.48,361,1),(40387.34,361,2),(9456.12,362,1),(40387.34,362,2),(9456.12,363,1),(40387.34,363,2),(9456.12,364,1),(40391.94,364,2),(9468.57,365,1),(40391.94,365,2);
/*!40000 ALTER TABLE `aegon_policy_history` ENABLE KEYS */;
UNLOCK TABLES;

--
-- Table structure for table `aegon_sub_account`
--

DROP TABLE IF EXISTS `aegon_sub_account`;
/*!40101 SET @saved_cs_client     = @@character_set_client */;
/*!40101 SET character_set_client = utf8 */;
CREATE TABLE `aegon_sub_account` (
  `id_sub_account` int(11) NOT NULL AUTO_INCREMENT,
  `current_balance` decimal(10,2) NOT NULL,
  `sub_account_name` varchar(100) NOT NULL,
  `id_policy` int(11) NOT NULL,
  PRIMARY KEY (`id_sub_account`),
  KEY `FK_aegon_sub_account_id_policy` (`id_policy`),
  CONSTRAINT `FK_aegon_sub_account_id_policy` FOREIGN KEY (`id_policy`) REFERENCES `aegon_policy` (`id_policy`)
) ENGINE=InnoDB AUTO_INCREMENT=6 DEFAULT CHARSET=utf8;
/*!40101 SET character_set_client = @saved_cs_client */;

--
-- Dumping data for table `aegon_sub_account`
--

LOCK TABLES `aegon_sub_account` WRITE;
/*!40000 ALTER TABLE `aegon_sub_account` DISABLE KEYS */;
INSERT INTO `aegon_sub_account` VALUES (1,8174.09,'Subkonto Składek Regularnych',1),(2,1294.48,'Subkonto Składek Dodatkowych',1),(3,16263.67,'Subkonto Składek Regularnych',2),(4,12975.78,'Subkonto Składek Dodatkowych',2),(5,11152.49,'Subkonto Składek Nieopodatkowanych',2);
/*!40000 ALTER TABLE `aegon_sub_account` ENABLE KEYS */;
UNLOCK TABLES;

--
-- Table structure for table `aegon_sub_account_balance_history`
--

DROP TABLE IF EXISTS `aegon_sub_account_balance_history`;
/*!40101 SET @saved_cs_client     = @@character_set_client */;
/*!40101 SET character_set_client = utf8 */;
CREATE TABLE `aegon_sub_account_balance_history` (
  `id_sub_account_balance_history` int(11) NOT NULL AUTO_INCREMENT,
  `ufk_invest_unit_collect_value` decimal(10,2) NOT NULL,
  `ufk_invest_unit_count` double NOT NULL,
  `ufk_invest_unit_value` double NOT NULL,
  `ufk_name` varchar(100) NOT NULL,
  `id_entry_log` int(11) DEFAULT NULL,
  `id_sub_account` int(11) DEFAULT NULL,
  PRIMARY KEY (`id_sub_account_balance_history`),
  KEY `FK_aegon_sub_account_balance_history_id_entry_log` (`id_entry_log`),
  KEY `aegon_sub_account_balance_history_id_sub_account` (`id_sub_account`),
  CONSTRAINT `FK_aegon_sub_account_balance_history_id_entry_log` FOREIGN KEY (`id_entry_log`) REFERENCES `aegon_entry_log` (`id_entry_log`),
  CONSTRAINT `aegon_sub_account_balance_history_id_sub_account` FOREIGN KEY (`id_sub_account`) REFERENCES `aegon_sub_account` (`id_sub_account`)
) ENGINE=InnoDB AUTO_INCREMENT=3286 DEFAULT CHARSET=utf8;
/*!40101 SET character_set_client = @saved_cs_client */;

--
-- Dumping data for table `aegon_sub_account_balance_history`
--

LOCK TABLES `aegon_sub_account_balance_history` WRITE;
/*!40000 ALTER TABLE `aegon_sub_account_balance_history` DISABLE KEYS */;
INSERT INTO `aegon_sub_account_balance_history` VALUES (1,4722.16,391.731005,12.05,'UFK - Alfa Kapitałowy 1 (PLN)',1,1),(2,1500.90,129.779507,11.57,'UFK - Alfa Regularny 1 (PLN)',1,1),(3,1463.53,121.430361,12.05,'UFK - Alfa Kapitałowy 1 (PLN)',1,2),(4,2028.82,133.261243,15.22,'UFK - Alfa Kapitałowy 1 (PLN)',1,3),(5,896.89,73.836338,12.15,'UFK - Alfa Regularny 1 (PLN)',1,3),(6,11303.49,804.075954,14.06,'UFK - Rynek Obligacyjno-Pieniężny (PLN)',1,3),(7,6157.96,403.933093,15.25,'UFK - Alfa Kapitałowy 1 (PLN)',1,4),(8,5456.99,448.586443,12.16,'UFK - Alfa Regularny 1 (PLN)',1,4),(9,11340.88,743.324232,15.26,'UFK - Alfa Kapitałowy 1 (PLN)',1,5),(10,4696.80,390.099668,12.04,'UFK - Alfa Kapitałowy 1 (PLN)',2,1),(11,1469.19,125.679213,11.69,'UFK - Alfa Regularny 1 (PLN)',2,1),(12,1493.48,123.809481,12.06,'UFK - Alfa Kapitałowy 1 (PLN)',2,2),(13,2028.82,133.488275,15.2,'UFK - Alfa Kapitałowy 1 (PLN)',2,3),(14,896.89,73.756444,12.16,'UFK - Alfa Regularny 1 (PLN)',2,3),(15,11303.49,805.321317,14.04,'UFK - Rynek Obligacyjno-Pieniężny (PLN)',2,3),(16,6157.96,404.311964,15.23,'UFK - Alfa Kapitałowy 1 (PLN)',2,4),(17,5456.99,448.630347,12.16,'UFK - Alfa Regularny 1 (PLN)',2,4),(18,11340.88,748.584702,15.15,'UFK - Alfa Kapitałowy 1 (PLN)',2,5),(19,4696.80,388.445161,12.09,'UFK - Alfa Kapitałowy 1 (PLN)',3,1),(20,1469.19,125.540643,11.7,'UFK - Alfa Regularny 1 (PLN)',3,1),(21,1493.48,125.344524,11.92,'UFK - Alfa Kapitałowy 1 (PLN)',3,2),(22,2027.38,132.779179,15.27,'UFK - Alfa Kapitałowy 1 (PLN)',3,3),(23,954.36,78.567548,12.15,'UFK - Alfa Regularny 1 (PLN)',3,3),(24,11339.06,807.141166,14.05,'UFK - Rynek Obligacyjno-Pieniężny (PLN)',3,3),(25,6177.06,405.185963,15.25,'UFK - Alfa Kapitałowy 1 (PLN)',3,4),(26,5436.05,446.255198,12.18,'UFK - Alfa Regularny 1 (PLN)',3,4),(27,11285.56,740.963996,15.23,'UFK - Alfa Kapitałowy 1 (PLN)',3,5),(28,4770.53,396.651272,12.03,'UFK - Alfa Kapitałowy 1 (PLN)',4,1),(29,1471.12,125.735116,11.7,'UFK - Alfa Regularny 1 (PLN)',4,1),(30,1439.41,119.687575,12.03,'UFK - Alfa Kapitałowy 1 (PLN)',4,2),(31,2027.38,133.113098,15.23,'UFK - Alfa Kapitałowy 1 (PLN)',4,3),(32,954.36,78.496142,12.16,'UFK - Alfa Regularny 1 (PLN)',4,3),(33,11339.06,808.661296,14.02,'UFK - Rynek Obligacyjno-Pieniężny (PLN)',4,3),(34,6177.06,405.661131,15.23,'UFK - Alfa Kapitałowy 1 (PLN)',4,4),(35,5436.05,447.988865,12.13,'UFK - Alfa Regularny 1 (PLN)',4,4),(36,11285.56,740.79638,15.23,'UFK - Alfa Kapitałowy 1 (PLN)',4,5),(37,4770.53,396.223422,12.04,'UFK - Alfa Kapitałowy 1 (PLN)',5,1),(38,1471.12,125.518939,11.72,'UFK - Alfa Regularny 1 (PLN)',5,1),(39,1439.41,119.552326,12.04,'UFK - Alfa Kapitałowy 1 (PLN)',5,2),(40,2027.38,132.852484,15.26,'UFK - Alfa Kapitałowy 1 (PLN)',5,3),(41,954.36,79.335938,12.03,'UFK - Alfa Regularny 1 (PLN)',5,3),(42,11339.06,807.855514,14.04,'UFK - Rynek Obligacyjno-Pieniężny (PLN)',5,3),(43,6177.06,405.185963,15.25,'UFK - Alfa Kapitałowy 1 (PLN)',5,4),(44,5436.05,447.522022,12.15,'UFK - Alfa Regularny 1 (PLN)',5,4),(45,11285.56,743.893949,15.17,'UFK - Alfa Kapitałowy 1 (PLN)',5,5),(46,4770.53,396.223422,12.04,'UFK - Alfa Kapitałowy 1 (PLN)',6,1),(47,1471.12,125.987058,11.68,'UFK - Alfa Regularny 1 (PLN)',6,1),(48,1439.41,119.552326,12.04,'UFK - Alfa Kapitałowy 1 (PLN)',6,2),(49,2093.74,137.054056,15.28,'UFK - Alfa Kapitałowy 1 (PLN)',6,3),(50,937.88,77.283965,12.14,'UFK - Alfa Regularny 1 (PLN)',6,3),(51,11412.67,813.099886,14.04,'UFK - Rynek Obligacyjno-Pieniężny (PLN)',6,3),(52,6129.47,401.756058,15.26,'UFK - Alfa Kapitałowy 1 (PLN)',6,4),(53,5445.82,448.326336,12.15,'UFK - Alfa Regularny 1 (PLN)',6,4),(54,11228.01,736.504428,15.25,'UFK - Alfa Kapitałowy 1 (PLN)',6,5),(55,4770.53,394.827974,12.08,'UFK - Alfa Kapitałowy 1 (PLN)',7,1),(56,1471.12,125.844311,11.69,'UFK - Alfa Regularny 1 (PLN)',7,1),(57,1439.41,119.29159,12.07,'UFK - Alfa Kapitałowy 1 (PLN)',7,2),(58,2167.90,142.387137,15.23,'UFK - Alfa Kapitałowy 1 (PLN)',7,3),(59,960.55,79.077138,12.15,'UFK - Alfa Regularny 1 (PLN)',7,3),(60,11486.07,819.023959,14.02,'UFK - Rynek Obligacyjno-Pieniężny (PLN)',7,3),(61,6105.10,398.455205,15.32,'UFK - Alfa Kapitałowy 1 (PLN)',7,4),(62,5445.82,448.80308,12.13,'UFK - Alfa Regularny 1 (PLN)',7,4),(63,11176.74,733.141358,15.25,'UFK - Alfa Kapitałowy 1 (PLN)',7,5),(64,4819.35,393.737745,12.24,'UFK - Alfa Kapitałowy 1 (PLN)',8,1),(65,1456.89,124.627032,11.69,'UFK - Alfa Regularny 1 (PLN)',8,1),(66,1384.85,114.230135,12.12,'UFK - Alfa Kapitałowy 1 (PLN)',8,2),(67,2167.90,142.204001,15.25,'UFK - Alfa Kapitałowy 1 (PLN)',8,3),(68,960.55,79.077138,12.15,'UFK - Alfa Regularny 1 (PLN)',8,3),(69,11486.07,828.163094,13.87,'UFK - Rynek Obligacyjno-Pieniężny (PLN)',8,3),(70,6105.10,401.459456,15.21,'UFK - Alfa Kapitałowy 1 (PLN)',8,4),(71,5445.82,442.719138,12.3,'UFK - Alfa Regularny 1 (PLN)',8,4),(72,11176.74,735.109509,15.2,'UFK - Alfa Kapitałowy 1 (PLN)',8,5),(73,4819.35,400.278239,12.04,'UFK - Alfa Kapitałowy 1 (PLN)',9,1),(74,1456.89,124.627032,11.69,'UFK - Alfa Regularny 1 (PLN)',9,1),(75,1384.85,114.918133,12.05,'UFK - Alfa Kapitałowy 1 (PLN)',9,2),(76,2168.08,142.057871,15.26,'UFK - Alfa Kapitałowy 1 (PLN)',9,3),(77,920.79,75.704185,12.16,'UFK - Alfa Regularny 1 (PLN)',9,3),(78,11457.81,817.934626,14.01,'UFK - Rynek Obligacyjno-Pieniężny (PLN)',9,3),(79,6194.32,406.318137,15.25,'UFK - Alfa Kapitałowy 1 (PLN)',9,4),(80,5413.41,444.068714,12.19,'UFK - Alfa Regularny 1 (PLN)',9,4),(81,10963.84,720.102306,15.23,'UFK - Alfa Kapitałowy 1 (PLN)',9,5),(82,4819.35,399.715545,12.06,'UFK - Alfa Kapitałowy 1 (PLN)',10,1),(83,1456.89,124.347109,11.72,'UFK - Alfa Regularny 1 (PLN)',10,1),(84,1384.85,115.164601,12.02,'UFK - Alfa Kapitałowy 1 (PLN)',10,2),(85,2168.08,142.102135,15.26,'UFK - Alfa Kapitałowy 1 (PLN)',10,3),(86,920.79,75.559962,12.19,'UFK - Alfa Regularny 1 (PLN)',10,3),(87,11457.81,817.021466,14.02,'UFK - Rynek Obligacyjno-Pieniężny (PLN)',10,3),(88,6194.32,405.993366,15.26,'UFK - Alfa Kapitałowy 1 (PLN)',10,4),(89,5435.34,448.312013,12.12,'UFK - Alfa Regularny 1 (PLN)',10,4),(90,10963.84,725.979095,15.1,'UFK - Alfa Kapitałowy 1 (PLN)',10,5),(91,4876.40,405.440189,12.03,'UFK - Alfa Kapitałowy 1 (PLN)',11,1),(92,1427.98,122.153978,11.69,'UFK - Alfa Regularny 1 (PLN)',11,1),(93,1311.73,109.087065,12.02,'UFK - Alfa Kapitałowy 1 (PLN)',11,2),(94,2168.08,142.215808,15.25,'UFK - Alfa Kapitałowy 1 (PLN)',11,3),(95,920.79,75.803902,12.15,'UFK - Alfa Regularny 1 (PLN)',11,3),(96,11457.81,813.418288,14.09,'UFK - Rynek Obligacyjno-Pieniężny (PLN)',11,3),(97,6194.32,406.318137,15.25,'UFK - Alfa Kapitałowy 1 (PLN)',11,4),(98,5435.34,445.795388,12.19,'UFK - Alfa Regularny 1 (PLN)',11,4),(99,10963.84,718.067844,15.27,'UFK - Alfa Kapitałowy 1 (PLN)',11,5),(100,4876.40,405.016611,12.04,'UFK - Alfa Kapitałowy 1 (PLN)',12,1),(101,1427.98,122.854603,11.62,'UFK - Alfa Regularny 1 (PLN)',12,1),(102,1311.73,108.832525,12.05,'UFK - Alfa Kapitałowy 1 (PLN)',12,2),(103,2168.08,142.387183,15.23,'UFK - Alfa Kapitałowy 1 (PLN)',12,3),(104,920.79,75.737922,12.16,'UFK - Alfa Regularny 1 (PLN)',12,3),(105,11457.81,816.315902,14.04,'UFK - Rynek Obligacyjno-Pieniężny (PLN)',12,3),(106,6194.32,404.013669,15.33,'UFK - Alfa Kapitałowy 1 (PLN)',12,4),(107,5435.34,447.463571,12.15,'UFK - Alfa Regularny 1 (PLN)',12,4),(108,10963.84,719.176123,15.25,'UFK - Alfa Kapitałowy 1 (PLN)',12,5),(109,4876.40,405.016611,12.04,'UFK - Alfa Kapitałowy 1 (PLN)',13,1),(110,1427.98,122.321398,11.67,'UFK - Alfa Regularny 1 (PLN)',13,1),(111,1311.73,109.063808,12.03,'UFK - Alfa Kapitałowy 1 (PLN)',13,2),(112,2174.49,142.924742,15.21,'UFK - Alfa Kapitałowy 1 (PLN)',13,3),(113,923.31,76.088694,12.13,'UFK - Alfa Regularny 1 (PLN)',13,3),(114,11554.81,822.325366,14.05,'UFK - Rynek Obligacyjno-Pieniężny (PLN)',13,3),(115,6191.98,406.542904,15.23,'UFK - Alfa Kapitałowy 1 (PLN)',13,4),(116,5393.67,445.19661,12.12,'UFK - Alfa Regularny 1 (PLN)',13,4),(117,10904.98,714.836717,15.26,'UFK - Alfa Kapitałowy 1 (PLN)',13,5),(118,4948.39,410.50527,12.05,'UFK - Alfa Kapitałowy 1 (PLN)',14,1),(119,1414.34,121.159909,11.67,'UFK - Alfa Regularny 1 (PLN)',14,1),(120,1185.91,98.780417,12.01,'UFK - Alfa Kapitałowy 1 (PLN)',14,2),(121,2174.49,142.900319,15.22,'UFK - Alfa Kapitałowy 1 (PLN)',14,3),(122,923.31,75.911371,12.16,'UFK - Alfa Regularny 1 (PLN)',14,3),(123,11554.81,823.979327,14.02,'UFK - Rynek Obligacyjno-Pieniężny (PLN)',14,3),(124,6191.98,405.823361,15.26,'UFK - Alfa Kapitałowy 1 (PLN)',14,4),(125,5338.02,439.885411,12.14,'UFK - Alfa Regularny 1 (PLN)',14,4),(126,10904.98,715.315185,15.25,'UFK - Alfa Kapitałowy 1 (PLN)',14,5),(127,4994.39,412.856991,12.1,'UFK - Alfa Kapitałowy 1 (PLN)',15,1),(128,1451.45,124.924997,11.62,'UFK - Alfa Regularny 1 (PLN)',15,1),(129,1100.30,91.89588,11.97,'UFK - Alfa Kapitałowy 1 (PLN)',15,2),(130,2174.49,142.844495,15.22,'UFK - Alfa Kapitałowy 1 (PLN)',15,3),(131,923.31,76.011361,12.15,'UFK - Alfa Regularny 1 (PLN)',15,3),(132,11554.81,823.960495,14.02,'UFK - Rynek Obligacyjno-Pieniężny (PLN)',15,3),(133,6191.98,406.609172,15.23,'UFK - Alfa Kapitałowy 1 (PLN)',15,4),(134,5338.02,439.996418,12.13,'UFK - Alfa Regularny 1 (PLN)',15,4),(135,10904.98,715.315185,15.25,'UFK - Alfa Kapitałowy 1 (PLN)',15,5),(136,4994.39,414.295083,12.06,'UFK - Alfa Kapitałowy 1 (PLN)',16,1),(137,1451.45,123.796506,11.72,'UFK - Alfa Regularny 1 (PLN)',16,1),(138,1100.30,91.387043,12.04,'UFK - Alfa Kapitałowy 1 (PLN)',16,2),(139,2191.63,143.866611,15.23,'UFK - Alfa Kapitałowy 1 (PLN)',16,3),(140,914.14,75.256442,12.15,'UFK - Alfa Regularny 1 (PLN)',16,3),(141,11741.16,835.016002,14.06,'UFK - Rynek Obligacyjno-Pieniężny (PLN)',16,3),(142,6251.16,410.046573,15.25,'UFK - Alfa Kapitałowy 1 (PLN)',16,4),(143,5344.07,437.946787,12.2,'UFK - Alfa Regularny 1 (PLN)',16,4),(144,10792.36,707.12117,15.26,'UFK - Alfa Kapitałowy 1 (PLN)',16,5),(145,4994.39,416.319839,12,'UFK - Alfa Kapitałowy 1 (PLN)',17,1),(146,1451.45,124.297995,11.68,'UFK - Alfa Regularny 1 (PLN)',17,1),(147,1100.30,91.587225,12.01,'UFK - Alfa Kapitałowy 1 (PLN)',17,2),(148,2193.31,144.024392,15.23,'UFK - Alfa Kapitałowy 1 (PLN)',17,3),(149,882.09,72.61793,12.15,'UFK - Alfa Regularny 1 (PLN)',17,3),(150,11759.85,838.973386,14.02,'UFK - Rynek Obligacyjno-Pieniężny (PLN)',17,3),(151,6256.73,410.134589,15.26,'UFK - Alfa Kapitałowy 1 (PLN)',17,4),(152,5354.06,440.772207,12.15,'UFK - Alfa Regularny 1 (PLN)',17,4),(153,10970.10,718.807405,15.26,'UFK - Alfa Kapitałowy 1 (PLN)',17,5),(154,5049.25,419.944713,12.02,'UFK - Alfa Kapitałowy 1 (PLN)',18,1),(155,1487.65,127.458399,11.67,'UFK - Alfa Regularny 1 (PLN)',18,1),(156,1054.31,87.447225,12.06,'UFK - Alfa Kapitałowy 1 (PLN)',18,2),(157,2193.31,144.009694,15.23,'UFK - Alfa Kapitałowy 1 (PLN)',18,3),(158,882.09,72.405047,12.18,'UFK - Alfa Regularny 1 (PLN)',18,3),(159,11759.85,837.834853,14.04,'UFK - Rynek Obligacyjno-Pieniężny (PLN)',18,3),(160,6256.73,410.411938,15.25,'UFK - Alfa Kapitałowy 1 (PLN)',18,4),(161,5326.51,438.504157,12.15,'UFK - Alfa Regularny 1 (PLN)',18,4),(162,10970.10,718.78079,15.26,'UFK - Alfa Kapitałowy 1 (PLN)',18,5),(163,5049.25,419.372924,12.04,'UFK - Alfa Kapitałowy 1 (PLN)',19,1),(164,1487.65,126.786786,11.73,'UFK - Alfa Regularny 1 (PLN)',19,1),(165,1054.31,86.264579,12.22,'UFK - Alfa Kapitałowy 1 (PLN)',19,2),(166,2193.31,143.712343,15.26,'UFK - Alfa Kapitałowy 1 (PLN)',19,3),(167,882.09,72.684788,12.14,'UFK - Alfa Regularny 1 (PLN)',19,3),(168,11759.85,836.510464,14.06,'UFK - Rynek Obligacyjno-Pieniężny (PLN)',19,3),(169,6256.73,409.978186,15.26,'UFK - Alfa Kapitałowy 1 (PLN)',19,4),(170,5326.51,439.096757,12.13,'UFK - Alfa Regularny 1 (PLN)',19,4),(171,10970.10,720.430622,15.23,'UFK - Alfa Kapitałowy 1 (PLN)',19,5),(172,5049.25,418.446133,12.07,'UFK - Alfa Kapitałowy 1 (PLN)',20,1),(173,1487.65,127.25834,11.69,'UFK - Alfa Regularny 1 (PLN)',20,1),(174,1054.31,87.48026,12.05,'UFK - Alfa Kapitałowy 1 (PLN)',20,2),(175,2193.31,143.870777,15.25,'UFK - Alfa Kapitałowy 1 (PLN)',20,3),(176,882.09,72.61793,12.15,'UFK - Alfa Regularny 1 (PLN)',20,3),(177,11759.85,836.287279,14.06,'UFK - Rynek Obligacyjno-Pieniężny (PLN)',20,3),(178,6256.73,410.998015,15.22,'UFK - Alfa Kapitałowy 1 (PLN)',20,4),(179,5326.51,439.024195,12.13,'UFK - Alfa Regularny 1 (PLN)',20,4),(180,10970.10,720.06145,15.23,'UFK - Alfa Kapitałowy 1 (PLN)',20,5),(181,5049.25,419.372924,12.04,'UFK - Alfa Kapitałowy 1 (PLN)',21,1),(182,1487.65,126.742059,11.74,'UFK - Alfa Regularny 1 (PLN)',21,1),(183,1054.31,87.567276,12.04,'UFK - Alfa Kapitałowy 1 (PLN)',21,2),(184,2156.05,142.465034,15.13,'UFK - Alfa Kapitałowy 1 (PLN)',21,3),(185,871.02,71.706594,12.15,'UFK - Alfa Regularny 1 (PLN)',21,3),(186,11766.18,838.285836,14.04,'UFK - Rynek Obligacyjno-Pieniężny (PLN)',21,3),(187,6216.85,407.495664,15.26,'UFK - Alfa Kapitałowy 1 (PLN)',21,4),(188,5319.44,437.922121,12.15,'UFK - Alfa Regularny 1 (PLN)',21,4),(189,10973.18,719.788783,15.25,'UFK - Alfa Kapitałowy 1 (PLN)',21,5),(190,5235.52,434.436139,12.05,'UFK - Alfa Kapitałowy 1 (PLN)',22,1),(191,1490.71,127.786719,11.67,'UFK - Alfa Regularny 1 (PLN)',22,1),(192,1144.95,95.095515,12.04,'UFK - Alfa Kapitałowy 1 (PLN)',22,2),(193,2185.33,142.96456,15.29,'UFK - Alfa Kapitałowy 1 (PLN)',22,3),(194,889.67,73.578471,12.09,'UFK - Alfa Regularny 1 (PLN)',22,3),(195,11816.80,840.604338,14.06,'UFK - Rynek Obligacyjno-Pieniężny (PLN)',22,3),(196,6195.69,406.800417,15.23,'UFK - Alfa Kapitałowy 1 (PLN)',22,4),(197,5270.92,431.706458,12.21,'UFK - Alfa Regularny 1 (PLN)',22,4),(198,10902.93,715.180715,15.25,'UFK - Alfa Kapitałowy 1 (PLN)',22,5),(199,5235.52,435.247766,12.03,'UFK - Alfa Kapitałowy 1 (PLN)',23,1),(200,1490.71,127.366647,11.7,'UFK - Alfa Regularny 1 (PLN)',23,1),(201,1144.95,95.095515,12.04,'UFK - Alfa Kapitałowy 1 (PLN)',23,2),(202,2185.33,142.986587,15.28,'UFK - Alfa Kapitałowy 1 (PLN)',23,3),(203,889.67,73.241953,12.15,'UFK - Alfa Regularny 1 (PLN)',23,3),(204,11816.80,841.892277,14.04,'UFK - Rynek Obligacyjno-Pieniężny (PLN)',23,3),(205,6195.69,410.252377,15.1,'UFK - Alfa Kapitałowy 1 (PLN)',23,4),(206,5270.92,433.927719,12.15,'UFK - Alfa Regularny 1 (PLN)',23,4),(207,10902.93,717.140759,15.2,'UFK - Alfa Kapitałowy 1 (PLN)',23,5),(208,5235.52,435.993444,12.01,'UFK - Alfa Kapitałowy 1 (PLN)',24,1),(209,1490.71,127.057596,11.73,'UFK - Alfa Regularny 1 (PLN)',24,1),(210,1144.95,95.279552,12.02,'UFK - Alfa Kapitałowy 1 (PLN)',24,2),(211,2200.37,144.33388,15.25,'UFK - Alfa Kapitałowy 1 (PLN)',24,3),(212,928.19,76.317911,12.16,'UFK - Alfa Regularny 1 (PLN)',24,3),(213,11916.59,848.31113,14.05,'UFK - Rynek Obligacyjno-Pieniężny (PLN)',24,3),(214,6108.42,400.201827,15.26,'UFK - Alfa Kapitałowy 1 (PLN)',24,4),(215,5270.92,433.927719,12.15,'UFK - Alfa Regularny 1 (PLN)',24,4),(216,10867.09,711.647989,15.27,'UFK - Alfa Kapitałowy 1 (PLN)',24,5),(217,5231.83,433.038764,12.08,'UFK - Alfa Kapitałowy 1 (PLN)',25,1),(218,1475.26,126.19846,11.69,'UFK - Alfa Regularny 1 (PLN)',25,1),(219,1115.92,92.884767,12.01,'UFK - Alfa Kapitałowy 1 (PLN)',25,2),(220,2120.99,138.621764,15.3,'UFK - Alfa Kapitałowy 1 (PLN)',25,3),(221,940.43,77.757678,12.09,'UFK - Alfa Regularny 1 (PLN)',25,3),(222,11832.72,843.717434,14.02,'UFK - Rynek Obligacyjno-Pieniężny (PLN)',25,3),(223,6117.26,400.959307,15.26,'UFK - Alfa Kapitałowy 1 (PLN)',25,4),(224,5242.77,430.734714,12.17,'UFK - Alfa Regularny 1 (PLN)',25,4),(225,10869.84,713.846327,15.23,'UFK - Alfa Kapitałowy 1 (PLN)',25,5),(226,5248.48,436.334442,12.03,'UFK - Alfa Kapitałowy 1 (PLN)',26,1),(227,1446.96,123.777588,11.69,'UFK - Alfa Regularny 1 (PLN)',26,1),(228,1047.62,87.011628,12.04,'UFK - Alfa Kapitałowy 1 (PLN)',26,2),(229,2116.73,138.940017,15.23,'UFK - Alfa Kapitałowy 1 (PLN)',26,3),(230,928.74,76.458385,12.15,'UFK - Alfa Regularny 1 (PLN)',26,3),(231,11803.61,840.065872,14.05,'UFK - Rynek Obligacyjno-Pieniężny (PLN)',26,3),(232,6128.54,402.81629,15.21,'UFK - Alfa Kapitałowy 1 (PLN)',26,4),(233,5165.22,425.594793,12.14,'UFK - Alfa Regularny 1 (PLN)',26,4),(234,10784.10,707.386028,15.25,'UFK - Alfa Kapitałowy 1 (PLN)',26,5),(235,5248.48,435.45658,12.05,'UFK - Alfa Kapitałowy 1 (PLN)',27,1),(236,1446.96,124.845557,11.59,'UFK - Alfa Regularny 1 (PLN)',27,1),(237,1047.62,87.011628,12.04,'UFK - Alfa Kapitałowy 1 (PLN)',27,2),(238,2116.73,138.625706,15.27,'UFK - Alfa Kapitałowy 1 (PLN)',27,3),(239,928.74,77.43918,11.99,'UFK - Alfa Regularny 1 (PLN)',27,3),(240,11803.61,840.952551,14.04,'UFK - Rynek Obligacyjno-Pieniężny (PLN)',27,3),(241,6128.54,401.58844,15.26,'UFK - Alfa Kapitałowy 1 (PLN)',27,4),(242,5165.22,423.17669,12.21,'UFK - Alfa Regularny 1 (PLN)',27,4),(243,10784.10,706.632341,15.26,'UFK - Alfa Kapitałowy 1 (PLN)',27,5),(244,5248.48,436.683833,12.02,'UFK - Alfa Kapitałowy 1 (PLN)',28,1),(245,1446.96,123.777588,11.69,'UFK - Alfa Regularny 1 (PLN)',28,1),(246,1047.62,87.011628,12.04,'UFK - Alfa Kapitałowy 1 (PLN)',28,2),(247,2088.28,136.981305,15.25,'UFK - Alfa Kapitałowy 1 (PLN)',28,3),(248,895.53,73.724376,12.15,'UFK - Alfa Regularny 1 (PLN)',28,3),(249,11816.84,842.818926,14.02,'UFK - Rynek Obligacyjno-Pieniężny (PLN)',28,3),(250,6266.08,410.597742,15.26,'UFK - Alfa Kapitałowy 1 (PLN)',28,4),(251,5165.22,424.876203,12.16,'UFK - Alfa Regularny 1 (PLN)',28,4),(252,10642.51,702.103145,15.16,'UFK - Alfa Kapitałowy 1 (PLN)',28,5),(253,5248.48,435.920266,12.04,'UFK - Alfa Kapitałowy 1 (PLN)',29,1),(254,1446.96,124.060589,11.66,'UFK - Alfa Regularny 1 (PLN)',29,1),(255,1047.62,86.920244,12.05,'UFK - Alfa Kapitałowy 1 (PLN)',29,2),(256,2088.28,136.81037,15.26,'UFK - Alfa Kapitałowy 1 (PLN)',29,3),(257,895.53,72.923916,12.28,'UFK - Alfa Regularny 1 (PLN)',29,3),(258,11816.84,841.295743,14.05,'UFK - Rynek Obligacyjno-Pieniężny (PLN)',29,3),(259,6266.08,411.025254,15.25,'UFK - Alfa Kapitałowy 1 (PLN)',29,4),(260,5165.22,422.648612,12.22,'UFK - Alfa Regularny 1 (PLN)',29,4),(261,10642.51,697.405264,15.26,'UFK - Alfa Kapitałowy 1 (PLN)',29,5),(262,5295.95,440.522204,12.02,'UFK - Alfa Kapitałowy 1 (PLN)',30,1),(263,1444.22,123.543199,11.69,'UFK - Alfa Regularny 1 (PLN)',30,1),(264,1017.91,84.959103,11.98,'UFK - Alfa Kapitałowy 1 (PLN)',30,2),(265,2088.28,136.859165,15.26,'UFK - Alfa Kapitałowy 1 (PLN)',30,3),(266,895.53,73.222044,12.23,'UFK - Alfa Regularny 1 (PLN)',30,3),(267,11816.84,840.958964,14.05,'UFK - Rynek Obligacyjno-Pieniężny (PLN)',30,3),(268,6266.08,408.346693,15.34,'UFK - Alfa Kapitałowy 1 (PLN)',30,4),(269,5142.14,423.325924,12.15,'UFK - Alfa Regularny 1 (PLN)',30,4),(270,10642.51,698.748529,15.23,'UFK - Alfa Kapitałowy 1 (PLN)',30,5),(271,5295.95,439.862957,12.04,'UFK - Alfa Kapitałowy 1 (PLN)',31,1),(272,1444.22,123.811331,11.66,'UFK - Alfa Regularny 1 (PLN)',31,1),(273,1017.91,84.65652,12.02,'UFK - Alfa Kapitałowy 1 (PLN)',31,2),(274,2088.28,137.131225,15.23,'UFK - Alfa Kapitałowy 1 (PLN)',31,3),(275,895.53,73.610038,12.17,'UFK - Alfa Regularny 1 (PLN)',31,3),(276,11816.84,842.74078,14.02,'UFK - Rynek Obligacyjno-Pieniężny (PLN)',31,3),(277,6266.08,409.573035,15.3,'UFK - Alfa Kapitałowy 1 (PLN)',31,4),(278,5193.86,427.172457,12.16,'UFK - Alfa Regularny 1 (PLN)',31,4),(279,10642.51,700.095042,15.2,'UFK - Alfa Kapitałowy 1 (PLN)',31,5),(280,5295.95,439.431033,12.05,'UFK - Alfa Kapitałowy 1 (PLN)',32,1),(281,1444.22,123.543199,11.69,'UFK - Alfa Regularny 1 (PLN)',32,1),(282,1017.91,84.37912,12.06,'UFK - Alfa Kapitałowy 1 (PLN)',32,2),(283,2081.28,135.338463,15.38,'UFK - Alfa Kapitałowy 1 (PLN)',32,3),(284,892.39,73.551159,12.13,'UFK - Alfa Regularny 1 (PLN)',32,3),(285,11777.93,836.73842,14.08,'UFK - Rynek Obligacyjno-Pieniężny (PLN)',32,3),(286,6318.80,414.483437,15.25,'UFK - Alfa Kapitałowy 1 (PLN)',32,4),(287,5193.86,426.058756,12.19,'UFK - Alfa Regularny 1 (PLN)',32,4),(288,10663.45,697.837143,15.28,'UFK - Alfa Kapitałowy 1 (PLN)',32,5),(289,5295.95,439.862957,12.04,'UFK - Alfa Kapitałowy 1 (PLN)',33,1),(290,1444.22,123.543199,11.69,'UFK - Alfa Regularny 1 (PLN)',33,1),(291,1017.91,84.54402,12.04,'UFK - Alfa Kapitałowy 1 (PLN)',33,2),(292,2065.68,135.498852,15.25,'UFK - Alfa Kapitałowy 1 (PLN)',33,3),(293,911.98,75.07862,12.15,'UFK - Alfa Regularny 1 (PLN)',33,3),(294,11777.88,839.119407,14.04,'UFK - Rynek Obligacyjno-Pieniężny (PLN)',33,3),(295,6336.35,415.634634,15.25,'UFK - Alfa Kapitałowy 1 (PLN)',33,4),(296,5202.86,427.598874,12.17,'UFK - Alfa Regularny 1 (PLN)',33,4),(297,10710.12,703.335646,15.23,'UFK - Alfa Kapitałowy 1 (PLN)',33,5),(298,5413.20,450.307007,12.02,'UFK - Alfa Kapitałowy 1 (PLN)',34,1),(299,1493.30,128.050218,11.66,'UFK - Alfa Regularny 1 (PLN)',34,1),(300,1039.80,86.462564,12.03,'UFK - Alfa Kapitałowy 1 (PLN)',34,2),(301,2135.16,139.936423,15.26,'UFK - Alfa Kapitałowy 1 (PLN)',34,3),(302,937.24,77.158146,12.15,'UFK - Alfa Regularny 1 (PLN)',34,3),(303,11870.39,850.370699,13.96,'UFK - Rynek Obligacyjno-Pieniężny (PLN)',34,3),(304,6327.15,415.74882,15.22,'UFK - Alfa Kapitałowy 1 (PLN)',34,4),(305,5146.69,422.221382,12.19,'UFK - Alfa Regularny 1 (PLN)',34,4),(306,10729.47,703.802558,15.25,'UFK - Alfa Kapitałowy 1 (PLN)',34,5),(307,5413.20,449.601329,12.04,'UFK - Alfa Kapitałowy 1 (PLN)',35,1),(308,1493.30,127.359388,11.73,'UFK - Alfa Regularny 1 (PLN)',35,1),(309,1039.80,86.362126,12.04,'UFK - Alfa Kapitałowy 1 (PLN)',35,2),(310,2135.16,140.056412,15.25,'UFK - Alfa Kapitałowy 1 (PLN)',35,3),(311,937.24,77.158146,12.15,'UFK - Alfa Regularny 1 (PLN)',35,3),(312,11870.39,844.885738,14.05,'UFK - Rynek Obligacyjno-Pieniężny (PLN)',35,3),(313,6327.15,414.634106,15.26,'UFK - Alfa Kapitałowy 1 (PLN)',35,4),(314,5146.69,424.113699,12.14,'UFK - Alfa Regularny 1 (PLN)',35,4),(315,10729.47,704.380108,15.23,'UFK - Alfa Kapitałowy 1 (PLN)',35,5),(316,5413.20,450.077531,12.03,'UFK - Alfa Kapitałowy 1 (PLN)',36,1),(317,1493.30,127.624895,11.7,'UFK - Alfa Regularny 1 (PLN)',36,1),(318,1039.80,86.27474,12.05,'UFK - Alfa Kapitałowy 1 (PLN)',36,2),(319,2101.26,137.832732,15.25,'UFK - Alfa Kapitałowy 1 (PLN)',36,3),(320,929.96,76.739323,12.12,'UFK - Alfa Regularny 1 (PLN)',36,3),(321,11889.47,843.314537,14.1,'UFK - Rynek Obligacyjno-Pieniężny (PLN)',36,3),(322,6383.97,414.574569,15.4,'UFK - Alfa Kapitałowy 1 (PLN)',36,4),(323,5147.05,423.730139,12.15,'UFK - Alfa Regularny 1 (PLN)',36,4),(324,10674.76,693.218173,15.4,'UFK - Alfa Kapitałowy 1 (PLN)',36,5),(325,5413.20,454.037892,11.92,'UFK - Alfa Kapitałowy 1 (PLN)',37,1),(326,1493.30,128.742848,11.6,'UFK - Alfa Regularny 1 (PLN)',37,1),(327,1039.80,86.362126,12.04,'UFK - Alfa Kapitałowy 1 (PLN)',37,2),(328,2101.26,138.003532,15.23,'UFK - Alfa Kapitałowy 1 (PLN)',37,3),(329,929.96,76.345765,12.18,'UFK - Alfa Regularny 1 (PLN)',37,3),(330,11889.47,847.069678,14.04,'UFK - Rynek Obligacyjno-Pieniężny (PLN)',37,3),(331,6383.97,419.292332,15.23,'UFK - Alfa Kapitałowy 1 (PLN)',37,4),(332,5113.47,420.132241,12.17,'UFK - Alfa Regularny 1 (PLN)',37,4),(333,10674.76,700.792063,15.23,'UFK - Alfa Kapitałowy 1 (PLN)',37,5),(334,5304.09,440.111503,12.05,'UFK - Alfa Kapitałowy 1 (PLN)',38,1),(335,1472.60,125.855151,11.7,'UFK - Alfa Regularny 1 (PLN)',38,1),(336,921.73,76.344285,12.07,'UFK - Alfa Kapitałowy 1 (PLN)',38,2),(337,2011.42,131.83731,15.26,'UFK - Alfa Kapitałowy 1 (PLN)',38,3),(338,953.68,78.511567,12.15,'UFK - Alfa Regularny 1 (PLN)',38,3),(339,11956.10,853.152651,14.01,'UFK - Rynek Obligacyjno-Pieniężny (PLN)',38,3),(340,6395.14,419.774849,15.23,'UFK - Alfa Kapitałowy 1 (PLN)',38,4),(341,5113.47,420.965671,12.15,'UFK - Alfa Regularny 1 (PLN)',38,4),(342,10566.37,693.618071,15.23,'UFK - Alfa Kapitałowy 1 (PLN)',38,5),(343,5304.09,439.868689,12.06,'UFK - Alfa Kapitałowy 1 (PLN)',39,1),(344,1472.60,125.406302,11.74,'UFK - Alfa Regularny 1 (PLN)',39,1),(345,921.73,76.633268,12.03,'UFK - Alfa Kapitałowy 1 (PLN)',39,2),(346,2000.09,131.196458,15.25,'UFK - Alfa Kapitałowy 1 (PLN)',39,3),(347,972.52,80.062567,12.15,'UFK - Alfa Regularny 1 (PLN)',39,3),(348,12037.85,856.056908,14.06,'UFK - Rynek Obligacyjno-Pieniężny (PLN)',39,3),(349,6325.04,414.892752,15.25,'UFK - Alfa Kapitałowy 1 (PLN)',39,4),(350,5113.47,420.532917,12.16,'UFK - Alfa Regularny 1 (PLN)',39,4),(351,10656.09,698.989177,15.25,'UFK - Alfa Kapitałowy 1 (PLN)',39,5),(352,5304.09,434.524031,12.21,'UFK - Alfa Kapitałowy 1 (PLN)',40,1),(353,1472.60,125.970915,11.69,'UFK - Alfa Regularny 1 (PLN)',40,1),(354,921.73,76.441253,12.06,'UFK - Alfa Kapitałowy 1 (PLN)',40,2),(355,2000.09,131.196458,15.25,'UFK - Alfa Kapitałowy 1 (PLN)',40,3),(356,972.52,80.062567,12.15,'UFK - Alfa Regularny 1 (PLN)',40,3),(357,12037.85,858.986094,14.01,'UFK - Rynek Obligacyjno-Pieniężny (PLN)',40,3),(358,6325.04,415.427066,15.23,'UFK - Alfa Kapitałowy 1 (PLN)',40,4),(359,5049.01,414.371724,12.18,'UFK - Alfa Regularny 1 (PLN)',40,4),(360,10656.09,699.767167,15.23,'UFK - Alfa Kapitałowy 1 (PLN)',40,5),(361,5304.09,444.886175,11.92,'UFK - Alfa Kapitałowy 1 (PLN)',41,1),(362,1472.60,125.970915,11.69,'UFK - Alfa Regularny 1 (PLN)',41,1),(363,921.73,76.622637,12.03,'UFK - Alfa Kapitałowy 1 (PLN)',41,2),(364,2000.09,131.196458,15.25,'UFK - Alfa Kapitałowy 1 (PLN)',41,3),(365,972.52,79.900153,12.17,'UFK - Alfa Regularny 1 (PLN)',41,3),(366,12037.85,857.641066,14.04,'UFK - Rynek Obligacyjno-Pieniężny (PLN)',41,3),(367,6325.04,414.892752,15.25,'UFK - Alfa Kapitałowy 1 (PLN)',41,4),(368,5072.99,417.63316,12.15,'UFK - Alfa Regularny 1 (PLN)',41,4),(369,10656.09,698.989177,15.25,'UFK - Alfa Kapitałowy 1 (PLN)',41,5),(370,5260.81,436.512743,12.05,'UFK - Alfa Kapitałowy 1 (PLN)',42,1),(371,1485.92,127.2981,11.67,'UFK - Alfa Regularny 1 (PLN)',42,1),(372,824.47,68.477575,12.04,'UFK - Alfa Kapitałowy 1 (PLN)',42,2),(373,2000.09,131.347612,15.23,'UFK - Alfa Kapitałowy 1 (PLN)',42,3),(374,972.52,80.476644,12.08,'UFK - Alfa Regularny 1 (PLN)',42,3),(375,12037.85,858.643925,14.02,'UFK - Rynek Obligacyjno-Pieniężny (PLN)',42,3),(376,6325.04,414.471242,15.26,'UFK - Alfa Kapitałowy 1 (PLN)',42,4),(377,5072.99,418.295393,12.13,'UFK - Alfa Regularny 1 (PLN)',42,4),(378,10656.09,699.493391,15.23,'UFK - Alfa Kapitałowy 1 (PLN)',42,5),(379,5260.81,437.401321,12.03,'UFK - Alfa Kapitałowy 1 (PLN)',43,1),(380,1485.92,126.809027,11.72,'UFK - Alfa Regularny 1 (PLN)',43,1),(381,824.47,68.547005,12.03,'UFK - Alfa Kapitałowy 1 (PLN)',43,2),(382,1973.74,129.468022,15.25,'UFK - Alfa Kapitałowy 1 (PLN)',43,3),(383,1004.95,82.870186,12.13,'UFK - Alfa Regularny 1 (PLN)',43,3),(384,12095.64,863.052831,14.01,'UFK - Rynek Obligacyjno-Pieniężny (PLN)',43,3),(385,6407.94,421.207719,15.21,'UFK - Alfa Kapitałowy 1 (PLN)',43,4),(386,5072.99,417.146047,12.16,'UFK - Alfa Regularny 1 (PLN)',43,4),(387,10781.04,707.185307,15.25,'UFK - Alfa Kapitałowy 1 (PLN)',43,5),(388,5260.81,435.525794,12.08,'UFK - Alfa Kapitałowy 1 (PLN)',44,1),(389,1485.92,126.855019,11.71,'UFK - Alfa Regularny 1 (PLN)',44,1),(390,824.47,68.410333,12.05,'UFK - Alfa Kapitałowy 1 (PLN)',44,2),(391,1973.74,129.659147,15.22,'UFK - Alfa Kapitałowy 1 (PLN)',44,3),(392,1004.95,82.732362,12.15,'UFK - Alfa Regularny 1 (PLN)',44,3),(393,12095.64,861.036631,14.05,'UFK - Rynek Obligacyjno-Pieniężny (PLN)',44,3),(394,6407.94,423.599557,15.13,'UFK - Alfa Kapitałowy 1 (PLN)',44,4),(395,5108.43,418.636078,12.2,'UFK - Alfa Regularny 1 (PLN)',44,4),(396,10781.04,706.199703,15.27,'UFK - Alfa Kapitałowy 1 (PLN)',44,5),(397,5277.84,437.870643,12.05,'UFK - Alfa Kapitałowy 1 (PLN)',45,1),(398,1504.28,129.105697,11.65,'UFK - Alfa Regularny 1 (PLN)',45,1),(399,879.78,72.149508,12.19,'UFK - Alfa Kapitałowy 1 (PLN)',45,2),(400,1973.74,128.818033,15.32,'UFK - Alfa Kapitałowy 1 (PLN)',45,3),(401,1004.95,82.430757,12.19,'UFK - Alfa Regularny 1 (PLN)',45,3),(402,12095.64,860.579253,14.06,'UFK - Rynek Obligacyjno-Pieniężny (PLN)',45,3),(403,6407.94,421.221896,15.21,'UFK - Alfa Kapitałowy 1 (PLN)',45,4),(404,5108.43,421.968652,12.11,'UFK - Alfa Regularny 1 (PLN)',45,4),(405,10781.04,707.185307,15.25,'UFK - Alfa Kapitałowy 1 (PLN)',45,5),(406,5277.84,435.215546,12.13,'UFK - Alfa Kapitałowy 1 (PLN)',46,1),(407,1504.28,128.853151,11.67,'UFK - Alfa Regularny 1 (PLN)',46,1),(408,879.78,73.137817,12.03,'UFK - Alfa Kapitałowy 1 (PLN)',46,2),(409,1929.58,126.571335,15.25,'UFK - Alfa Kapitałowy 1 (PLN)',46,3),(410,1000.43,82.282393,12.16,'UFK - Alfa Regularny 1 (PLN)',46,3),(411,12157.65,861.941136,14.1,'UFK - Rynek Obligacyjno-Pieniężny (PLN)',46,3),(412,6330.92,414.875284,15.26,'UFK - Alfa Kapitałowy 1 (PLN)',46,4),(413,5108.43,423.23094,12.07,'UFK - Alfa Regularny 1 (PLN)',46,4),(414,10843.50,712.163795,15.23,'UFK - Alfa Kapitałowy 1 (PLN)',46,5),(415,5277.84,439.386802,12.01,'UFK - Alfa Kapitałowy 1 (PLN)',47,1),(416,1504.28,128.680924,11.69,'UFK - Alfa Regularny 1 (PLN)',47,1),(417,879.78,73.004429,12.05,'UFK - Alfa Kapitałowy 1 (PLN)',47,2),(418,1929.58,126.571335,15.25,'UFK - Alfa Kapitałowy 1 (PLN)',47,3),(419,1000.43,82.43917,12.14,'UFK - Alfa Regularny 1 (PLN)',47,3),(420,12157.65,869.272844,13.99,'UFK - Rynek Obligacyjno-Pieniężny (PLN)',47,3),(421,6330.92,416.54932,15.2,'UFK - Alfa Kapitałowy 1 (PLN)',47,4),(422,5108.43,419.197406,12.19,'UFK - Alfa Regularny 1 (PLN)',47,4),(423,10843.50,712.041844,15.23,'UFK - Alfa Kapitałowy 1 (PLN)',47,5),(424,5277.84,440.233895,11.99,'UFK - Alfa Kapitałowy 1 (PLN)',48,1),(425,1504.28,128.817812,11.68,'UFK - Alfa Regularny 1 (PLN)',48,1),(426,879.78,73.071429,12.04,'UFK - Alfa Kapitałowy 1 (PLN)',48,2),(427,1929.58,126.571335,15.25,'UFK - Alfa Kapitałowy 1 (PLN)',48,3),(428,1000.43,82.445629,12.13,'UFK - Alfa Regularny 1 (PLN)',48,3),(429,12157.65,863.176392,14.08,'UFK - Rynek Obligacyjno-Pieniężny (PLN)',48,3),(430,6330.92,413.770597,15.3,'UFK - Alfa Kapitałowy 1 (PLN)',48,4),(431,5078.60,418.642061,12.13,'UFK - Alfa Regularny 1 (PLN)',48,4),(432,10843.50,710.570783,15.26,'UFK - Alfa Kapitałowy 1 (PLN)',48,5),(433,5245.95,435.710133,12.04,'UFK - Alfa Kapitałowy 1 (PLN)',49,1),(434,1531.18,130.982036,11.69,'UFK - Alfa Regularny 1 (PLN)',49,1),(435,926.10,77.06575,12.02,'UFK - Alfa Kapitałowy 1 (PLN)',49,2),(436,1981.35,129.967202,15.25,'UFK - Alfa Kapitałowy 1 (PLN)',49,3),(437,977.68,80.610256,12.13,'UFK - Alfa Regularny 1 (PLN)',49,3),(438,12134.31,863.479463,14.05,'UFK - Rynek Obligacyjno-Pieniężny (PLN)',49,3),(439,6377.09,418.306986,15.25,'UFK - Alfa Kapitałowy 1 (PLN)',49,4),(440,5091.93,419.192393,12.15,'UFK - Alfa Regularny 1 (PLN)',49,4),(441,10816.43,707.128044,15.3,'UFK - Alfa Kapitałowy 1 (PLN)',49,5),(442,5245.95,434.980276,12.06,'UFK - Alfa Kapitałowy 1 (PLN)',50,1),(443,1531.18,130.857658,11.7,'UFK - Alfa Regularny 1 (PLN)',50,1),(444,926.10,76.128237,12.17,'UFK - Alfa Kapitałowy 1 (PLN)',50,2),(445,1981.35,130.059934,15.23,'UFK - Alfa Kapitałowy 1 (PLN)',50,3),(446,977.68,80.394797,12.16,'UFK - Alfa Regularny 1 (PLN)',50,3),(447,12134.31,868.151735,13.98,'UFK - Rynek Obligacyjno-Pieniężny (PLN)',50,3),(448,6377.09,418.306986,15.25,'UFK - Alfa Kapitałowy 1 (PLN)',50,4),(449,5061.90,420.362948,12.04,'UFK - Alfa Regularny 1 (PLN)',50,4),(450,10816.43,710.487874,15.22,'UFK - Alfa Kapitałowy 1 (PLN)',50,5),(451,5240.27,434.111629,12.07,'UFK - Alfa Kapitałowy 1 (PLN)',51,1),(452,1548.39,132.30913,11.7,'UFK - Alfa Regularny 1 (PLN)',51,1),(453,868.91,72.168605,12.04,'UFK - Alfa Kapitałowy 1 (PLN)',51,2),(454,2029.39,133.684145,15.18,'UFK - Alfa Kapitałowy 1 (PLN)',51,3),(455,1001.92,83.008584,12.07,'UFK - Alfa Regularny 1 (PLN)',51,3),(456,12052.19,858.662724,14.04,'UFK - Rynek Obligacyjno-Pieniężny (PLN)',51,3),(457,6386.49,418.923582,15.25,'UFK - Alfa Kapitałowy 1 (PLN)',51,4),(458,5061.90,416.158535,12.16,'UFK - Alfa Regularny 1 (PLN)',51,4),(459,10788.05,708.111952,15.23,'UFK - Alfa Kapitałowy 1 (PLN)',51,5),(460,5240.27,435.755405,12.03,'UFK - Alfa Kapitałowy 1 (PLN)',52,1),(461,1548.39,132.164343,11.72,'UFK - Alfa Regularny 1 (PLN)',52,1),(462,868.91,72.168605,12.04,'UFK - Alfa Kapitałowy 1 (PLN)',52,2),(463,2029.39,133.118399,15.25,'UFK - Alfa Kapitałowy 1 (PLN)',52,3),(464,1001.92,82.699051,12.12,'UFK - Alfa Regularny 1 (PLN)',52,3),(465,12052.19,858.022618,14.05,'UFK - Rynek Obligacyjno-Pieniężny (PLN)',52,3),(466,6386.49,418.923582,15.25,'UFK - Alfa Kapitałowy 1 (PLN)',52,4),(467,5061.90,416.720178,12.15,'UFK - Alfa Regularny 1 (PLN)',52,4),(468,10788.05,708.272959,15.23,'UFK - Alfa Kapitałowy 1 (PLN)',52,5),(469,5240.27,434.301449,12.07,'UFK - Alfa Kapitałowy 1 (PLN)',53,1),(470,1548.39,132.454234,11.69,'UFK - Alfa Regularny 1 (PLN)',53,1),(471,868.91,72.168605,12.04,'UFK - Alfa Kapitałowy 1 (PLN)',53,2),(472,2056.93,135.017632,15.23,'UFK - Alfa Kapitałowy 1 (PLN)',53,3),(473,1007.98,82.649897,12.2,'UFK - Alfa Regularny 1 (PLN)',53,3),(474,12061.51,861.007356,14.01,'UFK - Rynek Obligacyjno-Pieniężny (PLN)',53,3),(475,6434.22,422.054444,15.25,'UFK - Alfa Kapitałowy 1 (PLN)',53,4),(476,5007.68,411.705409,12.16,'UFK - Alfa Regularny 1 (PLN)',53,4),(477,10930.27,718.282867,15.22,'UFK - Alfa Kapitałowy 1 (PLN)',53,5),(478,5240.27,435.238372,12.04,'UFK - Alfa Kapitałowy 1 (PLN)',54,1),(479,1548.39,132.454234,11.69,'UFK - Alfa Regularny 1 (PLN)',54,1),(480,868.91,72.28406,12.02,'UFK - Alfa Kapitałowy 1 (PLN)',54,2),(481,2113.70,138.83847,15.22,'UFK - Alfa Kapitałowy 1 (PLN)',54,3),(482,1037.13,85.485837,12.13,'UFK - Alfa Regularny 1 (PLN)',54,3),(483,11939.18,845.373983,14.12,'UFK - Rynek Obligacyjno-Pieniężny (PLN)',54,3),(484,6417.31,420.457086,15.26,'UFK - Alfa Kapitałowy 1 (PLN)',54,4),(485,4961.39,409.344352,12.12,'UFK - Alfa Regularny 1 (PLN)',54,4),(486,10945.05,718.905972,15.22,'UFK - Alfa Kapitałowy 1 (PLN)',54,5),(487,5336.05,443.632171,12.03,'UFK - Alfa Kapitałowy 1 (PLN)',55,1),(488,1542.00,131.345826,11.74,'UFK - Alfa Regularny 1 (PLN)',55,1),(489,821.72,68.102252,12.07,'UFK - Alfa Kapitałowy 1 (PLN)',55,2),(490,2109.79,138.39226,15.25,'UFK - Alfa Kapitałowy 1 (PLN)',55,3),(491,1027.67,84.602783,12.15,'UFK - Alfa Regularny 1 (PLN)',55,3),(492,11960.96,852.163009,14.04,'UFK - Rynek Obligacyjno-Pieniężny (PLN)',55,3),(493,6382.15,418.638898,15.25,'UFK - Alfa Kapitałowy 1 (PLN)',55,4),(494,4889.25,402.107955,12.16,'UFK - Alfa Regularny 1 (PLN)',55,4),(495,10892.49,711.278211,15.31,'UFK - Alfa Kapitałowy 1 (PLN)',55,5),(496,5351.59,443.095466,12.08,'UFK - Alfa Kapitałowy 1 (PLN)',56,1),(497,1518.29,130.004339,11.68,'UFK - Alfa Regularny 1 (PLN)',56,1),(498,730.57,60.439529,12.09,'UFK - Alfa Kapitałowy 1 (PLN)',56,2),(499,2109.79,138.562148,15.23,'UFK - Alfa Kapitałowy 1 (PLN)',56,3),(500,1027.67,84.504799,12.16,'UFK - Alfa Regularny 1 (PLN)',56,3),(501,11960.96,848.707781,14.09,'UFK - Rynek Obligacyjno-Pieniężny (PLN)',56,3),(502,6382.15,418.638898,15.25,'UFK - Alfa Kapitałowy 1 (PLN)',56,4),(503,4889.25,401.997647,12.16,'UFK - Alfa Regularny 1 (PLN)',56,4),(504,10892.49,714.997509,15.23,'UFK - Alfa Kapitałowy 1 (PLN)',56,5),(505,5351.59,443.574547,12.06,'UFK - Alfa Kapitałowy 1 (PLN)',57,1),(506,1518.29,129.879384,11.69,'UFK - Alfa Regularny 1 (PLN)',57,1),(507,730.57,60.741634,12.03,'UFK - Alfa Kapitałowy 1 (PLN)',57,2),(508,2109.79,138.39226,15.25,'UFK - Alfa Kapitałowy 1 (PLN)',57,3),(509,1027.67,84.602783,12.15,'UFK - Alfa Regularny 1 (PLN)',57,3),(510,11960.96,853.248545,14.02,'UFK - Rynek Obligacyjno-Pieniężny (PLN)',57,3),(511,6382.15,418.06758,15.27,'UFK - Alfa Kapitałowy 1 (PLN)',57,4),(512,4889.25,402.506792,12.15,'UFK - Alfa Regularny 1 (PLN)',57,4),(513,10892.49,714.4959,15.25,'UFK - Alfa Kapitałowy 1 (PLN)',57,5),(514,5351.59,444.484219,12.04,'UFK - Alfa Kapitałowy 1 (PLN)',58,1),(515,1518.29,130.027691,11.68,'UFK - Alfa Regularny 1 (PLN)',58,1),(516,730.57,60.783748,12.02,'UFK - Alfa Kapitałowy 1 (PLN)',58,2),(517,2109.79,138.39226,15.25,'UFK - Alfa Kapitałowy 1 (PLN)',58,3),(518,1027.67,84.69896,12.13,'UFK - Alfa Regularny 1 (PLN)',58,3),(519,11960.96,850.753422,14.06,'UFK - Rynek Obligacyjno-Pieniężny (PLN)',58,3),(520,6382.15,417.642702,15.28,'UFK - Alfa Kapitałowy 1 (PLN)',58,4),(521,4954.68,409.82122,12.09,'UFK - Alfa Regularny 1 (PLN)',58,4),(522,10892.49,712.037674,15.3,'UFK - Alfa Kapitałowy 1 (PLN)',58,5),(523,5427.89,450.821429,12.04,'UFK - Alfa Kapitałowy 1 (PLN)',59,1),(524,1545.53,132.358559,11.68,'UFK - Alfa Regularny 1 (PLN)',59,1),(525,899.46,74.496238,12.07,'UFK - Alfa Kapitałowy 1 (PLN)',59,2),(526,2060.94,135.18793,15.25,'UFK - Alfa Kapitałowy 1 (PLN)',59,3),(527,1017.94,83.801762,12.15,'UFK - Alfa Regularny 1 (PLN)',59,3),(528,12021.36,857.413311,14.02,'UFK - Rynek Obligacyjno-Pieniężny (PLN)',59,3),(529,6393.90,419.745415,15.23,'UFK - Alfa Kapitałowy 1 (PLN)',59,4),(530,4954.68,408.258631,12.14,'UFK - Alfa Regularny 1 (PLN)',59,4),(531,10765.99,706.900664,15.23,'UFK - Alfa Kapitałowy 1 (PLN)',59,5),(532,5427.89,450.821429,12.04,'UFK - Alfa Kapitałowy 1 (PLN)',60,1),(533,1545.53,132.047052,11.7,'UFK - Alfa Regularny 1 (PLN)',60,1),(534,899.46,74.70598,12.04,'UFK - Alfa Kapitałowy 1 (PLN)',60,2),(535,2060.94,135.18793,15.25,'UFK - Alfa Kapitałowy 1 (PLN)',60,3),(536,1017.94,83.801762,12.15,'UFK - Alfa Regularny 1 (PLN)',60,3),(537,12021.36,855.569827,14.05,'UFK - Rynek Obligacyjno-Pieniężny (PLN)',60,3),(538,6393.90,419.409643,15.25,'UFK - Alfa Kapitałowy 1 (PLN)',60,4),(539,5004.30,413.33939,12.11,'UFK - Alfa Regularny 1 (PLN)',60,4),(540,10765.99,705.083636,15.27,'UFK - Alfa Kapitałowy 1 (PLN)',60,5),(541,5427.89,450.401106,12.05,'UFK - Alfa Kapitałowy 1 (PLN)',61,1),(542,1545.53,132.334667,11.68,'UFK - Alfa Regularny 1 (PLN)',61,1),(543,899.46,74.70598,12.04,'UFK - Alfa Kapitałowy 1 (PLN)',61,2),(544,2060.94,134.871967,15.28,'UFK - Alfa Kapitałowy 1 (PLN)',61,3),(545,1017.94,83.876818,12.14,'UFK - Alfa Regularny 1 (PLN)',61,3),(546,12021.36,857.428242,14.02,'UFK - Rynek Obligacyjno-Pieniężny (PLN)',61,3),(547,6393.90,419.409643,15.25,'UFK - Alfa Kapitałowy 1 (PLN)',61,4),(548,5023.04,413.521034,12.15,'UFK - Alfa Regularny 1 (PLN)',61,4),(549,10765.99,704.631302,15.28,'UFK - Alfa Kapitałowy 1 (PLN)',61,5),(550,5521.10,458.172823,12.05,'UFK - Alfa Kapitałowy 1 (PLN)',62,1),(551,1562.15,133.631309,11.69,'UFK - Alfa Regularny 1 (PLN)',62,1),(552,980.48,81.5249,12.03,'UFK - Alfa Kapitałowy 1 (PLN)',62,2),(553,2060.94,133.932878,15.39,'UFK - Alfa Kapitałowy 1 (PLN)',62,3),(554,1017.94,83.718221,12.16,'UFK - Alfa Regularny 1 (PLN)',62,3),(555,12021.36,856.46623,14.04,'UFK - Rynek Obligacyjno-Pieniężny (PLN)',62,3),(556,6393.90,419.409643,15.25,'UFK - Alfa Kapitałowy 1 (PLN)',62,4),(557,4950.01,403.358051,12.27,'UFK - Alfa Regularny 1 (PLN)',62,4),(558,10765.99,707.302758,15.22,'UFK - Alfa Kapitałowy 1 (PLN)',62,5),(559,5521.10,461.20492,11.97,'UFK - Alfa Kapitałowy 1 (PLN)',63,1),(560,1562.15,133.631309,11.69,'UFK - Alfa Regularny 1 (PLN)',63,1),(561,980.48,81.618431,12.01,'UFK - Alfa Kapitałowy 1 (PLN)',63,2),(562,2157.53,141.523778,15.25,'UFK - Alfa Kapitałowy 1 (PLN)',63,3),(563,1004.72,82.314806,12.21,'UFK - Alfa Regularny 1 (PLN)',63,3),(564,11980.15,854.310537,14.02,'UFK - Rynek Obligacyjno-Pieniężny (PLN)',63,3),(565,6413.35,420.685471,15.25,'UFK - Alfa Kapitałowy 1 (PLN)',63,4),(566,4950.01,404.338648,12.24,'UFK - Alfa Regularny 1 (PLN)',63,4),(567,10758.77,705.7245,15.25,'UFK - Alfa Kapitałowy 1 (PLN)',63,5),(568,5521.10,458.998812,12.03,'UFK - Alfa Kapitałowy 1 (PLN)',64,1),(569,1562.15,133.631309,11.69,'UFK - Alfa Regularny 1 (PLN)',64,1),(570,980.48,81.35799,12.05,'UFK - Alfa Kapitałowy 1 (PLN)',64,2),(571,2157.53,141.372991,15.26,'UFK - Alfa Kapitałowy 1 (PLN)',64,3),(572,1004.72,82.622735,12.16,'UFK - Alfa Regularny 1 (PLN)',64,3),(573,11980.15,853.530208,14.04,'UFK - Rynek Obligacyjno-Pieniężny (PLN)',64,3),(574,6413.35,420.685471,15.25,'UFK - Alfa Kapitałowy 1 (PLN)',64,4),(575,4950.01,407.008746,12.16,'UFK - Alfa Regularny 1 (PLN)',64,4),(576,10758.77,705.7245,15.25,'UFK - Alfa Kapitałowy 1 (PLN)',64,5),(577,5521.10,453.851212,12.17,'UFK - Alfa Kapitałowy 1 (PLN)',65,1),(578,1562.15,133.505116,11.7,'UFK - Alfa Regularny 1 (PLN)',65,1),(579,980.48,81.508009,12.03,'UFK - Alfa Kapitałowy 1 (PLN)',65,2),(580,2157.53,141.523778,15.25,'UFK - Alfa Kapitałowy 1 (PLN)',65,3),(581,1004.72,82.607167,12.16,'UFK - Alfa Regularny 1 (PLN)',65,3),(582,11980.15,853.530208,14.04,'UFK - Rynek Obligacyjno-Pieniężny (PLN)',65,3),(583,6413.35,420.685471,15.25,'UFK - Alfa Kapitałowy 1 (PLN)',65,4),(584,4956.75,407.580927,12.16,'UFK - Alfa Regularny 1 (PLN)',65,4),(585,10758.77,705.7245,15.25,'UFK - Alfa Kapitałowy 1 (PLN)',65,5),(586,5585.16,463.883721,12.04,'UFK - Alfa Kapitałowy 1 (PLN)',66,1),(587,1592.76,136.118954,11.7,'UFK - Alfa Regularny 1 (PLN)',66,1),(588,1017.56,84.590905,12.03,'UFK - Alfa Kapitałowy 1 (PLN)',66,2),(589,2185.54,142.471061,15.34,'UFK - Alfa Kapitałowy 1 (PLN)',66,3),(590,965.30,79.468181,12.15,'UFK - Alfa Regularny 1 (PLN)',66,3),(591,11938.84,852.48505,14,'UFK - Rynek Obligacyjno-Pieniężny (PLN)',66,3),(592,6415.00,419.714046,15.28,'UFK - Alfa Kapitałowy 1 (PLN)',66,4),(593,4956.75,408.063719,12.15,'UFK - Alfa Regularny 1 (PLN)',66,4),(594,10767.43,706.898688,15.23,'UFK - Alfa Kapitałowy 1 (PLN)',66,5),(595,5585.16,461.488122,12.1,'UFK - Alfa Kapitałowy 1 (PLN)',67,1),(596,1592.76,136.37194,11.68,'UFK - Alfa Regularny 1 (PLN)',67,1),(597,1017.56,84.51495,12.04,'UFK - Alfa Kapitałowy 1 (PLN)',67,2),(598,2185.54,143.361102,15.25,'UFK - Alfa Kapitałowy 1 (PLN)',67,3),(599,965.30,79.468181,12.15,'UFK - Alfa Regularny 1 (PLN)',67,3),(600,11938.84,849.978448,14.05,'UFK - Rynek Obligacyjno-Pieniężny (PLN)',67,3),(601,6415.00,420.515079,15.26,'UFK - Alfa Kapitałowy 1 (PLN)',67,4),(602,4956.75,407.682329,12.16,'UFK - Alfa Regularny 1 (PLN)',67,4),(603,10767.43,707.482491,15.22,'UFK - Alfa Kapitałowy 1 (PLN)',67,5),(604,5585.16,463.171325,12.06,'UFK - Alfa Kapitałowy 1 (PLN)',68,1),(605,1592.76,136.249786,11.69,'UFK - Alfa Regularny 1 (PLN)',68,1),(606,1017.56,84.51495,12.04,'UFK - Alfa Kapitałowy 1 (PLN)',68,2),(607,2185.54,143.361102,15.25,'UFK - Alfa Kapitałowy 1 (PLN)',68,3),(608,965.30,79.291758,12.17,'UFK - Alfa Regularny 1 (PLN)',68,3),(609,11938.84,850.587062,14.04,'UFK - Rynek Obligacyjno-Pieniężny (PLN)',68,3),(610,6415.00,420.793703,15.25,'UFK - Alfa Kapitałowy 1 (PLN)',68,4),(611,4957.64,408.876785,12.13,'UFK - Alfa Regularny 1 (PLN)',68,4),(612,10767.43,707.0854,15.23,'UFK - Alfa Kapitałowy 1 (PLN)',68,5),(613,5585.16,463.883721,12.04,'UFK - Alfa Kapitałowy 1 (PLN)',69,1),(614,1592.76,136.01938,11.71,'UFK - Alfa Regularny 1 (PLN)',69,1),(615,1017.56,84.51495,12.04,'UFK - Alfa Kapitałowy 1 (PLN)',69,2),(616,2232.65,146.623042,15.23,'UFK - Alfa Kapitałowy 1 (PLN)',69,3),(617,968.15,79.597117,12.16,'UFK - Alfa Regularny 1 (PLN)',69,3),(618,11910.43,849.427521,14.02,'UFK - Rynek Obligacyjno-Pieniężny (PLN)',69,3),(619,6544.39,428.531485,15.27,'UFK - Alfa Kapitałowy 1 (PLN)',69,4),(620,5031.62,421.161798,11.95,'UFK - Alfa Regularny 1 (PLN)',69,4),(621,10816.69,709.523778,15.25,'UFK - Alfa Kapitałowy 1 (PLN)',69,5),(622,5627.93,466.987649,12.05,'UFK - Alfa Kapitałowy 1 (PLN)',70,1),(623,1586.97,135.754491,11.69,'UFK - Alfa Regularny 1 (PLN)',70,1),(624,995.31,82.762415,12.03,'UFK - Alfa Kapitałowy 1 (PLN)',70,2),(625,2209.01,144.778084,15.26,'UFK - Alfa Kapitałowy 1 (PLN)',70,3),(626,968.17,79.616475,12.16,'UFK - Alfa Regularny 1 (PLN)',70,3),(627,11938.54,850.565688,14.04,'UFK - Rynek Obligacyjno-Pieniężny (PLN)',70,3),(628,6551.27,431.447579,15.18,'UFK - Alfa Kapitałowy 1 (PLN)',70,4),(629,5031.62,414.227381,12.15,'UFK - Alfa Regularny 1 (PLN)',70,4),(630,10918.28,717.756985,15.21,'UFK - Alfa Kapitałowy 1 (PLN)',70,5),(631,5627.93,472.670493,11.91,'UFK - Alfa Kapitałowy 1 (PLN)',71,1),(632,1586.97,135.605771,11.7,'UFK - Alfa Regularny 1 (PLN)',71,1),(633,995.31,82.486653,12.07,'UFK - Alfa Kapitałowy 1 (PLN)',71,2),(634,2209.01,144.567887,15.28,'UFK - Alfa Kapitałowy 1 (PLN)',71,3),(635,968.17,79.704454,12.15,'UFK - Alfa Regularny 1 (PLN)',71,3),(636,11938.54,850.565688,14.04,'UFK - Rynek Obligacyjno-Pieniężny (PLN)',71,3),(637,6551.27,429.732371,15.25,'UFK - Alfa Kapitałowy 1 (PLN)',71,4),(638,5031.62,413.773197,12.16,'UFK - Alfa Regularny 1 (PLN)',71,4),(639,10918.28,714.650629,15.28,'UFK - Alfa Kapitałowy 1 (PLN)',71,5),(640,5592.62,464.009233,12.05,'UFK - Alfa Kapitałowy 1 (PLN)',72,1),(641,1567.72,132.595433,11.82,'UFK - Alfa Regularny 1 (PLN)',72,1),(642,1045.73,87.020804,12.02,'UFK - Alfa Kapitałowy 1 (PLN)',72,2),(643,2209.01,145.076852,15.23,'UFK - Alfa Kapitałowy 1 (PLN)',72,3),(644,968.17,79.614669,12.16,'UFK - Alfa Regularny 1 (PLN)',72,3),(645,11938.54,851.679049,14.02,'UFK - Rynek Obligacyjno-Pieniężny (PLN)',72,3),(646,6551.27,429.732371,15.25,'UFK - Alfa Kapitałowy 1 (PLN)',72,4),(647,5078.88,418.969699,12.12,'UFK - Alfa Regularny 1 (PLN)',72,4),(648,10918.28,716.187602,15.25,'UFK - Alfa Kapitałowy 1 (PLN)',72,5),(649,5592.62,465.147214,12.02,'UFK - Alfa Kapitałowy 1 (PLN)',73,1),(650,1567.72,134.107784,11.69,'UFK - Alfa Regularny 1 (PLN)',73,1),(651,1045.73,86.670074,12.07,'UFK - Alfa Kapitałowy 1 (PLN)',73,2),(652,2192.69,144.187013,15.21,'UFK - Alfa Kapitałowy 1 (PLN)',73,3),(653,977.64,80.553149,12.14,'UFK - Alfa Regularny 1 (PLN)',73,3),(654,12020.81,850.915789,14.13,'UFK - Rynek Obligacyjno-Pieniężny (PLN)',73,3),(655,6561.28,431.348112,15.21,'UFK - Alfa Kapitałowy 1 (PLN)',73,4),(656,5078.88,418.867689,12.13,'UFK - Alfa Regularny 1 (PLN)',73,4),(657,10871.53,714.441135,15.22,'UFK - Alfa Kapitałowy 1 (PLN)',73,5),(658,5507.83,459.017059,12,'UFK - Alfa Kapitałowy 1 (PLN)',74,1),(659,1551.68,132.735672,11.69,'UFK - Alfa Regularny 1 (PLN)',74,1),(660,1107.87,92.132608,12.02,'UFK - Alfa Kapitałowy 1 (PLN)',74,2),(661,2192.69,143.159353,15.32,'UFK - Alfa Kapitałowy 1 (PLN)',74,3),(662,977.64,80.631581,12.12,'UFK - Alfa Regularny 1 (PLN)',74,3),(663,12020.81,856.427045,14.04,'UFK - Rynek Obligacyjno-Pieniężny (PLN)',74,3),(664,6561.28,430.38898,15.25,'UFK - Alfa Kapitałowy 1 (PLN)',74,4),(665,5087.01,418.787355,12.15,'UFK - Alfa Regularny 1 (PLN)',74,4),(666,10871.53,713.121023,15.25,'UFK - Alfa Kapitałowy 1 (PLN)',74,5),(667,5528.41,459.834479,12.02,'UFK - Alfa Kapitałowy 1 (PLN)',75,1),(668,1510.41,129.899806,11.63,'UFK - Alfa Regularny 1 (PLN)',75,1),(669,1131.45,93.828588,12.06,'UFK - Alfa Kapitałowy 1 (PLN)',75,2),(670,2206.63,144.744506,15.25,'UFK - Alfa Kapitałowy 1 (PLN)',75,3),(671,1004.42,82.68873,12.15,'UFK - Alfa Regularny 1 (PLN)',75,3),(672,12026.06,857.68668,14.02,'UFK - Rynek Obligacyjno-Pieniężny (PLN)',75,3),(673,6568.92,430.459043,15.26,'UFK - Alfa Kapitałowy 1 (PLN)',75,4),(674,5099.39,419.461216,12.16,'UFK - Alfa Regularny 1 (PLN)',75,4),(675,10889.27,715.588551,15.22,'UFK - Alfa Kapitałowy 1 (PLN)',75,5),(676,5528.41,459.170266,12.04,'UFK - Alfa Kapitałowy 1 (PLN)',76,1),(677,1510.41,129.06815,11.7,'UFK - Alfa Regularny 1 (PLN)',76,1),(678,1131.45,95.561655,11.84,'UFK - Alfa Kapitałowy 1 (PLN)',76,2),(679,2224.84,145.824441,15.26,'UFK - Alfa Kapitałowy 1 (PLN)',76,3),(680,1009.39,83.229651,12.13,'UFK - Alfa Regularny 1 (PLN)',76,3),(681,11990.95,853.571359,14.05,'UFK - Rynek Obligacyjno-Pieniężny (PLN)',76,3),(682,6599.85,432.91899,15.25,'UFK - Alfa Kapitałowy 1 (PLN)',76,4),(683,5099.39,420.258795,12.13,'UFK - Alfa Regularny 1 (PLN)',76,4),(684,10958.93,718.330505,15.26,'UFK - Alfa Kapitałowy 1 (PLN)',76,5),(685,5528.41,459.170266,12.04,'UFK - Alfa Kapitałowy 1 (PLN)',77,1),(686,1510.41,129.568704,11.66,'UFK - Alfa Regularny 1 (PLN)',77,1),(687,1131.45,94.338692,11.99,'UFK - Alfa Kapitałowy 1 (PLN)',77,2),(688,2224.84,146.107136,15.23,'UFK - Alfa Kapitałowy 1 (PLN)',77,3),(689,1009.39,83.097884,12.15,'UFK - Alfa Regularny 1 (PLN)',77,3),(690,11990.95,854.299658,14.04,'UFK - Rynek Obligacyjno-Pieniężny (PLN)',77,3),(691,6599.85,432.91899,15.25,'UFK - Alfa Kapitałowy 1 (PLN)',77,4),(692,5099.39,417.436509,12.22,'UFK - Alfa Regularny 1 (PLN)',77,4),(693,10958.93,718.854051,15.25,'UFK - Alfa Kapitałowy 1 (PLN)',77,5),(694,5528.41,457.981568,12.07,'UFK - Alfa Kapitałowy 1 (PLN)',78,1),(695,1510.41,129.205304,11.69,'UFK - Alfa Regularny 1 (PLN)',78,1),(696,1131.45,93.974252,12.04,'UFK - Alfa Kapitałowy 1 (PLN)',78,2),(697,2224.84,145.769761,15.26,'UFK - Alfa Kapitałowy 1 (PLN)',78,3),(698,1009.39,83.242156,12.13,'UFK - Alfa Regularny 1 (PLN)',78,3),(699,11990.95,852.741865,14.06,'UFK - Rynek Obligacyjno-Pieniężny (PLN)',78,3),(700,6599.85,433.385023,15.23,'UFK - Alfa Kapitałowy 1 (PLN)',78,4),(701,5099.39,420.172575,12.14,'UFK - Alfa Regularny 1 (PLN)',78,4),(702,10958.93,719.462997,15.23,'UFK - Alfa Kapitałowy 1 (PLN)',78,5),(703,5384.26,448.783819,12,'UFK - Alfa Kapitałowy 1 (PLN)',79,1),(704,1525.33,130.667904,11.67,'UFK - Alfa Regularny 1 (PLN)',79,1),(705,1043.22,86.646179,12.04,'UFK - Alfa Kapitałowy 1 (PLN)',79,2),(706,2224.84,146.161962,15.22,'UFK - Alfa Kapitałowy 1 (PLN)',79,3),(707,1009.39,83.097884,12.15,'UFK - Alfa Regularny 1 (PLN)',79,3),(708,11990.95,850.931606,14.09,'UFK - Rynek Obligacyjno-Pieniężny (PLN)',79,3),(709,6599.85,431.03407,15.31,'UFK - Alfa Kapitałowy 1 (PLN)',79,4),(710,5115.31,421.117148,12.15,'UFK - Alfa Regularny 1 (PLN)',79,4),(711,10958.93,716.007583,15.31,'UFK - Alfa Kapitałowy 1 (PLN)',79,5),(712,5384.26,447.899579,12.02,'UFK - Alfa Kapitałowy 1 (PLN)',80,1),(713,1525.33,130.801299,11.66,'UFK - Alfa Regularny 1 (PLN)',80,1),(714,1043.22,86.646179,12.04,'UFK - Alfa Kapitałowy 1 (PLN)',80,2),(715,2260.87,148.302394,15.25,'UFK - Alfa Kapitałowy 1 (PLN)',80,3),(716,1062.66,87.483329,12.15,'UFK - Alfa Regularny 1 (PLN)',80,3),(717,12006.84,854.675329,14.05,'UFK - Rynek Obligacyjno-Pieniężny (PLN)',80,3),(718,6587.46,432.458652,15.23,'UFK - Alfa Kapitałowy 1 (PLN)',80,4),(719,5164.13,427.335016,12.08,'UFK - Alfa Regularny 1 (PLN)',80,4),(720,10757.49,705.099588,15.26,'UFK - Alfa Kapitałowy 1 (PLN)',80,5),(721,5384.26,448.094473,12.02,'UFK - Alfa Kapitałowy 1 (PLN)',81,1),(722,1525.33,130.348865,11.7,'UFK - Alfa Regularny 1 (PLN)',81,1),(723,1043.22,86.646179,12.04,'UFK - Alfa Kapitałowy 1 (PLN)',81,2),(724,2244.77,147.24631,15.25,'UFK - Alfa Kapitałowy 1 (PLN)',81,3),(725,1087.15,89.376833,12.16,'UFK - Alfa Regularny 1 (PLN)',81,3),(726,12105.23,863.065837,14.03,'UFK - Rynek Obligacyjno-Pieniężny (PLN)',81,3),(727,6548.61,428.153645,15.3,'UFK - Alfa Kapitałowy 1 (PLN)',81,4),(728,5164.13,423.768144,12.19,'UFK - Alfa Regularny 1 (PLN)',81,4),(729,10683.53,700.065946,15.26,'UFK - Alfa Kapitałowy 1 (PLN)',81,5),(730,5422.39,449.869723,12.05,'UFK - Alfa Kapitałowy 1 (PLN)',82,1),(731,1513.83,129.497861,11.69,'UFK - Alfa Regularny 1 (PLN)',82,1),(732,924.56,77.968108,11.86,'UFK - Alfa Kapitałowy 1 (PLN)',82,2),(733,2244.77,147.106463,15.26,'UFK - Alfa Kapitałowy 1 (PLN)',82,3),(734,1087.15,89.413372,12.16,'UFK - Alfa Regularny 1 (PLN)',82,3),(735,12105.23,861.654542,14.05,'UFK - Rynek Obligacyjno-Pieniężny (PLN)',82,3),(736,6548.61,424.495183,15.43,'UFK - Alfa Kapitałowy 1 (PLN)',82,4),(737,5164.13,423.79437,12.19,'UFK - Alfa Regularny 1 (PLN)',82,4),(738,10683.53,699.207569,15.28,'UFK - Alfa Kapitałowy 1 (PLN)',82,5),(739,5482.68,454.352177,12.07,'UFK - Alfa Kapitałowy 1 (PLN)',83,1),(740,1560.69,133.198464,11.72,'UFK - Alfa Regularny 1 (PLN)',83,1),(741,923.69,76.516686,12.07,'UFK - Alfa Kapitałowy 1 (PLN)',83,2),(742,2265.15,148.583142,15.25,'UFK - Alfa Kapitałowy 1 (PLN)',83,3),(743,1094.58,90.28399,12.12,'UFK - Alfa Regularny 1 (PLN)',83,3),(744,12110.37,862.80778,14.04,'UFK - Rynek Obligacyjno-Pieniężny (PLN)',83,3),(745,6610.32,433.605772,15.25,'UFK - Alfa Kapitałowy 1 (PLN)',83,4),(746,5164.13,424.614511,12.16,'UFK - Alfa Regularny 1 (PLN)',83,4),(747,10608.35,695.857658,15.25,'UFK - Alfa Kapitałowy 1 (PLN)',83,5),(748,5482.68,455.372093,12.04,'UFK - Alfa Kapitałowy 1 (PLN)',84,1),(749,1560.69,133.675824,11.68,'UFK - Alfa Regularny 1 (PLN)',84,1),(750,923.69,76.850045,12.02,'UFK - Alfa Kapitałowy 1 (PLN)',84,2),(751,2265.15,148.76219,15.23,'UFK - Alfa Kapitałowy 1 (PLN)',84,3),(752,1094.58,89.986632,12.16,'UFK - Alfa Regularny 1 (PLN)',84,3),(753,12110.37,869.692397,13.92,'UFK - Rynek Obligacyjno-Pieniężny (PLN)',84,3),(754,6610.32,432.659758,15.28,'UFK - Alfa Kapitałowy 1 (PLN)',84,4),(755,5156.44,424.50317,12.15,'UFK - Alfa Regularny 1 (PLN)',84,4),(756,10608.35,697.55233,15.21,'UFK - Alfa Kapitałowy 1 (PLN)',84,5),(757,5482.68,455.372093,12.04,'UFK - Alfa Kapitałowy 1 (PLN)',85,1),(758,1560.69,133.785549,11.67,'UFK - Alfa Regularny 1 (PLN)',85,1),(759,923.69,76.819714,12.02,'UFK - Alfa Kapitałowy 1 (PLN)',85,2),(760,2265.15,148.476116,15.26,'UFK - Alfa Kapitałowy 1 (PLN)',85,3),(761,1094.58,90.252663,12.13,'UFK - Alfa Regularny 1 (PLN)',85,3),(762,12110.37,860.617957,14.07,'UFK - Rynek Obligacyjno-Pieniężny (PLN)',85,3),(763,6610.32,433.250533,15.26,'UFK - Alfa Kapitałowy 1 (PLN)',85,4),(764,5135.41,422.331771,12.16,'UFK - Alfa Regularny 1 (PLN)',85,4),(765,10608.35,693.18298,15.3,'UFK - Alfa Kapitałowy 1 (PLN)',85,5),(766,5441.01,451.91113,12.04,'UFK - Alfa Kapitałowy 1 (PLN)',86,1),(767,1554.33,132.788938,11.71,'UFK - Alfa Regularny 1 (PLN)',86,1),(768,986.65,81.947674,12.04,'UFK - Alfa Kapitałowy 1 (PLN)',86,2),(769,2265.15,148.8435,15.22,'UFK - Alfa Kapitałowy 1 (PLN)',86,3),(770,1094.58,90.205739,12.13,'UFK - Alfa Regularny 1 (PLN)',86,3),(771,12110.37,861.877405,14.05,'UFK - Rynek Obligacyjno-Pieniężny (PLN)',86,3),(772,6610.32,433.605772,15.25,'UFK - Alfa Kapitałowy 1 (PLN)',86,4),(773,5135.41,422.342627,12.16,'UFK - Alfa Regularny 1 (PLN)',86,4),(774,10608.35,695.857658,15.25,'UFK - Alfa Kapitałowy 1 (PLN)',86,5),(775,5387.23,448.57335,12.01,'UFK - Alfa Kapitałowy 1 (PLN)',87,1),(776,1592.19,136.201027,11.69,'UFK - Alfa Regularny 1 (PLN)',87,1),(777,1051.50,87.486863,12.02,'UFK - Alfa Kapitałowy 1 (PLN)',87,2),(778,2292.39,150.369957,15.25,'UFK - Alfa Kapitałowy 1 (PLN)',87,3),(779,1106.16,90.974226,12.16,'UFK - Alfa Regularny 1 (PLN)',87,3),(780,12154.65,866.891277,14.02,'UFK - Rynek Obligacyjno-Pieniężny (PLN)',87,3),(781,6578.68,432.036401,15.23,'UFK - Alfa Kapitałowy 1 (PLN)',87,4),(782,5136.63,422.519179,12.16,'UFK - Alfa Regularny 1 (PLN)',87,4),(783,10754.76,706.468876,15.22,'UFK - Alfa Kapitałowy 1 (PLN)',87,5),(784,5387.23,448.097289,12.02,'UFK - Alfa Kapitałowy 1 (PLN)',88,1),(785,1592.19,136.201027,11.69,'UFK - Alfa Regularny 1 (PLN)',88,1),(786,1051.50,87.150636,12.07,'UFK - Alfa Kapitałowy 1 (PLN)',88,2),(787,2292.39,149.942327,15.29,'UFK - Alfa Kapitałowy 1 (PLN)',88,3),(788,1106.16,91.157684,12.13,'UFK - Alfa Regularny 1 (PLN)',88,3),(789,12154.65,865.215342,14.05,'UFK - Rynek Obligacyjno-Pieniężny (PLN)',88,3),(790,6578.68,434.886396,15.13,'UFK - Alfa Kapitałowy 1 (PLN)',88,4),(791,5139.83,423.135754,12.15,'UFK - Alfa Regularny 1 (PLN)',88,4),(792,10754.76,705.461463,15.25,'UFK - Alfa Kapitałowy 1 (PLN)',88,5),(793,5376.95,447.348801,12.02,'UFK - Alfa Kapitałowy 1 (PLN)',89,1),(794,1622.95,138.832335,11.69,'UFK - Alfa Regularny 1 (PLN)',89,1),(795,1062.58,88.122277,12.06,'UFK - Alfa Kapitałowy 1 (PLN)',89,2),(796,2292.39,150.369957,15.25,'UFK - Alfa Kapitałowy 1 (PLN)',89,3),(797,1106.16,90.443978,12.23,'UFK - Alfa Regularny 1 (PLN)',89,3),(798,12154.65,865.962525,14.04,'UFK - Rynek Obligacyjno-Pieniężny (PLN)',89,3),(799,6578.68,430.991842,15.26,'UFK - Alfa Kapitałowy 1 (PLN)',89,4),(800,5139.83,422.744716,12.16,'UFK - Alfa Regularny 1 (PLN)',89,4),(801,10754.76,705.461463,15.25,'UFK - Alfa Kapitałowy 1 (PLN)',89,5),(802,5376.95,446.590532,12.04,'UFK - Alfa Kapitałowy 1 (PLN)',90,1),(803,1622.95,138.832335,11.69,'UFK - Alfa Regularny 1 (PLN)',90,1),(804,1062.58,88.254153,12.04,'UFK - Alfa Kapitałowy 1 (PLN)',90,2),(805,2292.39,150.369957,15.25,'UFK - Alfa Kapitałowy 1 (PLN)',90,3),(806,1106.16,91.147374,12.14,'UFK - Alfa Regularny 1 (PLN)',90,3),(807,12154.65,867.277195,14.01,'UFK - Rynek Obligacyjno-Pieniężny (PLN)',90,3),(808,6578.68,432.108793,15.22,'UFK - Alfa Kapitałowy 1 (PLN)',90,4),(809,5160.92,424.871985,12.15,'UFK - Alfa Regularny 1 (PLN)',90,4),(810,10754.76,704.944803,15.26,'UFK - Alfa Kapitałowy 1 (PLN)',90,5),(811,5376.95,446.103009,12.05,'UFK - Alfa Kapitałowy 1 (PLN)',91,1),(812,1622.95,138.989814,11.68,'UFK - Alfa Regularny 1 (PLN)',91,1),(813,1062.58,88.109241,12.06,'UFK - Alfa Kapitałowy 1 (PLN)',91,2),(814,2296.22,150.40671,15.27,'UFK - Alfa Kapitałowy 1 (PLN)',91,3),(815,1103.95,90.993501,12.13,'UFK - Alfa Regularny 1 (PLN)',91,3),(816,12145.01,866.042198,14.02,'UFK - Rynek Obligacyjno-Pieniężny (PLN)',91,3),(817,6508.29,427.248721,15.23,'UFK - Alfa Kapitałowy 1 (PLN)',91,4),(818,5141.97,423.311929,12.15,'UFK - Alfa Regularny 1 (PLN)',91,4),(819,10771.39,706.552312,15.25,'UFK - Alfa Kapitałowy 1 (PLN)',91,5),(820,5414.74,449.729236,12.04,'UFK - Alfa Kapitałowy 1 (PLN)',92,1),(821,1638.01,139.954336,11.7,'UFK - Alfa Regularny 1 (PLN)',92,1),(822,1008.79,84.00805,12.01,'UFK - Alfa Kapitałowy 1 (PLN)',92,2),(823,2296.22,150.784671,15.23,'UFK - Alfa Kapitałowy 1 (PLN)',92,3),(824,1103.95,90.882522,12.15,'UFK - Alfa Regularny 1 (PLN)',92,3),(825,12145.01,859.948126,14.12,'UFK - Rynek Obligacyjno-Pieniężny (PLN)',92,3),(826,6508.29,429.078125,15.17,'UFK - Alfa Kapitałowy 1 (PLN)',92,4),(827,5141.97,423.311929,12.15,'UFK - Alfa Regularny 1 (PLN)',92,4),(828,10771.39,706.552312,15.25,'UFK - Alfa Kapitałowy 1 (PLN)',92,5),(829,5482.78,455.844949,12.03,'UFK - Alfa Kapitałowy 1 (PLN)',93,1),(830,1645.65,140.457976,11.72,'UFK - Alfa Regularny 1 (PLN)',93,1),(831,1115.52,92.874753,12.01,'UFK - Alfa Kapitałowy 1 (PLN)',93,2),(832,2296.22,149.396226,15.37,'UFK - Alfa Kapitałowy 1 (PLN)',93,3),(833,1103.95,90.985838,12.13,'UFK - Alfa Regularny 1 (PLN)',93,3),(834,12145.01,865.953689,14.03,'UFK - Rynek Obligacyjno-Pieniężny (PLN)',93,3),(835,6508.29,425.981673,15.28,'UFK - Alfa Kapitałowy 1 (PLN)',93,4),(836,5141.97,424.538246,12.11,'UFK - Alfa Regularny 1 (PLN)',93,4),(837,10771.39,707.509204,15.22,'UFK - Alfa Kapitałowy 1 (PLN)',93,5),(838,5482.78,454.481645,12.06,'UFK - Alfa Kapitałowy 1 (PLN)',94,1),(839,1645.65,140.089383,11.75,'UFK - Alfa Regularny 1 (PLN)',94,1),(840,1115.52,92.559643,12.05,'UFK - Alfa Kapitałowy 1 (PLN)',94,2),(841,2267.80,148.756969,15.25,'UFK - Alfa Kapitałowy 1 (PLN)',94,3),(842,1108.17,91.448149,12.12,'UFK - Alfa Regularny 1 (PLN)',94,3),(843,12155.75,865.408522,14.05,'UFK - Rynek Obligacyjno-Pieniężny (PLN)',94,3),(844,6499.94,426.365366,15.25,'UFK - Alfa Kapitałowy 1 (PLN)',94,4),(845,5141.97,424.33939,12.12,'UFK - Alfa Regularny 1 (PLN)',94,4),(846,10754.67,704.172493,15.27,'UFK - Alfa Kapitałowy 1 (PLN)',94,5),(847,5482.78,454.962856,12.05,'UFK - Alfa Kapitałowy 1 (PLN)',95,1),(848,1645.65,140.638989,11.7,'UFK - Alfa Regularny 1 (PLN)',95,1),(849,1115.52,92.799386,12.02,'UFK - Alfa Kapitałowy 1 (PLN)',95,2),(850,2267.80,148.909591,15.23,'UFK - Alfa Kapitałowy 1 (PLN)',95,3),(851,1108.17,91.11628,12.16,'UFK - Alfa Regularny 1 (PLN)',95,3),(852,12155.75,866.040895,14.04,'UFK - Rynek Obligacyjno-Pieniężny (PLN)',95,3),(853,6499.94,426.365366,15.25,'UFK - Alfa Kapitałowy 1 (PLN)',95,4),(854,5079.42,419.047073,12.12,'UFK - Alfa Regularny 1 (PLN)',95,4),(855,10754.67,705.455559,15.25,'UFK - Alfa Kapitałowy 1 (PLN)',95,5),(856,5486.19,458.118441,11.98,'UFK - Alfa Kapitałowy 1 (PLN)',96,1),(857,1652.05,142.677766,11.58,'UFK - Alfa Regularny 1 (PLN)',96,1),(858,1111.97,92.44718,12.03,'UFK - Alfa Kapitałowy 1 (PLN)',96,2),(859,2267.80,149.574585,15.16,'UFK - Alfa Kapitałowy 1 (PLN)',96,3),(860,1108.17,90.676973,12.22,'UFK - Alfa Regularny 1 (PLN)',96,3),(861,12155.75,865.328171,14.05,'UFK - Rynek Obligacyjno-Pieniężny (PLN)',96,3),(862,6499.94,426.771078,15.23,'UFK - Alfa Kapitałowy 1 (PLN)',96,4),(863,5058.65,416.452622,12.15,'UFK - Alfa Regularny 1 (PLN)',96,4),(864,10754.67,704.914751,15.26,'UFK - Alfa Kapitałowy 1 (PLN)',96,5),(865,5455.30,451.757956,12.08,'UFK - Alfa Kapitałowy 1 (PLN)',97,1),(866,1646.07,140.810094,11.69,'UFK - Alfa Regularny 1 (PLN)',97,1),(867,900.91,74.826412,12.04,'UFK - Alfa Kapitałowy 1 (PLN)',97,2),(868,2246.83,148.051192,15.18,'UFK - Alfa Kapitałowy 1 (PLN)',97,3),(869,1122.94,92.684316,12.12,'UFK - Alfa Regularny 1 (PLN)',97,3),(870,12164.99,864.886873,14.07,'UFK - Rynek Obligacyjno-Pieniężny (PLN)',97,3),(871,6462.24,423.892424,15.25,'UFK - Alfa Kapitałowy 1 (PLN)',97,4),(872,5099.40,419.80736,12.15,'UFK - Alfa Regularny 1 (PLN)',97,4),(873,10772.57,706.629715,15.25,'UFK - Alfa Kapitałowy 1 (PLN)',97,5),(874,5455.30,453.809173,12.02,'UFK - Alfa Kapitałowy 1 (PLN)',98,1),(875,1646.07,140.299385,11.73,'UFK - Alfa Regularny 1 (PLN)',98,1),(876,900.91,74.95346,12.02,'UFK - Alfa Kapitałowy 1 (PLN)',98,2),(877,2216.85,144.914589,15.3,'UFK - Alfa Kapitałowy 1 (PLN)',98,3),(878,1078.56,89.021315,12.12,'UFK - Alfa Regularny 1 (PLN)',98,3),(879,11949.16,852.309682,14.02,'UFK - Rynek Obligacyjno-Pieniężny (PLN)',98,3),(880,6456.89,423.850407,15.23,'UFK - Alfa Kapitałowy 1 (PLN)',98,4),(881,5099.40,419.80736,12.15,'UFK - Alfa Regularny 1 (PLN)',98,4),(882,10672.21,700.506072,15.24,'UFK - Alfa Kapitałowy 1 (PLN)',98,5),(883,5469.98,454.317276,12.04,'UFK - Alfa Kapitałowy 1 (PLN)',99,1),(884,1657.45,141.432891,11.72,'UFK - Alfa Regularny 1 (PLN)',99,1),(885,845.07,70.188538,12.04,'UFK - Alfa Kapitałowy 1 (PLN)',99,2),(886,2216.85,145.41489,15.25,'UFK - Alfa Kapitałowy 1 (PLN)',99,3),(887,1078.56,88.884337,12.13,'UFK - Alfa Regularny 1 (PLN)',99,3),(888,11949.16,852.110742,14.02,'UFK - Rynek Obligacyjno-Pieniężny (PLN)',99,3),(889,6456.89,421.697398,15.31,'UFK - Alfa Kapitałowy 1 (PLN)',99,4),(890,5090.04,418.341044,12.17,'UFK - Alfa Regularny 1 (PLN)',99,4),(891,10672.21,700.046573,15.25,'UFK - Alfa Kapitałowy 1 (PLN)',99,5),(892,5578.25,463.974216,12.02,'UFK - Alfa Kapitałowy 1 (PLN)',100,1),(893,1680.08,141.699185,11.86,'UFK - Alfa Regularny 1 (PLN)',100,1),(894,815.57,67.655125,12.05,'UFK - Alfa Kapitałowy 1 (PLN)',100,2),(895,2186.75,144.012992,15.18,'UFK - Alfa Kapitałowy 1 (PLN)',100,3),(896,1059.81,87.075968,12.17,'UFK - Alfa Regularny 1 (PLN)',100,3),(897,11879.11,847.085963,14.02,'UFK - Rynek Obligacyjno-Pieniężny (PLN)',100,3),(898,6490.18,425.725156,15.25,'UFK - Alfa Kapitałowy 1 (PLN)',100,4),(899,5046.60,417.679018,12.08,'UFK - Alfa Regularny 1 (PLN)',100,4),(900,10582.15,694.139062,15.25,'UFK - Alfa Kapitałowy 1 (PLN)',100,5),(901,5578.25,464.129992,12.02,'UFK - Alfa Kapitałowy 1 (PLN)',101,1),(902,1680.08,143.719418,11.69,'UFK - Alfa Regularny 1 (PLN)',101,1),(903,815.57,67.738372,12.04,'UFK - Alfa Kapitałowy 1 (PLN)',101,2),(904,2159.10,141.626763,15.25,'UFK - Alfa Kapitałowy 1 (PLN)',101,3),(905,1083.54,89.073624,12.16,'UFK - Alfa Regularny 1 (PLN)',101,3),(906,11752.37,837.301938,14.04,'UFK - Rynek Obligacyjno-Pieniężny (PLN)',101,3),(907,6515.33,427.075261,15.26,'UFK - Alfa Kapitałowy 1 (PLN)',101,4),(908,5046.60,415.460608,12.15,'UFK - Alfa Regularny 1 (PLN)',101,4),(909,10586.49,695.448873,15.22,'UFK - Alfa Kapitałowy 1 (PLN)',101,5),(910,5578.25,463.76836,12.03,'UFK - Alfa Kapitałowy 1 (PLN)',102,1),(911,1680.08,142.558002,11.79,'UFK - Alfa Regularny 1 (PLN)',102,1),(912,815.57,67.677274,12.05,'UFK - Alfa Kapitałowy 1 (PLN)',102,2),(913,2159.10,141.499616,15.26,'UFK - Alfa Kapitałowy 1 (PLN)',102,3),(914,1083.54,89.001531,12.17,'UFK - Alfa Regularny 1 (PLN)',102,3),(915,11752.37,836.677756,14.05,'UFK - Rynek Obligacyjno-Pieniężny (PLN)',102,3),(916,6515.33,426.766315,15.27,'UFK - Alfa Kapitałowy 1 (PLN)',102,4),(917,5046.60,415.460608,12.15,'UFK - Alfa Regularny 1 (PLN)',102,4),(918,10586.49,693.412976,15.27,'UFK - Alfa Kapitałowy 1 (PLN)',102,5),(919,5578.25,463.760307,12.03,'UFK - Alfa Kapitałowy 1 (PLN)',103,1),(920,1680.08,143.719418,11.69,'UFK - Alfa Regularny 1 (PLN)',103,1),(921,815.57,67.738372,12.04,'UFK - Alfa Kapitałowy 1 (PLN)',103,2),(922,2159.10,141.626763,15.25,'UFK - Alfa Kapitałowy 1 (PLN)',103,3),(923,1083.54,88.945345,12.18,'UFK - Alfa Regularny 1 (PLN)',103,3),(924,11752.37,838.077381,14.02,'UFK - Rynek Obligacyjno-Pieniężny (PLN)',103,3),(925,6515.33,427.374877,15.25,'UFK - Alfa Kapitałowy 1 (PLN)',103,4),(926,5046.60,415.460608,12.15,'UFK - Alfa Regularny 1 (PLN)',103,4),(927,10586.49,694.423745,15.25,'UFK - Alfa Kapitałowy 1 (PLN)',103,5),(928,5594.29,464.095273,12.05,'UFK - Alfa Kapitałowy 1 (PLN)',104,1),(929,1618.72,138.81468,11.66,'UFK - Alfa Regularny 1 (PLN)',104,1),(930,953.39,78.873267,12.09,'UFK - Alfa Kapitałowy 1 (PLN)',104,2),(931,2138.97,140.735707,15.2,'UFK - Alfa Kapitałowy 1 (PLN)',104,3),(932,1073.50,88.375731,12.15,'UFK - Alfa Regularny 1 (PLN)',104,3),(933,11782.22,841.569968,14,'UFK - Rynek Obligacyjno-Pieniężny (PLN)',104,3),(934,6470.85,424.457199,15.25,'UFK - Alfa Kapitałowy 1 (PLN)',104,4),(935,5063.27,416.832963,12.15,'UFK - Alfa Regularny 1 (PLN)',104,4),(936,10713.60,703.564178,15.23,'UFK - Alfa Kapitałowy 1 (PLN)',104,5),(937,5594.29,465.083492,12.03,'UFK - Alfa Kapitałowy 1 (PLN)',105,1),(938,1618.72,139.011008,11.64,'UFK - Alfa Regularny 1 (PLN)',105,1),(939,953.39,79.299761,12.02,'UFK - Alfa Kapitałowy 1 (PLN)',105,2),(940,2138.97,140.30633,15.25,'UFK - Alfa Kapitałowy 1 (PLN)',105,3),(941,1073.50,88.476197,12.13,'UFK - Alfa Regularny 1 (PLN)',105,3),(942,11782.22,840.149778,14.02,'UFK - Rynek Obligacyjno-Pieniężny (PLN)',105,3),(943,6470.85,424.799099,15.23,'UFK - Alfa Kapitałowy 1 (PLN)',105,4),(944,5063.27,416.363414,12.16,'UFK - Alfa Regularny 1 (PLN)',105,4),(945,10713.60,702.761561,15.25,'UFK - Alfa Kapitałowy 1 (PLN)',105,5),(946,5594.29,464.642027,12.04,'UFK - Alfa Kapitałowy 1 (PLN)',106,1),(947,1618.72,138.007523,11.73,'UFK - Alfa Regularny 1 (PLN)',106,1),(948,953.39,79.185216,12.04,'UFK - Alfa Kapitałowy 1 (PLN)',106,2),(949,2138.97,140.204144,15.26,'UFK - Alfa Kapitałowy 1 (PLN)',106,3),(950,1073.50,88.375731,12.15,'UFK - Alfa Regularny 1 (PLN)',106,3),(951,11782.22,840.488451,14.02,'UFK - Rynek Obligacyjno-Pieniężny (PLN)',106,3),(952,6470.85,423.911971,15.26,'UFK - Alfa Kapitałowy 1 (PLN)',106,4),(953,5063.27,415.653012,12.18,'UFK - Alfa Regularny 1 (PLN)',106,4),(954,10713.60,702.761561,15.25,'UFK - Alfa Kapitałowy 1 (PLN)',106,5),(955,5594.29,466.290044,12,'UFK - Alfa Kapitałowy 1 (PLN)',107,1),(956,1618.72,138.927576,11.65,'UFK - Alfa Regularny 1 (PLN)',107,1),(957,953.39,79.267512,12.03,'UFK - Alfa Kapitałowy 1 (PLN)',107,2),(958,2146.70,140.813381,15.25,'UFK - Alfa Kapitałowy 1 (PLN)',107,3),(959,1075.42,88.533794,12.15,'UFK - Alfa Regularny 1 (PLN)',107,3),(960,11874.86,846.028783,14.04,'UFK - Rynek Obligacyjno-Pieniężny (PLN)',107,3),(961,6391.87,419.687372,15.23,'UFK - Alfa Kapitałowy 1 (PLN)',107,4),(962,5040.07,414.923026,12.15,'UFK - Alfa Regularny 1 (PLN)',107,4),(963,10727.88,702.023737,15.28,'UFK - Alfa Kapitałowy 1 (PLN)',107,5),(964,5636.17,470.122829,11.99,'UFK - Alfa Kapitałowy 1 (PLN)',108,1),(965,1624.58,139.312263,11.66,'UFK - Alfa Regularny 1 (PLN)',108,1),(966,924.60,76.420653,12.1,'UFK - Alfa Kapitałowy 1 (PLN)',108,2),(967,2146.70,140.682486,15.26,'UFK - Alfa Kapitałowy 1 (PLN)',108,3),(968,1075.42,88.636569,12.13,'UFK - Alfa Regularny 1 (PLN)',108,3),(969,11874.86,845.266488,14.05,'UFK - Rynek Obligacyjno-Pieniężny (PLN)',108,3),(970,6391.87,418.75328,15.26,'UFK - Alfa Kapitałowy 1 (PLN)',108,4),(971,4923.08,405.291842,12.15,'UFK - Alfa Regularny 1 (PLN)',108,4),(972,10727.88,703.698262,15.25,'UFK - Alfa Kapitałowy 1 (PLN)',108,5),(973,5636.17,468.748377,12.02,'UFK - Alfa Kapitałowy 1 (PLN)',109,1),(974,1624.58,139.526914,11.64,'UFK - Alfa Regularny 1 (PLN)',109,1),(975,924.60,76.987788,12.01,'UFK - Alfa Kapitałowy 1 (PLN)',109,2),(976,2146.70,140.106434,15.32,'UFK - Alfa Kapitałowy 1 (PLN)',109,3),(977,1075.42,87.997175,12.22,'UFK - Alfa Regularny 1 (PLN)',109,3),(978,11874.86,844.859999,14.06,'UFK - Rynek Obligacyjno-Pieniężny (PLN)',109,3),(979,6391.87,419.276484,15.25,'UFK - Alfa Kapitałowy 1 (PLN)',109,4),(980,4923.08,405.291842,12.15,'UFK - Alfa Regularny 1 (PLN)',109,4),(981,10727.88,704.16959,15.23,'UFK - Alfa Kapitałowy 1 (PLN)',109,5),(982,5606.76,466.375678,12.02,'UFK - Alfa Kapitałowy 1 (PLN)',110,1),(983,1644.67,140.690334,11.69,'UFK - Alfa Regularny 1 (PLN)',110,1),(984,991.76,82.289747,12.05,'UFK - Alfa Kapitałowy 1 (PLN)',110,2),(985,2130.34,139.597166,15.26,'UFK - Alfa Kapitałowy 1 (PLN)',110,3),(986,1053.35,86.716885,12.15,'UFK - Alfa Regularny 1 (PLN)',110,3),(987,11922.25,849.405101,14.04,'UFK - Rynek Obligacyjno-Pieniężny (PLN)',110,3),(988,6394.82,419.46999,15.25,'UFK - Alfa Kapitałowy 1 (PLN)',110,4),(989,4923.08,404.583177,12.17,'UFK - Alfa Regularny 1 (PLN)',110,4),(990,10815.24,708.782932,15.26,'UFK - Alfa Kapitałowy 1 (PLN)',110,5),(991,5624.39,464.652196,12.1,'UFK - Alfa Kapitałowy 1 (PLN)',111,1),(992,1617.93,138.402908,11.69,'UFK - Alfa Regularny 1 (PLN)',111,1),(993,918.90,76.232045,12.05,'UFK - Alfa Kapitałowy 1 (PLN)',111,2),(994,2114.56,138.532063,15.26,'UFK - Alfa Kapitałowy 1 (PLN)',111,3),(995,1028.34,84.585025,12.16,'UFK - Alfa Regularny 1 (PLN)',111,3),(996,11965.14,852.460815,14.04,'UFK - Rynek Obligacyjno-Pieniężny (PLN)',111,3),(997,6376.81,418.288619,15.25,'UFK - Alfa Kapitałowy 1 (PLN)',111,4),(998,4925.73,404.726026,12.17,'UFK - Alfa Regularny 1 (PLN)',111,4),(999,10845.06,710.893861,15.26,'UFK - Alfa Kapitałowy 1 (PLN)',111,5),(1000,5625.19,467.68218,12.03,'UFK - Alfa Kapitałowy 1 (PLN)',112,1),(1001,1628.85,139.187273,11.7,'UFK - Alfa Regularny 1 (PLN)',112,1),(1002,829.67,68.826621,12.05,'UFK - Alfa Kapitałowy 1 (PLN)',112,2),(1003,2114.12,138.676287,15.25,'UFK - Alfa Kapitałowy 1 (PLN)',112,3),(1004,1024.57,84.631956,12.11,'UFK - Alfa Regularny 1 (PLN)',112,3),(1005,11933.89,850.234397,14.04,'UFK - Rynek Obligacyjno-Pieniężny (PLN)',112,3),(1006,6311.25,413.988193,15.25,'UFK - Alfa Kapitałowy 1 (PLN)',112,4),(1007,4933.46,405.575622,12.16,'UFK - Alfa Regularny 1 (PLN)',112,4),(1008,10922.53,716.466382,15.25,'UFK - Alfa Kapitałowy 1 (PLN)',112,5),(1009,5625.19,466.630014,12.05,'UFK - Alfa Kapitałowy 1 (PLN)',113,1),(1010,1628.85,139.33704,11.69,'UFK - Alfa Regularny 1 (PLN)',113,1),(1011,829.67,68.644289,12.09,'UFK - Alfa Kapitałowy 1 (PLN)',113,2),(1012,2114.12,138.676287,15.25,'UFK - Alfa Kapitałowy 1 (PLN)',113,3),(1013,1024.57,84.470656,12.13,'UFK - Alfa Regularny 1 (PLN)',113,3),(1014,11933.89,848.284837,14.07,'UFK - Rynek Obligacyjno-Pieniężny (PLN)',113,3),(1015,6311.25,413.554158,15.26,'UFK - Alfa Kapitałowy 1 (PLN)',113,4),(1016,4940.27,406.707006,12.15,'UFK - Alfa Regularny 1 (PLN)',113,4),(1017,10922.53,717.774232,15.22,'UFK - Alfa Kapitałowy 1 (PLN)',113,5),(1018,5625.19,467.208472,12.04,'UFK - Alfa Kapitałowy 1 (PLN)',114,1),(1019,1628.85,139.33704,11.69,'UFK - Alfa Regularny 1 (PLN)',114,1),(1020,829.67,69.220235,11.99,'UFK - Alfa Kapitałowy 1 (PLN)',114,2),(1021,2207.81,144.715845,15.26,'UFK - Alfa Kapitałowy 1 (PLN)',114,3),(1022,1033.67,85.096732,12.15,'UFK - Alfa Regularny 1 (PLN)',114,3),(1023,11934.77,850.90945,14.03,'UFK - Rynek Obligacyjno-Pieniężny (PLN)',114,3),(1024,6366.22,413.973339,15.38,'UFK - Alfa Kapitałowy 1 (PLN)',114,4),(1025,4940.27,407.73984,12.12,'UFK - Alfa Regularny 1 (PLN)',114,4),(1026,10910.04,721.961398,15.11,'UFK - Alfa Kapitałowy 1 (PLN)',114,5),(1027,5625.19,467.700187,12.03,'UFK - Alfa Kapitałowy 1 (PLN)',115,1),(1028,1628.85,139.568869,11.67,'UFK - Alfa Regularny 1 (PLN)',115,1),(1029,829.67,68.982923,12.03,'UFK - Alfa Kapitałowy 1 (PLN)',115,2),(1030,2207.81,144.821909,15.25,'UFK - Alfa Kapitałowy 1 (PLN)',115,3),(1031,1033.67,85.096732,12.15,'UFK - Alfa Regularny 1 (PLN)',115,3),(1032,11934.77,851.064617,14.02,'UFK - Rynek Obligacyjno-Pieniężny (PLN)',115,3),(1033,6366.22,417.593965,15.25,'UFK - Alfa Kapitałowy 1 (PLN)',115,4),(1034,4940.27,406.707006,12.15,'UFK - Alfa Regularny 1 (PLN)',115,4),(1035,10910.04,714.896796,15.26,'UFK - Alfa Kapitałowy 1 (PLN)',115,5),(1036,5410.00,448.921261,12.05,'UFK - Alfa Kapitałowy 1 (PLN)',116,1),(1037,1596.98,136.610778,11.69,'UFK - Alfa Regularny 1 (PLN)',116,1),(1038,751.00,62.500501,12.02,'UFK - Alfa Kapitałowy 1 (PLN)',116,2),(1039,2207.81,144.821909,15.25,'UFK - Alfa Kapitałowy 1 (PLN)',116,3),(1040,1033.67,85.016284,12.16,'UFK - Alfa Regularny 1 (PLN)',116,3),(1041,11934.77,850.297093,14.04,'UFK - Rynek Obligacyjno-Pieniężny (PLN)',116,3),(1042,6366.22,417.96197,15.23,'UFK - Alfa Kapitałowy 1 (PLN)',116,4),(1043,4919.01,404.956779,12.15,'UFK - Alfa Regularny 1 (PLN)',116,4),(1044,10910.04,716.286349,15.23,'UFK - Alfa Kapitałowy 1 (PLN)',116,5),(1045,5410.00,449.335548,12.04,'UFK - Alfa Kapitałowy 1 (PLN)',117,1),(1046,1596.98,136.610778,11.69,'UFK - Alfa Regularny 1 (PLN)',117,1),(1047,751.00,62.164673,12.08,'UFK - Alfa Kapitałowy 1 (PLN)',117,2),(1048,2207.81,144.821909,15.25,'UFK - Alfa Kapitałowy 1 (PLN)',117,3),(1049,1033.67,85.226663,12.13,'UFK - Alfa Regularny 1 (PLN)',117,3),(1050,11934.77,852.109297,14.01,'UFK - Rynek Obligacyjno-Pieniężny (PLN)',117,3),(1051,6366.22,417.593965,15.25,'UFK - Alfa Kapitałowy 1 (PLN)',117,4),(1052,4867.99,400.756565,12.15,'UFK - Alfa Regularny 1 (PLN)',117,4),(1053,10910.04,716.136422,15.23,'UFK - Alfa Kapitałowy 1 (PLN)',117,5),(1054,5410.00,449.335548,12.04,'UFK - Alfa Kapitałowy 1 (PLN)',118,1),(1055,1596.98,136.610778,11.69,'UFK - Alfa Regularny 1 (PLN)',118,1),(1056,751.00,62.375415,12.04,'UFK - Alfa Kapitałowy 1 (PLN)',118,2),(1057,2241.47,147.346739,15.21,'UFK - Alfa Kapitałowy 1 (PLN)',118,3),(1058,1033.71,84.495151,12.23,'UFK - Alfa Regularny 1 (PLN)',118,3),(1059,11925.62,847.077099,14.08,'UFK - Rynek Obligacyjno-Pieniężny (PLN)',118,3),(1060,6469.98,424.842475,15.23,'UFK - Alfa Kapitałowy 1 (PLN)',118,4),(1061,4882.17,402.260135,12.14,'UFK - Alfa Regularny 1 (PLN)',118,4),(1062,10938.75,717.530338,15.25,'UFK - Alfa Kapitałowy 1 (PLN)',118,5),(1063,5350.30,442.21655,12.1,'UFK - Alfa Kapitałowy 1 (PLN)',119,1),(1064,1571.53,134.552364,11.68,'UFK - Alfa Regularny 1 (PLN)',119,1),(1065,730.93,60.655442,12.05,'UFK - Alfa Kapitałowy 1 (PLN)',119,2),(1066,2248.32,147.825483,15.21,'UFK - Alfa Kapitałowy 1 (PLN)',119,3),(1067,1034.95,85.276397,12.14,'UFK - Alfa Regularny 1 (PLN)',119,3),(1068,11918.71,845.388517,14.1,'UFK - Rynek Obligacyjno-Pieniężny (PLN)',119,3),(1069,6494.92,428.283548,15.17,'UFK - Alfa Kapitałowy 1 (PLN)',119,4),(1070,4882.17,402.832511,12.12,'UFK - Alfa Regularny 1 (PLN)',119,4),(1071,10858.04,712.744324,15.23,'UFK - Alfa Kapitałowy 1 (PLN)',119,5),(1072,5198.66,434.455305,11.97,'UFK - Alfa Kapitałowy 1 (PLN)',120,1),(1073,1571.03,134.262606,11.7,'UFK - Alfa Regularny 1 (PLN)',120,1),(1074,867.02,72.175866,12.01,'UFK - Alfa Kapitałowy 1 (PLN)',120,2),(1075,2236.23,146.83096,15.23,'UFK - Alfa Kapitałowy 1 (PLN)',120,3),(1076,1005.98,82.817156,12.15,'UFK - Alfa Regularny 1 (PLN)',120,3),(1077,11931.29,848.479024,14.06,'UFK - Rynek Obligacyjno-Pieniężny (PLN)',120,3),(1078,6505.28,426.715644,15.25,'UFK - Alfa Kapitałowy 1 (PLN)',120,4),(1079,4882.17,401.923932,12.15,'UFK - Alfa Regularny 1 (PLN)',120,4),(1080,10922.40,715.712659,15.26,'UFK - Alfa Kapitałowy 1 (PLN)',120,5),(1081,5198.66,430.968875,12.06,'UFK - Alfa Kapitałowy 1 (PLN)',121,1),(1082,1571.03,134.527932,11.68,'UFK - Alfa Regularny 1 (PLN)',121,1),(1083,867.02,72.011628,12.04,'UFK - Alfa Kapitałowy 1 (PLN)',121,2),(1084,2236.23,146.686127,15.25,'UFK - Alfa Kapitałowy 1 (PLN)',121,3),(1085,1005.98,82.817156,12.15,'UFK - Alfa Regularny 1 (PLN)',121,3),(1086,11931.29,850.954033,14.02,'UFK - Rynek Obligacyjno-Pieniężny (PLN)',121,3),(1087,6505.28,426.715644,15.25,'UFK - Alfa Kapitałowy 1 (PLN)',121,4),(1088,4882.17,401.480283,12.16,'UFK - Alfa Regularny 1 (PLN)',121,4),(1089,10922.40,715.840017,15.26,'UFK - Alfa Kapitałowy 1 (PLN)',121,5),(1090,5198.66,431.782392,12.04,'UFK - Alfa Kapitałowy 1 (PLN)',122,1),(1091,1571.03,134.251729,11.7,'UFK - Alfa Regularny 1 (PLN)',122,1),(1092,867.02,71.874395,12.06,'UFK - Alfa Kapitałowy 1 (PLN)',122,2),(1093,2293.66,150.453263,15.25,'UFK - Alfa Kapitałowy 1 (PLN)',122,3),(1094,1014.57,83.417026,12.16,'UFK - Alfa Regularny 1 (PLN)',122,3),(1095,11848.96,846.299138,14,'UFK - Rynek Obligacyjno-Pieniężny (PLN)',122,3),(1096,6492.00,425.844539,15.25,'UFK - Alfa Kapitałowy 1 (PLN)',122,4),(1097,4942.53,406.89306,12.15,'UFK - Alfa Regularny 1 (PLN)',122,4),(1098,10879.79,713.085371,15.26,'UFK - Alfa Kapitałowy 1 (PLN)',122,5),(1099,5198.66,434.359274,11.97,'UFK - Alfa Kapitałowy 1 (PLN)',123,1),(1100,1571.03,134.390932,11.69,'UFK - Alfa Regularny 1 (PLN)',123,1),(1101,867.02,70.940345,12.22,'UFK - Alfa Kapitałowy 1 (PLN)',123,2),(1102,2293.66,151.35583,15.15,'UFK - Alfa Kapitałowy 1 (PLN)',123,3),(1103,1014.57,83.845376,12.1,'UFK - Alfa Regularny 1 (PLN)',123,3),(1104,11848.96,847.447133,13.98,'UFK - Rynek Obligacyjno-Pieniężny (PLN)',123,3),(1105,6492.00,424.298319,15.3,'UFK - Alfa Kapitałowy 1 (PLN)',123,4),(1106,4897.36,403.174446,12.15,'UFK - Alfa Regularny 1 (PLN)',123,4),(1107,10879.79,712.863516,15.26,'UFK - Alfa Kapitałowy 1 (PLN)',123,5),(1108,5268.09,437.933905,12.03,'UFK - Alfa Kapitałowy 1 (PLN)',124,1),(1109,1579.85,134.684569,11.73,'UFK - Alfa Regularny 1 (PLN)',124,1),(1110,963.54,79.88242,12.06,'UFK - Alfa Kapitałowy 1 (PLN)',124,2),(1111,2326.21,152.58839,15.25,'UFK - Alfa Kapitałowy 1 (PLN)',124,3),(1112,1045.77,86.092862,12.15,'UFK - Alfa Regularny 1 (PLN)',124,3),(1113,11836.20,843.969569,14.02,'UFK - Rynek Obligacyjno-Pieniężny (PLN)',124,3),(1114,6480.12,424.386298,15.27,'UFK - Alfa Kapitałowy 1 (PLN)',124,4),(1115,4897.36,403.174446,12.15,'UFK - Alfa Regularny 1 (PLN)',124,4),(1116,10891.48,715.547185,15.22,'UFK - Alfa Kapitałowy 1 (PLN)',124,5),(1117,5268.09,437.095208,12.05,'UFK - Alfa Kapitałowy 1 (PLN)',125,1),(1118,1579.85,134.899896,11.71,'UFK - Alfa Regularny 1 (PLN)',125,1),(1119,963.54,79.952347,12.05,'UFK - Alfa Kapitałowy 1 (PLN)',125,2),(1120,2326.21,152.441339,15.26,'UFK - Alfa Kapitałowy 1 (PLN)',125,3),(1121,1045.77,86.011003,12.16,'UFK - Alfa Regularny 1 (PLN)',125,3),(1122,11836.20,843.274437,14.04,'UFK - Rynek Obligacyjno-Pieniężny (PLN)',125,3),(1123,6480.12,427.140705,15.17,'UFK - Alfa Kapitałowy 1 (PLN)',125,4),(1124,4897.36,404.125004,12.12,'UFK - Alfa Regularny 1 (PLN)',125,4),(1125,10891.48,714.974986,15.23,'UFK - Alfa Kapitałowy 1 (PLN)',125,5),(1126,5268.09,437.549003,12.04,'UFK - Alfa Kapitałowy 1 (PLN)',126,1),(1127,1579.85,135.97627,11.62,'UFK - Alfa Regularny 1 (PLN)',126,1),(1128,963.54,79.454396,12.13,'UFK - Alfa Kapitałowy 1 (PLN)',126,2),(1129,2326.21,152.726571,15.23,'UFK - Alfa Kapitałowy 1 (PLN)',126,3),(1130,1045.77,85.904274,12.17,'UFK - Alfa Regularny 1 (PLN)',126,3),(1131,11836.20,842.62543,14.05,'UFK - Rynek Obligacyjno-Pieniężny (PLN)',126,3),(1132,6480.12,425.065267,15.25,'UFK - Alfa Kapitałowy 1 (PLN)',126,4),(1133,4913.86,404.532806,12.15,'UFK - Alfa Regularny 1 (PLN)',126,4),(1134,10891.48,714.429649,15.25,'UFK - Alfa Kapitałowy 1 (PLN)',126,5),(1135,5268.09,437.158586,12.05,'UFK - Alfa Kapitałowy 1 (PLN)',127,1),(1136,1579.85,135.145423,11.69,'UFK - Alfa Regularny 1 (PLN)',127,1),(1137,963.54,80.399221,11.98,'UFK - Alfa Kapitałowy 1 (PLN)',127,2),(1138,2326.21,152.749997,15.23,'UFK - Alfa Kapitałowy 1 (PLN)',127,3),(1139,1045.77,86.092862,12.15,'UFK - Alfa Regularny 1 (PLN)',127,3),(1140,11836.20,843.274437,14.04,'UFK - Rynek Obligacyjno-Pieniężny (PLN)',127,3),(1141,6480.12,424.664462,15.26,'UFK - Alfa Kapitałowy 1 (PLN)',127,4),(1142,4922.82,405.270437,12.15,'UFK - Alfa Regularny 1 (PLN)',127,4),(1143,10891.48,710.377699,15.33,'UFK - Alfa Kapitałowy 1 (PLN)',127,5),(1144,5349.64,443.94408,12.05,'UFK - Alfa Kapitałowy 1 (PLN)',128,1),(1145,1583.59,135.912524,11.65,'UFK - Alfa Regularny 1 (PLN)',128,1),(1146,954.88,79.466117,12.02,'UFK - Alfa Kapitałowy 1 (PLN)',128,2),(1147,2426.06,159.138078,15.25,'UFK - Alfa Kapitałowy 1 (PLN)',128,3),(1148,1045.81,86.187121,12.13,'UFK - Alfa Regularny 1 (PLN)',128,3),(1149,11872.82,844.531331,14.06,'UFK - Rynek Obligacyjno-Pieniężny (PLN)',128,3),(1150,6555.77,424.459048,15.44,'UFK - Alfa Kapitałowy 1 (PLN)',128,4),(1151,4922.82,404.538491,12.17,'UFK - Alfa Regularny 1 (PLN)',128,4),(1152,10931.12,719.389273,15.19,'UFK - Alfa Kapitałowy 1 (PLN)',128,5),(1153,5349.64,443.475512,12.06,'UFK - Alfa Kapitałowy 1 (PLN)',129,1),(1154,1583.59,136.765282,11.58,'UFK - Alfa Regularny 1 (PLN)',129,1),(1155,954.88,79.443629,12.02,'UFK - Alfa Kapitałowy 1 (PLN)',129,2),(1156,2426.06,159.007701,15.26,'UFK - Alfa Kapitałowy 1 (PLN)',129,3),(1157,1045.81,85.574312,12.22,'UFK - Alfa Regularny 1 (PLN)',129,3),(1158,11872.82,845.883443,14.04,'UFK - Rynek Obligacyjno-Pieniężny (PLN)',129,3),(1159,6555.77,430.02755,15.25,'UFK - Alfa Kapitałowy 1 (PLN)',129,4),(1160,4931.75,406.005598,12.15,'UFK - Alfa Regularny 1 (PLN)',129,4),(1161,10931.12,717.029846,15.25,'UFK - Alfa Kapitałowy 1 (PLN)',129,5),(1162,5349.64,444.838997,12.03,'UFK - Alfa Kapitałowy 1 (PLN)',130,1),(1163,1583.59,135.345377,11.7,'UFK - Alfa Regularny 1 (PLN)',130,1),(1164,954.88,79.403862,12.03,'UFK - Alfa Kapitałowy 1 (PLN)',130,2),(1165,2426.06,159.138078,15.25,'UFK - Alfa Kapitałowy 1 (PLN)',130,3),(1166,1045.81,86.096155,12.15,'UFK - Alfa Regularny 1 (PLN)',130,3),(1167,11872.82,842.804166,14.09,'UFK - Rynek Obligacyjno-Pieniężny (PLN)',130,3),(1168,6555.77,429.730831,15.26,'UFK - Alfa Kapitałowy 1 (PLN)',130,4),(1169,4942.95,406.192697,12.17,'UFK - Alfa Regularny 1 (PLN)',130,4),(1170,10931.12,717.512568,15.23,'UFK - Alfa Kapitałowy 1 (PLN)',130,5),(1171,5375.82,445.72542,12.06,'UFK - Alfa Kapitałowy 1 (PLN)',131,1),(1172,1578.65,134.771506,11.71,'UFK - Alfa Regularny 1 (PLN)',131,1),(1173,1080.33,89.728405,12.04,'UFK - Alfa Kapitałowy 1 (PLN)',131,2),(1174,2485.52,163.167325,15.23,'UFK - Alfa Kapitałowy 1 (PLN)',131,3),(1175,1053.30,86.712769,12.15,'UFK - Alfa Regularny 1 (PLN)',131,3),(1176,11875.25,842.305919,14.1,'UFK - Rynek Obligacyjno-Pieniężny (PLN)',131,3),(1177,6605.55,431.523763,15.31,'UFK - Alfa Kapitałowy 1 (PLN)',131,4),(1178,4935.00,406.273154,12.15,'UFK - Alfa Regularny 1 (PLN)',131,4),(1179,10939.35,716.996139,15.26,'UFK - Alfa Kapitałowy 1 (PLN)',131,5),(1180,5375.82,446.080387,12.05,'UFK - Alfa Kapitałowy 1 (PLN)',132,1),(1181,1578.65,135.042772,11.69,'UFK - Alfa Regularny 1 (PLN)',132,1),(1182,1080.33,89.915106,12.01,'UFK - Alfa Kapitałowy 1 (PLN)',132,2),(1183,2486.37,163.094129,15.25,'UFK - Alfa Kapitałowy 1 (PLN)',132,3),(1184,1002.36,82.631581,12.13,'UFK - Alfa Regularny 1 (PLN)',132,3),(1185,11846.03,843.974779,14.04,'UFK - Rynek Obligacyjno-Pieniężny (PLN)',132,3),(1186,6602.03,430.801305,15.33,'UFK - Alfa Kapitałowy 1 (PLN)',132,4),(1187,4935.00,399.692233,12.35,'UFK - Alfa Regularny 1 (PLN)',132,4),(1188,11047.16,725.136996,15.23,'UFK - Alfa Kapitałowy 1 (PLN)',132,5),(1189,5375.82,445.72542,12.06,'UFK - Alfa Kapitałowy 1 (PLN)',133,1),(1190,1578.65,134.859655,11.71,'UFK - Alfa Regularny 1 (PLN)',133,1),(1191,1080.33,89.827223,12.03,'UFK - Alfa Kapitałowy 1 (PLN)',133,2),(1192,2486.37,163.208019,15.23,'UFK - Alfa Kapitałowy 1 (PLN)',133,3),(1193,1002.36,82.698302,12.12,'UFK - Alfa Regularny 1 (PLN)',133,3),(1194,11846.03,840.737016,14.09,'UFK - Rynek Obligacyjno-Pieniężny (PLN)',133,3),(1195,6602.03,433.406587,15.23,'UFK - Alfa Kapitałowy 1 (PLN)',133,4),(1196,4935.00,405.8155,12.16,'UFK - Alfa Regularny 1 (PLN)',133,4),(1197,11047.16,724.641522,15.25,'UFK - Alfa Kapitałowy 1 (PLN)',133,5),(1198,5375.82,446.496678,12.04,'UFK - Alfa Kapitałowy 1 (PLN)',134,1),(1199,1578.65,135.165126,11.68,'UFK - Alfa Regularny 1 (PLN)',134,1),(1200,1080.33,89.935899,12.01,'UFK - Alfa Kapitałowy 1 (PLN)',134,2),(1201,2439.12,160.220768,15.22,'UFK - Alfa Kapitałowy 1 (PLN)',134,3),(1202,915.10,75.737738,12.08,'UFK - Alfa Regularny 1 (PLN)',134,3),(1203,11902.24,847.979481,14.04,'UFK - Rynek Obligacyjno-Pieniężny (PLN)',134,3),(1204,6594.08,431.224863,15.29,'UFK - Alfa Kapitałowy 1 (PLN)',134,4),(1205,4936.07,407.627577,12.11,'UFK - Alfa Regularny 1 (PLN)',134,4),(1206,11167.90,732.561496,15.25,'UFK - Alfa Kapitałowy 1 (PLN)',134,5),(1207,5403.62,447.839519,12.07,'UFK - Alfa Kapitałowy 1 (PLN)',135,1),(1208,1555.17,131.781659,11.8,'UFK - Alfa Regularny 1 (PLN)',135,1),(1209,1053.02,87.357217,12.05,'UFK - Alfa Kapitałowy 1 (PLN)',135,2),(1210,2439.12,159.872099,15.26,'UFK - Alfa Kapitałowy 1 (PLN)',135,3),(1211,915.10,75.178788,12.17,'UFK - Alfa Regularny 1 (PLN)',135,3),(1212,11902.24,846.911543,14.05,'UFK - Rynek Obligacyjno-Pieniężny (PLN)',135,3),(1213,6594.08,432.916628,15.23,'UFK - Alfa Kapitałowy 1 (PLN)',135,4),(1214,4936.07,405.712693,12.17,'UFK - Alfa Regularny 1 (PLN)',135,4),(1215,11167.90,732.561496,15.25,'UFK - Alfa Kapitałowy 1 (PLN)',135,5),(1216,5403.62,449.600163,12.02,'UFK - Alfa Kapitałowy 1 (PLN)',136,1),(1217,1555.17,132.897248,11.7,'UFK - Alfa Regularny 1 (PLN)',136,1),(1218,1053.02,87.362079,12.05,'UFK - Alfa Kapitałowy 1 (PLN)',136,2),(1219,2439.12,159.191505,15.32,'UFK - Alfa Kapitałowy 1 (PLN)',136,3),(1220,915.10,75.216393,12.17,'UFK - Alfa Regularny 1 (PLN)',136,3),(1221,11902.24,847.979481,14.04,'UFK - Rynek Obligacyjno-Pieniężny (PLN)',136,3),(1222,6594.08,432.540505,15.25,'UFK - Alfa Kapitałowy 1 (PLN)',136,4),(1223,4936.07,406.361241,12.15,'UFK - Alfa Regularny 1 (PLN)',136,4),(1224,11167.90,732.561496,15.25,'UFK - Alfa Kapitałowy 1 (PLN)',136,5),(1225,5403.62,447.727773,12.07,'UFK - Alfa Kapitałowy 1 (PLN)',137,1),(1226,1555.17,132.164542,11.77,'UFK - Alfa Regularny 1 (PLN)',137,1),(1227,1053.02,87.383331,12.05,'UFK - Alfa Kapitałowy 1 (PLN)',137,2),(1228,2478.92,162.720836,15.23,'UFK - Alfa Kapitałowy 1 (PLN)',137,3),(1229,896.15,73.448572,12.2,'UFK - Alfa Regularny 1 (PLN)',137,3),(1230,11925.17,849.613138,14.04,'UFK - Rynek Obligacyjno-Pieniężny (PLN)',137,3),(1231,6588.48,431.418531,15.27,'UFK - Alfa Kapitałowy 1 (PLN)',137,4),(1232,4931.66,405.998189,12.15,'UFK - Alfa Regularny 1 (PLN)',137,4),(1233,11161.04,732.828976,15.23,'UFK - Alfa Kapitałowy 1 (PLN)',137,5),(1234,5403.62,449.190268,12.03,'UFK - Alfa Kapitałowy 1 (PLN)',138,1),(1235,1555.17,132.770088,11.71,'UFK - Alfa Regularny 1 (PLN)',138,1),(1236,1053.02,87.460133,12.04,'UFK - Alfa Kapitałowy 1 (PLN)',138,2),(1237,2566.85,168.373237,15.25,'UFK - Alfa Kapitałowy 1 (PLN)',138,3),(1238,918.44,75.511764,12.16,'UFK - Alfa Regularny 1 (PLN)',138,3),(1239,11890.44,845.784668,14.06,'UFK - Rynek Obligacyjno-Pieniężny (PLN)',138,3),(1240,6614.21,433.454758,15.26,'UFK - Alfa Kapitałowy 1 (PLN)',138,4),(1241,4923.52,405.328065,12.15,'UFK - Alfa Regularny 1 (PLN)',138,4),(1242,11088.85,726.685361,15.26,'UFK - Alfa Kapitałowy 1 (PLN)',138,5),(1243,5407.62,449.137874,12.04,'UFK - Alfa Kapitałowy 1 (PLN)',139,1),(1244,1580.79,135.225834,11.69,'UFK - Alfa Regularny 1 (PLN)',139,1),(1245,1110.07,92.488383,12,'UFK - Alfa Kapitałowy 1 (PLN)',139,2),(1246,2566.85,168.017716,15.28,'UFK - Alfa Kapitałowy 1 (PLN)',139,3),(1247,918.44,75.683741,12.14,'UFK - Alfa Regularny 1 (PLN)',139,3),(1248,11890.44,845.73751,14.06,'UFK - Rynek Obligacyjno-Pieniężny (PLN)',139,3),(1249,6614.21,433.445872,15.26,'UFK - Alfa Kapitałowy 1 (PLN)',139,4),(1250,4923.52,405.83815,12.13,'UFK - Alfa Regularny 1 (PLN)',139,4),(1251,11088.85,727.376189,15.25,'UFK - Alfa Kapitałowy 1 (PLN)',139,5),(1252,5396.15,448.185216,12.04,'UFK - Alfa Kapitałowy 1 (PLN)',140,1),(1253,1588.63,135.664389,11.71,'UFK - Alfa Regularny 1 (PLN)',140,1),(1254,1097.29,91.137043,12.04,'UFK - Alfa Kapitałowy 1 (PLN)',140,2),(1255,2566.85,169.543898,15.14,'UFK - Alfa Kapitałowy 1 (PLN)',140,3),(1256,918.44,75.516951,12.16,'UFK - Alfa Regularny 1 (PLN)',140,3),(1257,11890.44,845.196324,14.07,'UFK - Rynek Obligacyjno-Pieniężny (PLN)',140,3),(1258,6614.21,434.738378,15.21,'UFK - Alfa Kapitałowy 1 (PLN)',140,4),(1259,4896.90,403.68138,12.13,'UFK - Alfa Regularny 1 (PLN)',140,4),(1260,11088.85,730.9277,15.17,'UFK - Alfa Kapitałowy 1 (PLN)',140,5),(1261,5399.93,448.071408,12.05,'UFK - Alfa Kapitałowy 1 (PLN)',141,1),(1262,1603.33,137.37363,11.67,'UFK - Alfa Regularny 1 (PLN)',141,1),(1263,1012.34,84.081395,12.04,'UFK - Alfa Kapitałowy 1 (PLN)',141,2),(1264,2566.85,168.373237,15.25,'UFK - Alfa Kapitałowy 1 (PLN)',141,3),(1265,918.44,74.840287,12.27,'UFK - Alfa Regularny 1 (PLN)',141,3),(1266,11890.44,845.73751,14.06,'UFK - Rynek Obligacyjno-Pieniężny (PLN)',141,3),(1267,6614.21,433.860938,15.25,'UFK - Alfa Kapitałowy 1 (PLN)',141,4),(1268,4896.90,403.794841,12.13,'UFK - Alfa Regularny 1 (PLN)',141,4),(1269,11088.85,727.376189,15.25,'UFK - Alfa Kapitałowy 1 (PLN)',141,5),(1270,5382.02,448.563967,12,'UFK - Alfa Kapitałowy 1 (PLN)',142,1),(1271,1588.22,136.012523,11.68,'UFK - Alfa Regularny 1 (PLN)',142,1),(1272,1116.63,92.513986,12.07,'UFK - Alfa Kapitałowy 1 (PLN)',142,2),(1273,2552.78,167.641555,15.23,'UFK - Alfa Kapitałowy 1 (PLN)',142,3),(1274,881.00,72.528196,12.15,'UFK - Alfa Regularny 1 (PLN)',142,3),(1275,11885.58,846.164562,14.05,'UFK - Rynek Obligacyjno-Pieniężny (PLN)',142,3),(1276,6652.92,436.997318,15.22,'UFK - Alfa Kapitałowy 1 (PLN)',142,4),(1277,4864.42,400.841967,12.14,'UFK - Alfa Regularny 1 (PLN)',142,4),(1278,11053.66,724.398636,15.26,'UFK - Alfa Kapitałowy 1 (PLN)',142,5),(1279,5376.41,446.930349,12.03,'UFK - Alfa Kapitałowy 1 (PLN)',143,1),(1280,1544.17,132.093242,11.69,'UFK - Alfa Regularny 1 (PLN)',143,1),(1281,1069.98,88.645662,12.07,'UFK - Alfa Kapitałowy 1 (PLN)',143,2),(1282,2552.78,167.301003,15.26,'UFK - Alfa Kapitałowy 1 (PLN)',143,3),(1283,881.00,73.13024,12.05,'UFK - Alfa Regularny 1 (PLN)',143,3),(1284,11885.58,847.486551,14.02,'UFK - Rynek Obligacyjno-Pieniężny (PLN)',143,3),(1285,6652.92,437.02332,15.22,'UFK - Alfa Kapitałowy 1 (PLN)',143,4),(1286,4823.35,397.425984,12.14,'UFK - Alfa Regularny 1 (PLN)',143,4),(1287,11053.66,723.561155,15.28,'UFK - Alfa Kapitałowy 1 (PLN)',143,5),(1288,5307.77,441.426642,12.02,'UFK - Alfa Kapitałowy 1 (PLN)',144,1),(1289,1449.86,124.025663,11.69,'UFK - Alfa Regularny 1 (PLN)',144,1),(1290,1031.58,85.526638,12.06,'UFK - Alfa Kapitałowy 1 (PLN)',144,2),(1291,2535.62,166.324697,15.25,'UFK - Alfa Kapitałowy 1 (PLN)',144,3),(1292,899.82,74.692455,12.05,'UFK - Alfa Regularny 1 (PLN)',144,3),(1293,11807.40,837.245911,14.1,'UFK - Rynek Obligacyjno-Pieniężny (PLN)',144,3),(1294,6636.07,435.294851,15.25,'UFK - Alfa Kapitałowy 1 (PLN)',144,4),(1295,4823.35,396.537502,12.16,'UFK - Alfa Regularny 1 (PLN)',144,4),(1296,11047.00,725.233202,15.23,'UFK - Alfa Kapitałowy 1 (PLN)',144,5),(1297,5307.77,440.844684,12.04,'UFK - Alfa Kapitałowy 1 (PLN)',145,1),(1298,1449.86,124.025663,11.69,'UFK - Alfa Regularny 1 (PLN)',145,1),(1299,1031.58,85.802272,12.02,'UFK - Alfa Kapitałowy 1 (PLN)',145,2),(1300,2542.66,166.786487,15.25,'UFK - Alfa Kapitałowy 1 (PLN)',145,3),(1301,910.16,75.077723,12.12,'UFK - Alfa Regularny 1 (PLN)',145,3),(1302,11839.37,843.500285,14.04,'UFK - Rynek Obligacyjno-Pieniężny (PLN)',145,3),(1303,6631.47,434.450296,15.26,'UFK - Alfa Kapitałowy 1 (PLN)',145,4),(1304,4823.35,397.081584,12.15,'UFK - Alfa Regularny 1 (PLN)',145,4),(1305,11106.78,729.499872,15.23,'UFK - Alfa Kapitałowy 1 (PLN)',145,5),(1306,5287.65,439.173588,12.04,'UFK - Alfa Kapitałowy 1 (PLN)',146,1),(1307,1445.51,123.65355,11.69,'UFK - Alfa Regularny 1 (PLN)',146,1),(1308,1076.05,89.076987,12.08,'UFK - Alfa Kapitałowy 1 (PLN)',146,2),(1309,2542.66,166.786487,15.25,'UFK - Alfa Kapitałowy 1 (PLN)',146,3),(1310,910.16,74.928789,12.15,'UFK - Alfa Regularny 1 (PLN)',146,3),(1311,11839.37,842.399055,14.05,'UFK - Rynek Obligacyjno-Pieniężny (PLN)',146,3),(1312,6631.47,434.993112,15.25,'UFK - Alfa Kapitałowy 1 (PLN)',146,4),(1313,4780.01,394.48305,12.12,'UFK - Alfa Regularny 1 (PLN)',146,4),(1314,11106.78,727.860367,15.26,'UFK - Alfa Kapitałowy 1 (PLN)',146,5),(1315,5287.65,439.549954,12.03,'UFK - Alfa Kapitałowy 1 (PLN)',147,1),(1316,1445.51,123.990265,11.66,'UFK - Alfa Regularny 1 (PLN)',147,1),(1317,1076.05,89.012287,12.09,'UFK - Alfa Kapitałowy 1 (PLN)',147,2),(1318,2582.95,169.571016,15.23,'UFK - Alfa Kapitałowy 1 (PLN)',147,3),(1319,890.14,72.759781,12.23,'UFK - Alfa Regularny 1 (PLN)',147,3),(1320,11855.49,844.64876,14.04,'UFK - Rynek Obligacyjno-Pieniężny (PLN)',147,3),(1321,6686.06,439.856292,15.2,'UFK - Alfa Kapitałowy 1 (PLN)',147,4),(1322,4758.34,390.538865,12.18,'UFK - Alfa Regularny 1 (PLN)',147,4),(1323,11097.96,727.973762,15.25,'UFK - Alfa Kapitałowy 1 (PLN)',147,5),(1324,5323.04,442.112957,12.04,'UFK - Alfa Kapitałowy 1 (PLN)',148,1),(1325,1464.24,125.108158,11.7,'UFK - Alfa Regularny 1 (PLN)',148,1),(1326,1167.56,97.07746,12.03,'UFK - Alfa Kapitałowy 1 (PLN)',148,2),(1327,2594.08,169.150716,15.34,'UFK - Alfa Kapitałowy 1 (PLN)',148,3),(1328,919.02,75.798414,12.12,'UFK - Alfa Regularny 1 (PLN)',148,3),(1329,11783.73,840.345256,14.02,'UFK - Rynek Obligacyjno-Pieniężny (PLN)',148,3),(1330,6684.57,438.050532,15.26,'UFK - Alfa Kapitałowy 1 (PLN)',148,4),(1331,4758.34,391.729645,12.15,'UFK - Alfa Regularny 1 (PLN)',148,4),(1332,11056.90,724.3108,15.27,'UFK - Alfa Kapitałowy 1 (PLN)',148,5),(1333,5323.04,439.306247,12.12,'UFK - Alfa Kapitałowy 1 (PLN)',149,1),(1334,1464.24,125.401723,11.68,'UFK - Alfa Regularny 1 (PLN)',149,1),(1335,1167.56,96.973422,12.04,'UFK - Alfa Kapitałowy 1 (PLN)',149,2),(1336,2618.13,171.566449,15.26,'UFK - Alfa Kapitałowy 1 (PLN)',149,3),(1337,920.29,75.64064,12.17,'UFK - Alfa Regularny 1 (PLN)',149,3),(1338,11825.47,842.509974,14.04,'UFK - Rynek Obligacyjno-Pieniężny (PLN)',149,3),(1339,6685.07,440.158868,15.19,'UFK - Alfa Kapitałowy 1 (PLN)',149,4),(1340,4758.34,391.729645,12.15,'UFK - Alfa Regularny 1 (PLN)',149,4),(1341,10993.79,721.789277,15.23,'UFK - Alfa Kapitałowy 1 (PLN)',149,5),(1342,5323.04,440.555892,12.08,'UFK - Alfa Kapitałowy 1 (PLN)',150,1),(1343,1464.24,125.255774,11.69,'UFK - Alfa Regularny 1 (PLN)',150,1),(1344,1167.56,96.880932,12.05,'UFK - Alfa Kapitałowy 1 (PLN)',150,2),(1345,2648.81,173.630166,15.26,'UFK - Alfa Kapitałowy 1 (PLN)',150,3),(1346,950.97,78.288466,12.15,'UFK - Alfa Regularny 1 (PLN)',150,3),(1347,11896.14,846.037977,14.06,'UFK - Rynek Obligacyjno-Pieniężny (PLN)',150,3),(1348,6651.84,436.329288,15.25,'UFK - Alfa Kapitałowy 1 (PLN)',150,4),(1349,4758.34,391.729645,12.15,'UFK - Alfa Regularny 1 (PLN)',150,4),(1350,10990.03,720.894064,15.25,'UFK - Alfa Kapitałowy 1 (PLN)',150,5),(1351,5300.25,438.399504,12.09,'UFK - Alfa Kapitałowy 1 (PLN)',151,1),(1352,1435.18,123.390785,11.63,'UFK - Alfa Regularny 1 (PLN)',151,1),(1353,1181.02,99.059305,11.92,'UFK - Alfa Kapitałowy 1 (PLN)',151,2),(1354,2648.81,173.382553,15.28,'UFK - Alfa Kapitałowy 1 (PLN)',151,3),(1355,950.97,78.379993,12.13,'UFK - Alfa Regularny 1 (PLN)',151,3),(1356,11896.14,847.544885,14.04,'UFK - Rynek Obligacyjno-Pieniężny (PLN)',151,3),(1357,6651.84,435.868145,15.26,'UFK - Alfa Kapitałowy 1 (PLN)',151,4),(1358,4800.11,394.35672,12.17,'UFK - Alfa Regularny 1 (PLN)',151,4),(1359,10990.03,715.373461,15.36,'UFK - Alfa Kapitałowy 1 (PLN)',151,5),(1360,5300.25,445.918004,11.89,'UFK - Alfa Kapitałowy 1 (PLN)',152,1),(1361,1435.18,122.889347,11.68,'UFK - Alfa Regularny 1 (PLN)',152,1),(1362,1181.02,98.471768,11.99,'UFK - Alfa Kapitałowy 1 (PLN)',152,2),(1363,2793.99,183.272548,15.25,'UFK - Alfa Kapitałowy 1 (PLN)',152,3),(1364,949.82,78.193793,12.15,'UFK - Alfa Regularny 1 (PLN)',152,3),(1365,11922.09,850.021267,14.03,'UFK - Rynek Obligacyjno-Pieniężny (PLN)',152,3),(1366,6623.32,434.784452,15.23,'UFK - Alfa Kapitałowy 1 (PLN)',152,4),(1367,4828.74,397.948038,12.13,'UFK - Alfa Regularny 1 (PLN)',152,4),(1368,10905.00,714.360198,15.27,'UFK - Alfa Kapitałowy 1 (PLN)',152,5),(1369,5317.38,438.839132,12.12,'UFK - Alfa Kapitałowy 1 (PLN)',153,1),(1370,1486.26,126.483689,11.75,'UFK - Alfa Regularny 1 (PLN)',153,1),(1371,1342.31,111.487542,12.04,'UFK - Alfa Kapitałowy 1 (PLN)',153,2),(1372,2793.99,183.399181,15.23,'UFK - Alfa Kapitałowy 1 (PLN)',153,3),(1373,949.82,77.986688,12.18,'UFK - Alfa Regularny 1 (PLN)',153,3),(1374,11922.09,848.323982,14.05,'UFK - Rynek Obligacyjno-Pieniężny (PLN)',153,3),(1375,6623.32,434.458511,15.25,'UFK - Alfa Kapitałowy 1 (PLN)',153,4),(1376,4753.60,391.339425,12.15,'UFK - Alfa Regularny 1 (PLN)',153,4),(1377,10905.00,714.734097,15.26,'UFK - Alfa Kapitałowy 1 (PLN)',153,5),(1378,5317.38,444.59699,11.96,'UFK - Alfa Kapitałowy 1 (PLN)',154,1),(1379,1486.26,127.023839,11.7,'UFK - Alfa Regularny 1 (PLN)',154,1),(1380,1342.31,111.487542,12.04,'UFK - Alfa Kapitałowy 1 (PLN)',154,2),(1381,2793.99,183.025011,15.27,'UFK - Alfa Kapitałowy 1 (PLN)',154,3),(1382,949.82,77.920822,12.19,'UFK - Alfa Regularny 1 (PLN)',154,3),(1383,11922.09,849.393702,14.04,'UFK - Rynek Obligacyjno-Pieniężny (PLN)',154,3),(1384,6623.32,434.775391,15.23,'UFK - Alfa Kapitałowy 1 (PLN)',154,4),(1385,4753.60,391.796938,12.13,'UFK - Alfa Regularny 1 (PLN)',154,4),(1386,10905.00,715.934417,15.23,'UFK - Alfa Kapitałowy 1 (PLN)',154,5),(1387,5369.50,445.971761,12.04,'UFK - Alfa Kapitałowy 1 (PLN)',155,1),(1388,1456.41,124.874678,11.66,'UFK - Alfa Regularny 1 (PLN)',155,1),(1389,1306.87,108.383271,12.06,'UFK - Alfa Kapitałowy 1 (PLN)',155,2),(1390,2793.99,182.908974,15.28,'UFK - Alfa Kapitałowy 1 (PLN)',155,3),(1391,949.82,78.351116,12.12,'UFK - Alfa Regularny 1 (PLN)',155,3),(1392,11922.09,850.318607,14.02,'UFK - Rynek Obligacyjno-Pieniężny (PLN)',155,3),(1393,6623.32,434.458511,15.25,'UFK - Alfa Kapitałowy 1 (PLN)',155,4),(1394,4753.60,390.866219,12.16,'UFK - Alfa Regularny 1 (PLN)',155,4),(1395,10905.00,715.316497,15.25,'UFK - Alfa Kapitałowy 1 (PLN)',155,5),(1396,5371.96,445.262945,12.06,'UFK - Alfa Kapitałowy 1 (PLN)',156,1),(1397,1460.25,125.070646,11.68,'UFK - Alfa Regularny 1 (PLN)',156,1),(1398,1232.01,102.228817,12.05,'UFK - Alfa Kapitałowy 1 (PLN)',156,2),(1399,2569.65,168.429913,15.26,'UFK - Alfa Kapitałowy 1 (PLN)',156,3),(1400,945.96,78.109851,12.11,'UFK - Alfa Regularny 1 (PLN)',156,3),(1401,11925.04,848.52435,14.05,'UFK - Rynek Obligacyjno-Pieniężny (PLN)',156,3),(1402,6607.47,433.103164,15.26,'UFK - Alfa Kapitałowy 1 (PLN)',156,4),(1403,4755.56,392.001114,12.13,'UFK - Alfa Regularny 1 (PLN)',156,4),(1404,10842.88,711.825373,15.23,'UFK - Alfa Kapitałowy 1 (PLN)',156,5),(1405,5371.96,446.17608,12.04,'UFK - Alfa Kapitałowy 1 (PLN)',157,1),(1406,1460.25,125.239104,11.66,'UFK - Alfa Regularny 1 (PLN)',157,1),(1407,1232.01,102.163233,12.06,'UFK - Alfa Kapitałowy 1 (PLN)',157,2),(1408,2581.58,169.339456,15.25,'UFK - Alfa Kapitałowy 1 (PLN)',157,3),(1409,935.80,77.039598,12.15,'UFK - Alfa Regularny 1 (PLN)',157,3),(1410,11929.15,848.944201,14.05,'UFK - Rynek Obligacyjno-Pieniężny (PLN)',157,3),(1411,6554.90,429.681404,15.26,'UFK - Alfa Kapitałowy 1 (PLN)',157,4),(1412,4784.41,392.40745,12.19,'UFK - Alfa Regularny 1 (PLN)',157,4),(1413,10772.94,706.653985,15.25,'UFK - Alfa Kapitałowy 1 (PLN)',157,5),(1414,5350.25,445.090742,12.02,'UFK - Alfa Kapitałowy 1 (PLN)',158,1),(1415,1471.70,125.687163,11.71,'UFK - Alfa Regularny 1 (PLN)',158,1),(1416,1237.29,102.76495,12.04,'UFK - Alfa Kapitałowy 1 (PLN)',158,2),(1417,2581.58,169.541658,15.23,'UFK - Alfa Kapitałowy 1 (PLN)',158,3),(1418,935.80,76.758747,12.19,'UFK - Alfa Regularny 1 (PLN)',158,3),(1419,11929.15,849.896694,14.04,'UFK - Rynek Obligacyjno-Pieniężny (PLN)',158,3),(1420,6554.90,430.546846,15.22,'UFK - Alfa Kapitałowy 1 (PLN)',158,4),(1421,4751.36,391.155018,12.15,'UFK - Alfa Regularny 1 (PLN)',158,4),(1422,10772.94,705.538804,15.27,'UFK - Alfa Kapitałowy 1 (PLN)',158,5),(1423,5305.72,441.097957,12.03,'UFK - Alfa Kapitałowy 1 (PLN)',159,1),(1424,1482.48,125.684351,11.8,'UFK - Alfa Regularny 1 (PLN)',159,1),(1425,1241.01,103.195496,12.03,'UFK - Alfa Kapitałowy 1 (PLN)',159,2),(1426,2581.58,169.339456,15.25,'UFK - Alfa Kapitałowy 1 (PLN)',159,3),(1427,935.80,77.275216,12.11,'UFK - Alfa Regularny 1 (PLN)',159,3),(1428,11929.15,839.923254,14.2,'UFK - Rynek Obligacyjno-Pieniężny (PLN)',159,3),(1429,6554.90,429.970482,15.25,'UFK - Alfa Kapitałowy 1 (PLN)',159,4),(1430,4755.57,391.057554,12.16,'UFK - Alfa Regularny 1 (PLN)',159,4),(1431,10772.94,705.161879,15.28,'UFK - Alfa Kapitałowy 1 (PLN)',159,5),(1432,5305.72,440.173607,12.05,'UFK - Alfa Kapitałowy 1 (PLN)',160,1),(1433,1482.48,126.630913,11.71,'UFK - Alfa Regularny 1 (PLN)',160,1),(1434,1241.01,103.07392,12.04,'UFK - Alfa Kapitałowy 1 (PLN)',160,2),(1435,2548.72,167.35159,15.23,'UFK - Alfa Kapitałowy 1 (PLN)',160,3),(1436,903.40,74.542737,12.12,'UFK - Alfa Regularny 1 (PLN)',160,3),(1437,11943.68,851.89528,14.02,'UFK - Rynek Obligacyjno-Pieniężny (PLN)',160,3),(1438,6585.51,431.978354,15.25,'UFK - Alfa Kapitałowy 1 (PLN)',160,4),(1439,4755.57,390.074369,12.19,'UFK - Alfa Regularny 1 (PLN)',160,4),(1440,10689.09,701.153821,15.25,'UFK - Alfa Kapitałowy 1 (PLN)',160,5),(1441,5289.10,438.899928,12.05,'UFK - Alfa Kapitałowy 1 (PLN)',161,1),(1442,1497.39,128.256516,11.67,'UFK - Alfa Regularny 1 (PLN)',161,1),(1443,1268.13,105.326412,12.04,'UFK - Alfa Kapitałowy 1 (PLN)',161,2),(1444,2542.17,166.754346,15.25,'UFK - Alfa Kapitałowy 1 (PLN)',161,3),(1445,884.01,72.775994,12.15,'UFK - Alfa Regularny 1 (PLN)',161,3),(1446,11890.88,848.484277,14.01,'UFK - Rynek Obligacyjno-Pieniężny (PLN)',161,3),(1447,6524.86,427.490158,15.26,'UFK - Alfa Kapitałowy 1 (PLN)',161,4),(1448,4751.36,390.825022,12.16,'UFK - Alfa Regularny 1 (PLN)',161,4),(1449,10615.92,698.901137,15.19,'UFK - Alfa Kapitałowy 1 (PLN)',161,5),(1450,5289.10,438.91625,12.05,'UFK - Alfa Kapitałowy 1 (PLN)',162,1),(1451,1497.39,128.091531,11.69,'UFK - Alfa Regularny 1 (PLN)',162,1),(1452,1268.13,105.090508,12.07,'UFK - Alfa Kapitałowy 1 (PLN)',162,2),(1453,2542.17,166.754346,15.25,'UFK - Alfa Kapitałowy 1 (PLN)',162,3),(1454,884.01,72.775994,12.15,'UFK - Alfa Regularny 1 (PLN)',162,3),(1455,11890.88,847.86049,14.02,'UFK - Rynek Obligacyjno-Pieniężny (PLN)',162,3),(1456,6524.86,427.262463,15.27,'UFK - Alfa Kapitałowy 1 (PLN)',162,4),(1457,4755.57,385.159958,12.35,'UFK - Alfa Regularny 1 (PLN)',162,4),(1458,10615.92,697.122752,15.23,'UFK - Alfa Kapitałowy 1 (PLN)',162,5),(1459,5289.10,440.57798,12,'UFK - Alfa Kapitałowy 1 (PLN)',163,1),(1460,1497.39,128.20518,11.68,'UFK - Alfa Regularny 1 (PLN)',163,1),(1461,1268.13,105.205051,12.05,'UFK - Alfa Kapitałowy 1 (PLN)',163,2),(1462,2562.20,168.635485,15.19,'UFK - Alfa Kapitałowy 1 (PLN)',163,3),(1463,887.23,72.970406,12.16,'UFK - Alfa Regularny 1 (PLN)',163,3),(1464,11880.62,846.439156,14.04,'UFK - Rynek Obligacyjno-Pieniężny (PLN)',163,3),(1465,6525.85,428.064939,15.25,'UFK - Alfa Kapitałowy 1 (PLN)',163,4),(1466,4755.57,391.501605,12.15,'UFK - Alfa Regularny 1 (PLN)',163,4),(1467,10628.38,700.041495,15.18,'UFK - Alfa Kapitałowy 1 (PLN)',163,5),(1468,5307.22,439.367931,12.08,'UFK - Alfa Kapitałowy 1 (PLN)',164,1),(1469,1493.42,127.751925,11.69,'UFK - Alfa Regularny 1 (PLN)',164,1),(1470,1268.34,105.114106,12.07,'UFK - Alfa Kapitałowy 1 (PLN)',164,2),(1471,2547.59,166.357303,15.31,'UFK - Alfa Kapitałowy 1 (PLN)',164,3),(1472,911.02,75.061693,12.14,'UFK - Alfa Regularny 1 (PLN)',164,3),(1473,11878.04,846.255343,14.04,'UFK - Rynek Obligacyjno-Pieniężny (PLN)',164,3),(1474,6542.70,429.488552,15.23,'UFK - Alfa Kapitałowy 1 (PLN)',164,4),(1475,4774.30,393.944423,12.12,'UFK - Alfa Regularny 1 (PLN)',164,4),(1476,10495.00,690.03898,15.21,'UFK - Alfa Kapitałowy 1 (PLN)',164,5),(1477,5307.22,440.799003,12.04,'UFK - Alfa Kapitałowy 1 (PLN)',165,1),(1478,1493.42,127.568519,11.71,'UFK - Alfa Regularny 1 (PLN)',165,1),(1479,1268.34,106.822572,11.87,'UFK - Alfa Kapitałowy 1 (PLN)',165,2),(1480,2547.59,166.162094,15.33,'UFK - Alfa Kapitałowy 1 (PLN)',165,3),(1481,911.02,74.999588,12.15,'UFK - Alfa Regularny 1 (PLN)',165,3),(1482,11878.04,844.822256,14.06,'UFK - Rynek Obligacyjno-Pieniężny (PLN)',165,3),(1483,6542.70,429.56157,15.23,'UFK - Alfa Kapitałowy 1 (PLN)',165,4),(1484,4774.30,393.725938,12.13,'UFK - Alfa Regularny 1 (PLN)',165,4),(1485,10495.00,688.87887,15.23,'UFK - Alfa Kapitałowy 1 (PLN)',165,5),(1486,5301.15,441.963392,11.99,'UFK - Alfa Kapitałowy 1 (PLN)',166,1),(1487,1485.26,127.189895,11.68,'UFK - Alfa Regularny 1 (PLN)',166,1),(1488,1204.60,100.049834,12.04,'UFK - Alfa Kapitałowy 1 (PLN)',166,2),(1489,2547.59,167.109872,15.25,'UFK - Alfa Kapitałowy 1 (PLN)',166,3),(1490,911.02,75.104384,12.13,'UFK - Alfa Regularny 1 (PLN)',166,3),(1491,11878.04,846.255343,14.04,'UFK - Rynek Obligacyjno-Pieniężny (PLN)',166,3),(1492,6542.70,428.233882,15.28,'UFK - Alfa Kapitałowy 1 (PLN)',166,4),(1493,4774.30,393.04355,12.15,'UFK - Alfa Regularny 1 (PLN)',166,4),(1494,10495.00,688.422434,15.25,'UFK - Alfa Kapitałowy 1 (PLN)',166,5),(1495,5246.77,436.155589,12.03,'UFK - Alfa Kapitałowy 1 (PLN)',167,1),(1496,1481.16,126.703165,11.69,'UFK - Alfa Regularny 1 (PLN)',167,1),(1497,1147.05,95.365364,12.03,'UFK - Alfa Kapitałowy 1 (PLN)',167,2),(1498,2547.59,166.549622,15.3,'UFK - Alfa Kapitałowy 1 (PLN)',167,3),(1499,911.02,75.51767,12.06,'UFK - Alfa Regularny 1 (PLN)',167,3),(1500,11878.04,844.787363,14.06,'UFK - Rynek Obligacyjno-Pieniężny (PLN)',167,3),(1501,6542.70,429.17022,15.25,'UFK - Alfa Kapitałowy 1 (PLN)',167,4),(1502,4774.30,393.04355,12.15,'UFK - Alfa Regularny 1 (PLN)',167,4),(1503,10495.00,688.422434,15.25,'UFK - Alfa Kapitałowy 1 (PLN)',167,5),(1504,5246.77,435.778239,12.04,'UFK - Alfa Kapitałowy 1 (PLN)',168,1),(1505,1481.16,126.703165,11.69,'UFK - Alfa Regularny 1 (PLN)',168,1),(1506,1147.05,95.269934,12.04,'UFK - Alfa Kapitałowy 1 (PLN)',168,2),(1507,2533.17,166.313432,15.23,'UFK - Alfa Kapitałowy 1 (PLN)',168,3),(1508,931.58,76.435349,12.19,'UFK - Alfa Regularny 1 (PLN)',168,3),(1509,11860.50,845.626803,14.03,'UFK - Rynek Obligacyjno-Pieniężny (PLN)',168,3),(1510,6489.72,426.1153,15.23,'UFK - Alfa Kapitałowy 1 (PLN)',168,4),(1511,4838.13,396.743021,12.19,'UFK - Alfa Regularny 1 (PLN)',168,4),(1512,10487.71,688.469364,15.23,'UFK - Alfa Kapitałowy 1 (PLN)',168,5),(1513,5246.77,436.877801,12.01,'UFK - Alfa Kapitałowy 1 (PLN)',169,1),(1514,1481.16,126.823708,11.68,'UFK - Alfa Regularny 1 (PLN)',169,1),(1515,1147.05,95.400903,12.02,'UFK - Alfa Kapitałowy 1 (PLN)',169,2),(1516,2539.48,168.419144,15.08,'UFK - Alfa Kapitałowy 1 (PLN)',169,3),(1517,927.29,76.428261,12.13,'UFK - Alfa Regularny 1 (PLN)',169,3),(1518,11952.07,851.529638,14.04,'UFK - Rynek Obligacyjno-Pieniężny (PLN)',169,3),(1519,6504.97,425.264779,15.3,'UFK - Alfa Kapitałowy 1 (PLN)',169,4),(1520,4838.13,398.626514,12.14,'UFK - Alfa Regularny 1 (PLN)',169,4),(1521,10541.11,690.977344,15.26,'UFK - Alfa Kapitałowy 1 (PLN)',169,5),(1522,5270.83,437.776578,12.04,'UFK - Alfa Kapitałowy 1 (PLN)',170,1),(1523,1443.52,123.371047,11.7,'UFK - Alfa Regularny 1 (PLN)',170,1),(1524,1131.03,93.939369,12.04,'UFK - Alfa Kapitałowy 1 (PLN)',170,2),(1525,2549.09,166.991357,15.26,'UFK - Alfa Kapitałowy 1 (PLN)',170,3),(1526,944.98,77.866567,12.14,'UFK - Alfa Regularny 1 (PLN)',170,3),(1527,11969.37,853.624833,14.02,'UFK - Rynek Obligacyjno-Pieniężny (PLN)',170,3),(1528,6607.48,433.057615,15.26,'UFK - Alfa Kapitałowy 1 (PLN)',170,4),(1529,4838.13,398.64563,12.14,'UFK - Alfa Regularny 1 (PLN)',170,4),(1530,10611.87,695.578758,15.26,'UFK - Alfa Kapitałowy 1 (PLN)',170,5),(1531,5270.83,435.365914,12.11,'UFK - Alfa Kapitałowy 1 (PLN)',171,1),(1532,1443.52,123.289803,11.71,'UFK - Alfa Regularny 1 (PLN)',171,1),(1533,1131.03,93.939369,12.04,'UFK - Alfa Kapitałowy 1 (PLN)',171,2),(1534,2549.09,167.208265,15.25,'UFK - Alfa Kapitałowy 1 (PLN)',171,3),(1535,944.98,77.695399,12.16,'UFK - Alfa Regularny 1 (PLN)',171,3),(1536,11969.37,851.8889,14.05,'UFK - Rynek Obligacyjno-Pieniężny (PLN)',171,3),(1537,6607.48,432.328762,15.28,'UFK - Alfa Kapitałowy 1 (PLN)',171,4),(1538,4868.43,401.544085,12.12,'UFK - Alfa Regularny 1 (PLN)',171,4),(1539,10611.87,694.962966,15.27,'UFK - Alfa Kapitałowy 1 (PLN)',171,5),(1540,5270.83,437.776578,12.04,'UFK - Alfa Kapitałowy 1 (PLN)',172,1),(1541,1443.52,125.130093,11.54,'UFK - Alfa Regularny 1 (PLN)',172,1),(1542,1131.03,94.026141,12.03,'UFK - Alfa Kapitałowy 1 (PLN)',172,2),(1543,2564.57,168.430189,15.23,'UFK - Alfa Kapitałowy 1 (PLN)',172,3),(1544,959.60,78.99893,12.15,'UFK - Alfa Regularny 1 (PLN)',172,3),(1545,11992.86,851.906803,14.08,'UFK - Rynek Obligacyjno-Pieniężny (PLN)',172,3),(1546,6624.90,434.935089,15.23,'UFK - Alfa Kapitałowy 1 (PLN)',172,4),(1547,4880.56,400.899389,12.17,'UFK - Alfa Regularny 1 (PLN)',172,4),(1548,10636.84,697.033708,15.26,'UFK - Alfa Kapitałowy 1 (PLN)',172,5),(1549,5270.83,437.776578,12.04,'UFK - Alfa Kapitałowy 1 (PLN)',173,1),(1550,1443.52,123.965337,11.64,'UFK - Alfa Regularny 1 (PLN)',173,1),(1551,1131.03,93.5079,12.1,'UFK - Alfa Kapitałowy 1 (PLN)',173,2),(1552,2554.94,167.47128,15.26,'UFK - Alfa Kapitałowy 1 (PLN)',173,3),(1553,957.99,78.98908,12.13,'UFK - Alfa Regularny 1 (PLN)',173,3),(1554,11986.96,853.065749,14.05,'UFK - Rynek Obligacyjno-Pieniężny (PLN)',173,3),(1555,6628.24,435.121024,15.23,'UFK - Alfa Kapitałowy 1 (PLN)',173,4),(1556,4891.98,402.731539,12.15,'UFK - Alfa Regularny 1 (PLN)',173,4),(1557,10601.40,695.923477,15.23,'UFK - Alfa Kapitałowy 1 (PLN)',173,5),(1558,5366.17,446.912198,12.01,'UFK - Alfa Kapitałowy 1 (PLN)',174,1),(1559,1453.02,124.295979,11.69,'UFK - Alfa Regularny 1 (PLN)',174,1),(1560,1043.39,86.660299,12.04,'UFK - Alfa Kapitałowy 1 (PLN)',174,2),(1561,2554.94,167.470613,15.26,'UFK - Alfa Kapitałowy 1 (PLN)',174,3),(1562,957.99,78.727006,12.17,'UFK - Alfa Regularny 1 (PLN)',174,3),(1563,11986.96,854.015389,14.04,'UFK - Rynek Obligacyjno-Pieniężny (PLN)',174,3),(1564,6628.24,437.973349,15.13,'UFK - Alfa Kapitałowy 1 (PLN)',174,4),(1565,4891.98,402.731539,12.15,'UFK - Alfa Regularny 1 (PLN)',174,4),(1566,10601.40,694.678475,15.26,'UFK - Alfa Kapitałowy 1 (PLN)',174,5),(1567,5373.42,445.845752,12.05,'UFK - Alfa Kapitałowy 1 (PLN)',175,1),(1568,1451.23,124.465499,11.66,'UFK - Alfa Regularny 1 (PLN)',175,1),(1569,1007.06,83.717224,12.03,'UFK - Alfa Kapitałowy 1 (PLN)',175,2),(1570,2554.94,167.468569,15.26,'UFK - Alfa Kapitałowy 1 (PLN)',175,3),(1571,957.99,78.222422,12.25,'UFK - Alfa Regularny 1 (PLN)',175,3),(1572,11986.96,854.015389,14.04,'UFK - Rynek Obligacyjno-Pieniężny (PLN)',175,3),(1573,6628.24,435.469547,15.22,'UFK - Alfa Kapitałowy 1 (PLN)',175,4),(1574,4941.58,407.173359,12.14,'UFK - Alfa Regularny 1 (PLN)',175,4),(1575,10601.40,693.746988,15.28,'UFK - Alfa Kapitałowy 1 (PLN)',175,5),(1576,5373.42,444.876194,12.08,'UFK - Alfa Kapitałowy 1 (PLN)',176,1),(1577,1451.23,124.142857,11.69,'UFK - Alfa Regularny 1 (PLN)',176,1),(1578,1007.06,83.642857,12.04,'UFK - Alfa Kapitałowy 1 (PLN)',176,2),(1579,2583.08,169.437848,15.25,'UFK - Alfa Kapitałowy 1 (PLN)',176,3),(1580,951.85,78.191515,12.17,'UFK - Alfa Regularny 1 (PLN)',176,3),(1581,11997.58,853.193156,14.06,'UFK - Rynek Obligacyjno-Pieniężny (PLN)',176,3),(1582,6661.09,436.936045,15.25,'UFK - Alfa Kapitałowy 1 (PLN)',176,4),(1583,4941.58,406.152743,12.17,'UFK - Alfa Regularny 1 (PLN)',176,4),(1584,10770.50,707.11653,15.23,'UFK - Alfa Kapitałowy 1 (PLN)',176,5),(1585,5373.42,445.255614,12.07,'UFK - Alfa Kapitałowy 1 (PLN)',177,1),(1586,1451.23,124.142857,11.69,'UFK - Alfa Regularny 1 (PLN)',177,1),(1587,1007.06,83.749054,12.02,'UFK - Alfa Kapitałowy 1 (PLN)',177,2),(1588,2587.30,170.004309,15.22,'UFK - Alfa Kapitałowy 1 (PLN)',177,3),(1589,972.54,79.97758,12.16,'UFK - Alfa Regularny 1 (PLN)',177,3),(1590,12043.44,857.196964,14.05,'UFK - Rynek Obligacyjno-Pieniężny (PLN)',177,3),(1591,6704.83,439.805182,15.25,'UFK - Alfa Kapitałowy 1 (PLN)',177,4),(1592,4941.58,406.814851,12.15,'UFK - Alfa Regularny 1 (PLN)',177,4),(1593,10765.59,706.17186,15.25,'UFK - Alfa Kapitałowy 1 (PLN)',177,5),(1594,5373.42,445.510055,12.06,'UFK - Alfa Kapitałowy 1 (PLN)',178,1),(1595,1451.23,123.81188,11.72,'UFK - Alfa Regularny 1 (PLN)',178,1),(1596,1007.06,83.642857,12.04,'UFK - Alfa Kapitałowy 1 (PLN)',178,2),(1597,2587.30,169.714661,15.25,'UFK - Alfa Kapitałowy 1 (PLN)',178,3),(1598,972.54,80.200347,12.13,'UFK - Alfa Regularny 1 (PLN)',178,3),(1599,12043.44,858.039327,14.04,'UFK - Rynek Obligacyjno-Pieniężny (PLN)',178,3),(1600,6704.83,439.805182,15.25,'UFK - Alfa Kapitałowy 1 (PLN)',178,4),(1601,4941.58,407.604404,12.12,'UFK - Alfa Regularny 1 (PLN)',178,4),(1602,10765.59,710.053204,15.16,'UFK - Alfa Kapitałowy 1 (PLN)',178,5),(1603,5383.88,447.74718,12.02,'UFK - Alfa Kapitałowy 1 (PLN)',179,1),(1604,1476.02,126.657462,11.65,'UFK - Alfa Regularny 1 (PLN)',179,1),(1605,909.69,75.81803,12,'UFK - Alfa Kapitałowy 1 (PLN)',179,2),(1606,2587.30,169.242257,15.29,'UFK - Alfa Kapitałowy 1 (PLN)',179,3),(1607,972.54,79.938862,12.17,'UFK - Alfa Regularny 1 (PLN)',179,3),(1608,12043.44,859.026451,14.02,'UFK - Rynek Obligacyjno-Pieniężny (PLN)',179,3),(1609,6704.83,436.939068,15.34,'UFK - Alfa Kapitałowy 1 (PLN)',179,4),(1610,4914.57,404.591257,12.15,'UFK - Alfa Regularny 1 (PLN)',179,4),(1611,10765.59,705.67413,15.26,'UFK - Alfa Kapitałowy 1 (PLN)',179,5),(1612,5392.88,448.881999,12.01,'UFK - Alfa Kapitałowy 1 (PLN)',180,1),(1613,1483.90,126.937553,11.69,'UFK - Alfa Regularny 1 (PLN)',180,1),(1614,880.04,73.193506,12.02,'UFK - Alfa Kapitałowy 1 (PLN)',180,2),(1615,2544.96,166.573143,15.28,'UFK - Alfa Kapitałowy 1 (PLN)',180,3),(1616,965.12,78.888624,12.23,'UFK - Alfa Regularny 1 (PLN)',180,3),(1617,12061.63,860.278217,14.02,'UFK - Rynek Obligacyjno-Pieniężny (PLN)',180,3),(1618,6708.60,440.364756,15.23,'UFK - Alfa Kapitałowy 1 (PLN)',180,4),(1619,4914.57,404.591257,12.15,'UFK - Alfa Regularny 1 (PLN)',180,4),(1620,10857.53,713.177295,15.22,'UFK - Alfa Kapitałowy 1 (PLN)',180,5),(1621,5392.88,446.936753,12.07,'UFK - Alfa Kapitałowy 1 (PLN)',181,1),(1622,1483.90,125.594583,11.82,'UFK - Alfa Regularny 1 (PLN)',181,1),(1623,880.04,72.922413,12.07,'UFK - Alfa Kapitałowy 1 (PLN)',181,2),(1624,2544.96,166.759493,15.26,'UFK - Alfa Kapitałowy 1 (PLN)',181,3),(1625,965.12,79.537853,12.13,'UFK - Alfa Regularny 1 (PLN)',181,3),(1626,12061.63,858.580097,14.05,'UFK - Rynek Obligacyjno-Pieniężny (PLN)',181,3),(1627,6708.60,440.052476,15.25,'UFK - Alfa Kapitałowy 1 (PLN)',181,4),(1628,4914.57,404.591257,12.15,'UFK - Alfa Regularny 1 (PLN)',181,4),(1629,10857.53,712.875513,15.23,'UFK - Alfa Kapitałowy 1 (PLN)',181,5),(1630,5405.94,449.605536,12.02,'UFK - Alfa Kapitałowy 1 (PLN)',182,1),(1631,1478.78,127.959042,11.56,'UFK - Alfa Regularny 1 (PLN)',182,1),(1632,755.80,62.774086,12.04,'UFK - Alfa Kapitałowy 1 (PLN)',182,2),(1633,2544.96,167.060484,15.23,'UFK - Alfa Kapitałowy 1 (PLN)',182,3),(1634,965.12,79.453363,12.15,'UFK - Alfa Regularny 1 (PLN)',182,3),(1635,12061.63,858.39441,14.05,'UFK - Rynek Obligacyjno-Pieniężny (PLN)',182,3),(1636,6708.60,440.624811,15.23,'UFK - Alfa Kapitałowy 1 (PLN)',182,4),(1637,4913.45,404.11221,12.16,'UFK - Alfa Regularny 1 (PLN)',182,4),(1638,10857.53,713.665599,15.21,'UFK - Alfa Kapitałowy 1 (PLN)',182,5),(1639,5405.94,448.998339,12.04,'UFK - Alfa Kapitałowy 1 (PLN)',183,1),(1640,1478.78,126.360991,11.7,'UFK - Alfa Regularny 1 (PLN)',183,1),(1641,755.80,62.700738,12.05,'UFK - Alfa Kapitałowy 1 (PLN)',183,2),(1642,2544.96,167.091729,15.23,'UFK - Alfa Kapitałowy 1 (PLN)',183,3),(1643,965.12,79.143104,12.19,'UFK - Alfa Regularny 1 (PLN)',183,3),(1644,12061.63,859.335281,14.04,'UFK - Rynek Obligacyjno-Pieniężny (PLN)',183,3),(1645,6708.60,439.571912,15.26,'UFK - Alfa Kapitałowy 1 (PLN)',183,4),(1646,4919.93,404.697677,12.16,'UFK - Alfa Regularny 1 (PLN)',183,4),(1647,10857.53,711.713841,15.26,'UFK - Alfa Kapitałowy 1 (PLN)',183,5),(1648,5405.94,448.450593,12.05,'UFK - Alfa Kapitałowy 1 (PLN)',184,1),(1649,1478.78,126.499572,11.69,'UFK - Alfa Regularny 1 (PLN)',184,1),(1650,755.80,62.894173,12.02,'UFK - Alfa Kapitałowy 1 (PLN)',184,2),(1651,2543.20,166.970922,15.23,'UFK - Alfa Kapitałowy 1 (PLN)',184,3),(1652,972.87,79.971678,12.17,'UFK - Alfa Regularny 1 (PLN)',184,3),(1653,12087.96,862.561798,14.01,'UFK - Rynek Obligacyjno-Pieniężny (PLN)',184,3),(1654,6848.77,449.958174,15.22,'UFK - Alfa Kapitałowy 1 (PLN)',184,4),(1655,4942.89,406.086921,12.17,'UFK - Alfa Regularny 1 (PLN)',184,4),(1656,10886.34,713.580932,15.26,'UFK - Alfa Kapitałowy 1 (PLN)',184,5),(1657,5405.94,448.246223,12.06,'UFK - Alfa Kapitałowy 1 (PLN)',185,1),(1658,1478.78,126.499572,11.69,'UFK - Alfa Regularny 1 (PLN)',185,1),(1659,755.80,62.774086,12.04,'UFK - Alfa Kapitałowy 1 (PLN)',185,2),(1660,2543.20,165.017844,15.41,'UFK - Alfa Kapitałowy 1 (PLN)',185,3),(1661,972.87,80.265271,12.12,'UFK - Alfa Regularny 1 (PLN)',185,3),(1662,12087.96,862.134827,14.02,'UFK - Rynek Obligacyjno-Pieniężny (PLN)',185,3),(1663,6848.77,448.28286,15.28,'UFK - Alfa Kapitałowy 1 (PLN)',185,4),(1664,4942.89,407.314886,12.14,'UFK - Alfa Regularny 1 (PLN)',185,4),(1665,10886.34,714.092489,15.25,'UFK - Alfa Kapitałowy 1 (PLN)',185,5),(1666,5339.55,442.353747,12.07,'UFK - Alfa Kapitałowy 1 (PLN)',186,1),(1667,1502.16,128.499572,11.69,'UFK - Alfa Regularny 1 (PLN)',186,1),(1668,787.95,65.444352,12.04,'UFK - Alfa Kapitałowy 1 (PLN)',186,2),(1669,2488.72,162.845188,15.28,'UFK - Alfa Kapitałowy 1 (PLN)',186,3),(1670,1008.73,83.04355,12.15,'UFK - Alfa Regularny 1 (PLN)',186,3),(1671,12086.03,859.615486,14.06,'UFK - Rynek Obligacyjno-Pieniężny (PLN)',186,3),(1672,6883.14,451.031864,15.26,'UFK - Alfa Kapitałowy 1 (PLN)',186,4),(1673,4942.89,406.922697,12.15,'UFK - Alfa Regularny 1 (PLN)',186,4),(1674,10771.73,706.574615,15.25,'UFK - Alfa Kapitałowy 1 (PLN)',186,5),(1675,5339.55,443.97919,12.03,'UFK - Alfa Kapitałowy 1 (PLN)',187,1),(1676,1502.16,128.247373,11.71,'UFK - Alfa Regularny 1 (PLN)',187,1),(1677,787.95,65.367342,12.05,'UFK - Alfa Kapitałowy 1 (PLN)',187,2),(1678,2488.72,163.102717,15.26,'UFK - Alfa Kapitałowy 1 (PLN)',187,3),(1679,1008.73,82.290819,12.26,'UFK - Alfa Regularny 1 (PLN)',187,3),(1680,12086.03,860.130893,14.05,'UFK - Rynek Obligacyjno-Pieniężny (PLN)',187,3),(1681,6883.14,451.501476,15.25,'UFK - Alfa Kapitałowy 1 (PLN)',187,4),(1682,4954.05,409.664446,12.09,'UFK - Alfa Regularny 1 (PLN)',187,4),(1683,10771.73,706.109113,15.26,'UFK - Alfa Kapitałowy 1 (PLN)',187,5),(1684,5339.55,444.17378,12.02,'UFK - Alfa Kapitałowy 1 (PLN)',188,1),(1685,1502.16,128.499572,11.69,'UFK - Alfa Regularny 1 (PLN)',188,1),(1686,787.95,65.351568,12.06,'UFK - Alfa Kapitałowy 1 (PLN)',188,2),(1687,2488.72,162.966966,15.27,'UFK - Alfa Kapitałowy 1 (PLN)',188,3),(1688,1008.73,82.967658,12.16,'UFK - Alfa Regularny 1 (PLN)',188,3),(1689,12086.03,861.713179,14.03,'UFK - Rynek Obligacyjno-Pieniężny (PLN)',188,3),(1690,6883.14,451.961112,15.23,'UFK - Alfa Kapitałowy 1 (PLN)',188,4),(1691,4998.40,410.218167,12.18,'UFK - Alfa Regularny 1 (PLN)',188,4),(1692,10771.73,706.054235,15.26,'UFK - Alfa Kapitałowy 1 (PLN)',188,5),(1693,5339.55,443.035476,12.05,'UFK - Alfa Kapitałowy 1 (PLN)',189,1),(1694,1502.16,128.747065,11.67,'UFK - Alfa Regularny 1 (PLN)',189,1),(1695,787.95,65.519412,12.03,'UFK - Alfa Kapitałowy 1 (PLN)',189,2),(1696,2488.72,163.137958,15.26,'UFK - Alfa Kapitałowy 1 (PLN)',189,3),(1697,1008.73,83.123121,12.14,'UFK - Alfa Regularny 1 (PLN)',189,3),(1698,12086.03,860.138082,14.05,'UFK - Rynek Obligacyjno-Pieniężny (PLN)',189,3),(1699,6883.14,451.501476,15.25,'UFK - Alfa Kapitałowy 1 (PLN)',189,4),(1700,4998.40,411.49255,12.15,'UFK - Alfa Regularny 1 (PLN)',189,4),(1701,10771.73,707.403227,15.23,'UFK - Alfa Kapitałowy 1 (PLN)',189,5),(1702,5343.13,438.182501,12.19,'UFK - Alfa Kapitałowy 1 (PLN)',190,1),(1703,1507.24,128.934132,11.69,'UFK - Alfa Regularny 1 (PLN)',190,1),(1704,684.11,56.819767,12.04,'UFK - Alfa Kapitałowy 1 (PLN)',190,2),(1705,2488.07,163.525836,15.22,'UFK - Alfa Kapitałowy 1 (PLN)',190,3),(1706,1036.57,85.335474,12.15,'UFK - Alfa Regularny 1 (PLN)',190,3),(1707,12087.75,853.594379,14.16,'UFK - Rynek Obligacyjno-Pieniężny (PLN)',190,3),(1708,6870.57,450.676943,15.25,'UFK - Alfa Kapitałowy 1 (PLN)',190,4),(1709,4998.40,407.762661,12.26,'UFK - Alfa Regularny 1 (PLN)',190,4),(1710,10696.18,699.665922,15.29,'UFK - Alfa Kapitałowy 1 (PLN)',190,5),(1711,5343.13,444.376858,12.02,'UFK - Alfa Kapitałowy 1 (PLN)',191,1),(1712,1507.24,128.709433,11.71,'UFK - Alfa Regularny 1 (PLN)',191,1),(1713,684.11,56.9098,12.02,'UFK - Alfa Kapitałowy 1 (PLN)',191,2),(1714,2488.07,163.205641,15.25,'UFK - Alfa Kapitałowy 1 (PLN)',191,3),(1715,1036.57,85.448935,12.13,'UFK - Alfa Regularny 1 (PLN)',191,3),(1716,12087.75,861.19621,14.04,'UFK - Rynek Obligacyjno-Pieniężny (PLN)',191,3),(1717,6870.57,450.280483,15.26,'UFK - Alfa Kapitałowy 1 (PLN)',191,4),(1718,4998.40,407.762661,12.26,'UFK - Alfa Regularny 1 (PLN)',191,4),(1719,10696.18,703.717097,15.2,'UFK - Alfa Kapitałowy 1 (PLN)',191,5),(1720,5343.13,443.2939,12.05,'UFK - Alfa Kapitałowy 1 (PLN)',192,1),(1721,1507.24,128.709433,11.71,'UFK - Alfa Regularny 1 (PLN)',192,1),(1722,684.11,56.9098,12.02,'UFK - Alfa Kapitałowy 1 (PLN)',192,2),(1723,2488.07,163.379901,15.23,'UFK - Alfa Kapitałowy 1 (PLN)',192,3),(1724,1036.57,85.423933,12.13,'UFK - Alfa Regularny 1 (PLN)',192,3),(1725,12087.75,860.260491,14.05,'UFK - Rynek Obligacyjno-Pieniężny (PLN)',192,3),(1726,6870.57,450.676943,15.25,'UFK - Alfa Kapitałowy 1 (PLN)',192,4),(1727,5005.50,412.077056,12.15,'UFK - Alfa Regularny 1 (PLN)',192,4),(1728,10696.18,701.618891,15.25,'UFK - Alfa Kapitałowy 1 (PLN)',192,5),(1729,5343.13,443.781561,12.04,'UFK - Alfa Kapitałowy 1 (PLN)',193,1),(1730,1507.24,128.791973,11.7,'UFK - Alfa Regularny 1 (PLN)',193,1),(1731,684.11,56.913372,12.02,'UFK - Alfa Kapitałowy 1 (PLN)',193,2),(1732,2488.07,163.084078,15.26,'UFK - Alfa Kapitałowy 1 (PLN)',193,3),(1733,1036.57,85.435952,12.13,'UFK - Alfa Regularny 1 (PLN)',193,3),(1734,12087.75,861.19621,14.04,'UFK - Rynek Obligacyjno-Pieniężny (PLN)',193,3),(1735,6870.57,450.676943,15.25,'UFK - Alfa Kapitałowy 1 (PLN)',193,4),(1736,4989.33,412.102916,12.11,'UFK - Alfa Regularny 1 (PLN)',193,4),(1737,10696.18,701.618891,15.25,'UFK - Alfa Kapitałowy 1 (PLN)',193,5),(1738,5345.48,443.976744,12.04,'UFK - Alfa Kapitałowy 1 (PLN)',194,1),(1739,1504.19,128.673225,11.69,'UFK - Alfa Regularny 1 (PLN)',194,1),(1740,734.00,60.963455,12.04,'UFK - Alfa Kapitałowy 1 (PLN)',194,2),(1741,2507.25,164.463759,15.25,'UFK - Alfa Kapitałowy 1 (PLN)',194,3),(1742,1074.09,89.654434,11.98,'UFK - Alfa Regularny 1 (PLN)',194,3),(1743,11943.87,850.945426,14.04,'UFK - Rynek Obligacyjno-Pieniężny (PLN)',194,3),(1744,6825.06,448.583367,15.21,'UFK - Alfa Kapitałowy 1 (PLN)',194,4),(1745,4989.33,411.096573,12.14,'UFK - Alfa Regularny 1 (PLN)',194,4),(1746,10610.20,696.445168,15.23,'UFK - Alfa Kapitałowy 1 (PLN)',194,5),(1747,5320.84,442.301303,12.03,'UFK - Alfa Kapitałowy 1 (PLN)',195,1),(1748,1499.74,128.67211,11.66,'UFK - Alfa Regularny 1 (PLN)',195,1),(1749,691.66,57.27067,12.08,'UFK - Alfa Kapitałowy 1 (PLN)',195,2),(1750,2583.52,169.596067,15.23,'UFK - Alfa Kapitałowy 1 (PLN)',195,3),(1751,1086.14,89.299625,12.16,'UFK - Alfa Regularny 1 (PLN)',195,3),(1752,11961.88,852.228555,14.04,'UFK - Rynek Obligacyjno-Pieniężny (PLN)',195,3),(1753,6963.39,453.929721,15.34,'UFK - Alfa Kapitałowy 1 (PLN)',195,4),(1754,4989.33,410.745863,12.15,'UFK - Alfa Regularny 1 (PLN)',195,4),(1755,10581.85,693.440482,15.26,'UFK - Alfa Kapitałowy 1 (PLN)',195,5),(1756,5320.84,443.117451,12.01,'UFK - Alfa Kapitałowy 1 (PLN)',196,1),(1757,1499.74,128.292558,11.69,'UFK - Alfa Regularny 1 (PLN)',196,1),(1758,691.66,57.789687,11.97,'UFK - Alfa Kapitałowy 1 (PLN)',196,2),(1759,2583.52,169.46671,15.25,'UFK - Alfa Kapitałowy 1 (PLN)',196,3),(1760,1086.14,89.336807,12.16,'UFK - Alfa Regularny 1 (PLN)',196,3),(1761,11961.88,853.033518,14.02,'UFK - Rynek Obligacyjno-Pieniężny (PLN)',196,3),(1762,6963.39,458.588603,15.18,'UFK - Alfa Kapitałowy 1 (PLN)',196,4),(1763,5011.55,412.210227,12.16,'UFK - Alfa Regularny 1 (PLN)',196,4),(1764,10581.85,694.119383,15.25,'UFK - Alfa Kapitałowy 1 (PLN)',196,5),(1765,5320.84,447.236792,11.9,'UFK - Alfa Kapitałowy 1 (PLN)',197,1),(1766,1499.74,128.641905,11.66,'UFK - Alfa Regularny 1 (PLN)',197,1),(1767,691.66,57.495325,12.03,'UFK - Alfa Kapitałowy 1 (PLN)',197,2),(1768,2583.04,169.435225,15.25,'UFK - Alfa Kapitałowy 1 (PLN)',197,3),(1769,1098.95,90.763923,12.11,'UFK - Alfa Regularny 1 (PLN)',197,3),(1770,12038.80,857.708749,14.04,'UFK - Rynek Obligacyjno-Pieniężny (PLN)',197,3),(1771,6935.83,454.40056,15.26,'UFK - Alfa Kapitałowy 1 (PLN)',197,4),(1772,5057.15,416.329135,12.15,'UFK - Alfa Regularny 1 (PLN)',197,4),(1773,10600.83,695.364382,15.25,'UFK - Alfa Kapitałowy 1 (PLN)',197,5),(1774,5320.84,441.930233,12.04,'UFK - Alfa Kapitałowy 1 (PLN)',198,1),(1775,1499.74,128.181238,11.7,'UFK - Alfa Regularny 1 (PLN)',198,1),(1776,691.66,57.446844,12.04,'UFK - Alfa Kapitałowy 1 (PLN)',198,2),(1777,2583.04,169.435225,15.25,'UFK - Alfa Kapitałowy 1 (PLN)',198,3),(1778,1098.95,89.339383,12.3,'UFK - Alfa Regularny 1 (PLN)',198,3),(1779,12038.80,855.676649,14.07,'UFK - Rynek Obligacyjno-Pieniężny (PLN)',198,3),(1780,6935.83,454.957691,15.25,'UFK - Alfa Kapitałowy 1 (PLN)',198,4),(1781,5057.15,416.789701,12.13,'UFK - Alfa Regularny 1 (PLN)',198,4),(1782,10600.83,695.364382,15.25,'UFK - Alfa Kapitałowy 1 (PLN)',198,5),(1783,5410.81,447.852945,12.08,'UFK - Alfa Kapitałowy 1 (PLN)',199,1),(1784,1523.29,130.184722,11.7,'UFK - Alfa Regularny 1 (PLN)',199,1),(1785,828.98,68.927487,12.03,'UFK - Alfa Kapitałowy 1 (PLN)',199,2),(1786,2591.09,169.170638,15.32,'UFK - Alfa Kapitałowy 1 (PLN)',199,3),(1787,1085.59,89.722772,12.1,'UFK - Alfa Regularny 1 (PLN)',199,3),(1788,12004.22,858.02373,13.99,'UFK - Rynek Obligacyjno-Pieniężny (PLN)',199,3),(1789,6942.45,455.391932,15.25,'UFK - Alfa Kapitałowy 1 (PLN)',199,4),(1790,5066.45,418.419615,12.11,'UFK - Alfa Regularny 1 (PLN)',199,4),(1791,10528.56,689.97725,15.26,'UFK - Alfa Kapitałowy 1 (PLN)',199,5),(1792,5410.81,450.23382,12.02,'UFK - Alfa Kapitałowy 1 (PLN)',200,1),(1793,1523.29,130.68606,11.66,'UFK - Alfa Regularny 1 (PLN)',200,1),(1794,828.98,68.794734,12.05,'UFK - Alfa Kapitałowy 1 (PLN)',200,2),(1795,2615.37,171.55592,15.25,'UFK - Alfa Kapitałowy 1 (PLN)',200,3),(1796,1056.86,86.911078,12.16,'UFK - Alfa Regularny 1 (PLN)',200,3),(1797,12002.29,855.93165,14.02,'UFK - Rynek Obligacyjno-Pieniężny (PLN)',200,3),(1798,6931.90,454.177237,15.26,'UFK - Alfa Kapitałowy 1 (PLN)',200,4),(1799,5067.62,415.84854,12.19,'UFK - Alfa Regularny 1 (PLN)',200,4),(1800,10473.35,687.002296,15.25,'UFK - Alfa Kapitałowy 1 (PLN)',200,5),(1801,5410.81,450.173749,12.02,'UFK - Alfa Kapitałowy 1 (PLN)',201,1),(1802,1523.29,130.3071,11.69,'UFK - Alfa Regularny 1 (PLN)',201,1),(1803,828.98,68.932233,12.03,'UFK - Alfa Kapitałowy 1 (PLN)',201,2),(1804,2591.06,170.237021,15.22,'UFK - Alfa Kapitałowy 1 (PLN)',201,3),(1805,1044.66,86.11225,12.13,'UFK - Alfa Regularny 1 (PLN)',201,3),(1806,11910.62,849.288375,14.02,'UFK - Rynek Obligacyjno-Pieniężny (PLN)',201,3),(1807,6919.97,453.361493,15.26,'UFK - Alfa Kapitałowy 1 (PLN)',201,4),(1808,5042.99,415.163415,12.15,'UFK - Alfa Regularny 1 (PLN)',201,4),(1809,10407.31,682.089321,15.26,'UFK - Alfa Kapitałowy 1 (PLN)',201,5),(1810,5410.81,450.487343,12.01,'UFK - Alfa Kapitałowy 1 (PLN)',202,1),(1811,1523.29,130.457908,11.68,'UFK - Alfa Regularny 1 (PLN)',202,1),(1812,828.98,68.920306,12.03,'UFK - Alfa Kapitałowy 1 (PLN)',202,2),(1813,2591.06,170.085263,15.23,'UFK - Alfa Kapitałowy 1 (PLN)',202,3),(1814,1044.66,85.911384,12.16,'UFK - Alfa Regularny 1 (PLN)',202,3),(1815,11910.62,848.576518,14.04,'UFK - Rynek Obligacyjno-Pieniężny (PLN)',202,3),(1816,6919.97,453.58116,15.26,'UFK - Alfa Kapitałowy 1 (PLN)',202,4),(1817,5042.99,415.527332,12.14,'UFK - Alfa Regularny 1 (PLN)',202,4),(1818,10407.31,688.693724,15.11,'UFK - Alfa Kapitałowy 1 (PLN)',202,5),(1819,5433.29,451.269934,12.04,'UFK - Alfa Kapitałowy 1 (PLN)',203,1),(1820,1511.73,129.461118,11.68,'UFK - Alfa Regularny 1 (PLN)',203,1),(1821,780.51,64.884049,12.03,'UFK - Alfa Kapitałowy 1 (PLN)',203,2),(1822,2579.46,169.056377,15.26,'UFK - Alfa Kapitałowy 1 (PLN)',203,3),(1823,1096.70,90.17729,12.16,'UFK - Alfa Regularny 1 (PLN)',203,3),(1824,11880.11,845.577568,14.05,'UFK - Rynek Obligacyjno-Pieniężny (PLN)',203,3),(1825,6972.21,457.344047,15.25,'UFK - Alfa Kapitałowy 1 (PLN)',203,4),(1826,5043.01,415.165061,12.15,'UFK - Alfa Regularny 1 (PLN)',203,4),(1827,10380.38,681.477001,15.23,'UFK - Alfa Kapitałowy 1 (PLN)',203,5),(1828,5440.66,449.013332,12.12,'UFK - Alfa Kapitałowy 1 (PLN)',204,1),(1829,1548.19,133.036091,11.64,'UFK - Alfa Regularny 1 (PLN)',204,1),(1830,809.17,67.27178,12.03,'UFK - Alfa Kapitałowy 1 (PLN)',204,2),(1831,2579.46,168.149932,15.34,'UFK - Alfa Kapitałowy 1 (PLN)',204,3),(1832,1096.70,90.211028,12.16,'UFK - Alfa Regularny 1 (PLN)',204,3),(1833,11880.11,846.402821,14.04,'UFK - Rynek Obligacyjno-Pieniężny (PLN)',204,3),(1834,6972.21,457.030131,15.26,'UFK - Alfa Kapitałowy 1 (PLN)',204,4),(1835,5043.01,414.687591,12.16,'UFK - Alfa Regularny 1 (PLN)',204,4),(1836,10380.38,680.903903,15.25,'UFK - Alfa Kapitałowy 1 (PLN)',204,5),(1837,5443.06,451.574555,12.05,'UFK - Alfa Kapitałowy 1 (PLN)',205,1),(1838,1563.46,133.592008,11.7,'UFK - Alfa Regularny 1 (PLN)',205,1),(1839,919.82,76.39701,12.04,'UFK - Alfa Kapitałowy 1 (PLN)',205,2),(1840,2579.46,169.200394,15.25,'UFK - Alfa Kapitałowy 1 (PLN)',205,3),(1841,1096.70,90.209886,12.16,'UFK - Alfa Regularny 1 (PLN)',205,3),(1842,11880.11,843.321654,14.09,'UFK - Rynek Obligacyjno-Pieniężny (PLN)',205,3),(1843,6972.21,457.344047,15.25,'UFK - Alfa Kapitałowy 1 (PLN)',205,4),(1844,5076.39,417.239552,12.17,'UFK - Alfa Regularny 1 (PLN)',205,4),(1845,10380.38,680.453049,15.26,'UFK - Alfa Kapitałowy 1 (PLN)',205,5),(1846,5466.15,452.924361,12.07,'UFK - Alfa Kapitałowy 1 (PLN)',206,1),(1847,1615.53,138.317728,11.68,'UFK - Alfa Regularny 1 (PLN)',206,1),(1848,1033.13,85.919642,12.02,'UFK - Alfa Kapitałowy 1 (PLN)',206,2),(1849,2571.01,168.519781,15.26,'UFK - Alfa Kapitałowy 1 (PLN)',206,3),(1850,1117.95,91.200838,12.26,'UFK - Alfa Regularny 1 (PLN)',206,3),(1851,11784.34,839.579652,14.04,'UFK - Rynek Obligacyjno-Pieniężny (PLN)',206,3),(1852,6986.17,458.259757,15.25,'UFK - Alfa Kapitałowy 1 (PLN)',206,4),(1853,5129.03,427.663154,11.99,'UFK - Alfa Regularny 1 (PLN)',206,4),(1854,10454.76,684.806357,15.27,'UFK - Alfa Kapitałowy 1 (PLN)',206,5),(1855,5466.15,453.999169,12.04,'UFK - Alfa Kapitałowy 1 (PLN)',207,1),(1856,1615.53,138.393284,11.67,'UFK - Alfa Regularny 1 (PLN)',207,1),(1857,1033.13,85.80814,12.04,'UFK - Alfa Kapitałowy 1 (PLN)',207,2),(1858,2571.01,168.221708,15.28,'UFK - Alfa Kapitałowy 1 (PLN)',207,3),(1859,1117.95,91.892334,12.17,'UFK - Alfa Regularny 1 (PLN)',207,3),(1860,11784.34,840.956992,14.01,'UFK - Rynek Obligacyjno-Pieniężny (PLN)',207,3),(1861,6986.17,458.745104,15.23,'UFK - Alfa Kapitałowy 1 (PLN)',207,4),(1862,5129.03,422.246645,12.15,'UFK - Alfa Regularny 1 (PLN)',207,4),(1863,10454.76,680.531158,15.36,'UFK - Alfa Kapitałowy 1 (PLN)',207,5),(1864,5501.35,456.44887,12.05,'UFK - Alfa Kapitałowy 1 (PLN)',208,1),(1865,1631.16,139.534645,11.69,'UFK - Alfa Regularny 1 (PLN)',208,1),(1866,1017.99,84.419607,12.06,'UFK - Alfa Kapitałowy 1 (PLN)',208,2),(1867,2558.61,167.942895,15.24,'UFK - Alfa Kapitałowy 1 (PLN)',208,3),(1868,1098.59,90.856804,12.09,'UFK - Alfa Regularny 1 (PLN)',208,3),(1869,11845.77,838.975164,14.12,'UFK - Rynek Obligacyjno-Pieniężny (PLN)',208,3),(1870,7003.49,460.200854,15.22,'UFK - Alfa Kapitałowy 1 (PLN)',208,4),(1871,5160.52,425.20753,12.14,'UFK - Alfa Regularny 1 (PLN)',208,4),(1872,10481.10,687.510659,15.25,'UFK - Alfa Kapitałowy 1 (PLN)',208,5),(1873,5526.75,459.032392,12.04,'UFK - Alfa Kapitałowy 1 (PLN)',209,1),(1874,1659.57,142.103063,11.68,'UFK - Alfa Regularny 1 (PLN)',209,1),(1875,1045.03,86.796512,12.04,'UFK - Alfa Kapitałowy 1 (PLN)',209,2),(1876,2558.61,167.832732,15.25,'UFK - Alfa Kapitałowy 1 (PLN)',209,3),(1877,1098.59,90.441261,12.15,'UFK - Alfa Regularny 1 (PLN)',209,3),(1878,11845.77,847.132797,13.98,'UFK - Rynek Obligacyjno-Pieniężny (PLN)',209,3),(1879,7003.49,459.846072,15.23,'UFK - Alfa Kapitałowy 1 (PLN)',209,4),(1880,5113.52,420.6053,12.16,'UFK - Alfa Regularny 1 (PLN)',209,4),(1881,10481.10,686.582071,15.27,'UFK - Alfa Kapitałowy 1 (PLN)',209,5),(1882,5526.75,459.032392,12.04,'UFK - Alfa Kapitałowy 1 (PLN)',210,1),(1883,1659.57,141.720014,11.71,'UFK - Alfa Regularny 1 (PLN)',210,1),(1884,1045.03,87.249426,11.98,'UFK - Alfa Kapitałowy 1 (PLN)',210,2),(1885,2558.61,169.687852,15.08,'UFK - Alfa Kapitałowy 1 (PLN)',210,3),(1886,1098.59,90.441261,12.15,'UFK - Alfa Regularny 1 (PLN)',210,3),(1887,11845.77,843.956255,14.04,'UFK - Rynek Obligacyjno-Pieniężny (PLN)',210,3),(1888,7003.49,459.049758,15.26,'UFK - Alfa Kapitałowy 1 (PLN)',210,4),(1889,5113.52,420.263702,12.17,'UFK - Alfa Regularny 1 (PLN)',210,4),(1890,10481.10,688.189486,15.23,'UFK - Alfa Kapitałowy 1 (PLN)',210,5),(1891,5526.75,459.032392,12.04,'UFK - Alfa Kapitałowy 1 (PLN)',211,1),(1892,1659.57,141.964927,11.69,'UFK - Alfa Regularny 1 (PLN)',211,1),(1893,1045.03,86.044245,12.15,'UFK - Alfa Kapitałowy 1 (PLN)',211,2),(1894,2558.61,167.674478,15.26,'UFK - Alfa Kapitałowy 1 (PLN)',211,3),(1895,1098.59,90.54479,12.13,'UFK - Alfa Regularny 1 (PLN)',211,3),(1896,11845.77,841.775433,14.07,'UFK - Rynek Obligacyjno-Pieniężny (PLN)',211,3),(1897,7003.49,459.99336,15.23,'UFK - Alfa Kapitałowy 1 (PLN)',211,4),(1898,5113.52,420.969787,12.15,'UFK - Alfa Regularny 1 (PLN)',211,4),(1899,10481.10,686.98667,15.26,'UFK - Alfa Kapitałowy 1 (PLN)',211,5),(1900,5526.75,463.562019,11.92,'UFK - Alfa Kapitałowy 1 (PLN)',212,1),(1901,1659.57,142.129227,11.68,'UFK - Alfa Regularny 1 (PLN)',212,1),(1902,1045.03,86.67945,12.06,'UFK - Alfa Kapitałowy 1 (PLN)',212,2),(1903,2505.60,164.355526,15.25,'UFK - Alfa Kapitałowy 1 (PLN)',212,3),(1904,1111.92,91.639241,12.13,'UFK - Alfa Regularny 1 (PLN)',212,3),(1905,11860.81,845.027786,14.04,'UFK - Rynek Obligacyjno-Pieniężny (PLN)',212,3),(1906,7060.89,463.161036,15.25,'UFK - Alfa Kapitałowy 1 (PLN)',212,4),(1907,5113.52,420.969787,12.15,'UFK - Alfa Regularny 1 (PLN)',212,4),(1908,10542.55,684.632465,15.4,'UFK - Alfa Kapitałowy 1 (PLN)',212,5),(1909,5547.78,460.77907,12.04,'UFK - Alfa Kapitałowy 1 (PLN)',213,1),(1910,1639.52,140.081012,11.7,'UFK - Alfa Regularny 1 (PLN)',213,1),(1911,919.02,76.45037,12.02,'UFK - Alfa Kapitałowy 1 (PLN)',213,2),(1912,2463.87,161.618235,15.25,'UFK - Alfa Kapitałowy 1 (PLN)',213,3),(1913,1123.61,92.59399,12.13,'UFK - Alfa Regularny 1 (PLN)',213,3),(1914,11847.75,842.884158,14.06,'UFK - Rynek Obligacyjno-Pieniężny (PLN)',213,3),(1915,7017.59,459.494988,15.27,'UFK - Alfa Kapitałowy 1 (PLN)',213,4),(1916,5092.72,418.696956,12.16,'UFK - Alfa Regularny 1 (PLN)',213,4),(1917,10564.65,693.866421,15.23,'UFK - Alfa Kapitałowy 1 (PLN)',213,5),(1918,5547.78,461.224508,12.03,'UFK - Alfa Kapitałowy 1 (PLN)',214,1),(1919,1639.52,140.451714,11.67,'UFK - Alfa Regularny 1 (PLN)',214,1),(1920,919.02,76.330565,12.04,'UFK - Alfa Kapitałowy 1 (PLN)',214,2),(1921,2463.87,161.489836,15.26,'UFK - Alfa Kapitałowy 1 (PLN)',214,3),(1922,1123.61,92.501029,12.15,'UFK - Alfa Regularny 1 (PLN)',214,3),(1923,11847.75,846.778612,13.99,'UFK - Rynek Obligacyjno-Pieniężny (PLN)',214,3),(1924,7017.59,460.320761,15.25,'UFK - Alfa Kapitałowy 1 (PLN)',214,4),(1925,5079.27,417.759343,12.16,'UFK - Alfa Regularny 1 (PLN)',214,4),(1926,10564.65,692.991145,15.25,'UFK - Alfa Kapitałowy 1 (PLN)',214,5),(1927,5547.78,461.342562,12.03,'UFK - Alfa Kapitałowy 1 (PLN)',215,1),(1928,1639.52,140.128091,11.7,'UFK - Alfa Regularny 1 (PLN)',215,1),(1929,919.02,76.49559,12.01,'UFK - Alfa Kapitałowy 1 (PLN)',215,2),(1930,2463.87,161.458973,15.26,'UFK - Alfa Kapitałowy 1 (PLN)',215,3),(1931,1123.61,92.501029,12.15,'UFK - Alfa Regularny 1 (PLN)',215,3),(1932,11847.75,844.781262,14.02,'UFK - Rynek Obligacyjno-Pieniężny (PLN)',215,3),(1933,7017.59,460.715804,15.23,'UFK - Alfa Kapitałowy 1 (PLN)',215,4),(1934,5141.93,425.497952,12.08,'UFK - Alfa Regularny 1 (PLN)',215,4),(1935,10564.65,693.549348,15.23,'UFK - Alfa Kapitałowy 1 (PLN)',215,5),(1936,5547.78,459.440141,12.08,'UFK - Alfa Kapitałowy 1 (PLN)',216,1),(1937,1639.52,140.249786,11.69,'UFK - Alfa Regularny 1 (PLN)',216,1),(1938,919.02,77.619932,11.84,'UFK - Alfa Kapitałowy 1 (PLN)',216,2),(1939,2463.87,161.469058,15.26,'UFK - Alfa Kapitałowy 1 (PLN)',216,3),(1940,1123.61,92.501029,12.15,'UFK - Alfa Regularny 1 (PLN)',216,3),(1941,11847.75,842.250968,14.07,'UFK - Rynek Obligacyjno-Pieniężny (PLN)',216,3),(1942,7017.59,459.994561,15.26,'UFK - Alfa Kapitałowy 1 (PLN)',216,4),(1943,5141.93,423.308636,12.15,'UFK - Alfa Regularny 1 (PLN)',216,4),(1944,10564.65,692.991145,15.25,'UFK - Alfa Kapitałowy 1 (PLN)',216,5),(1945,5528.72,460.320502,12.01,'UFK - Alfa Kapitałowy 1 (PLN)',217,1),(1946,1640.60,140.527113,11.67,'UFK - Alfa Regularny 1 (PLN)',217,1),(1947,842.93,70.14952,12.02,'UFK - Alfa Kapitałowy 1 (PLN)',217,2),(1948,2454.17,161.22791,15.22,'UFK - Alfa Kapitałowy 1 (PLN)',217,3),(1949,1130.86,93.2052,12.13,'UFK - Alfa Regularny 1 (PLN)',217,3),(1950,11850.72,840.78527,14.09,'UFK - Rynek Obligacyjno-Pieniężny (PLN)',217,3),(1951,6947.66,456.843564,15.21,'UFK - Alfa Kapitałowy 1 (PLN)',217,4),(1952,5141.93,423.308636,12.15,'UFK - Alfa Regularny 1 (PLN)',217,4),(1953,10576.57,693.77304,15.25,'UFK - Alfa Kapitałowy 1 (PLN)',217,5),(1954,5553.92,457.489292,12.14,'UFK - Alfa Kapitałowy 1 (PLN)',218,1),(1955,1606.21,137.635818,11.67,'UFK - Alfa Regularny 1 (PLN)',218,1),(1956,741.83,61.724036,12.02,'UFK - Alfa Kapitałowy 1 (PLN)',218,2),(1957,2454.17,160.636486,15.28,'UFK - Alfa Kapitałowy 1 (PLN)',218,3),(1958,1130.86,92.922027,12.17,'UFK - Alfa Regularny 1 (PLN)',218,3),(1959,11850.72,844.30892,14.04,'UFK - Rynek Obligacyjno-Pieniężny (PLN)',218,3),(1960,6947.66,455.21438,15.26,'UFK - Alfa Kapitałowy 1 (PLN)',218,4),(1961,5141.93,423.308636,12.15,'UFK - Alfa Regularny 1 (PLN)',218,4),(1962,10576.57,692.059989,15.28,'UFK - Alfa Kapitałowy 1 (PLN)',218,5),(1963,5418.19,450.015781,12.04,'UFK - Alfa Kapitałowy 1 (PLN)',219,1),(1964,1621.47,138.011265,11.75,'UFK - Alfa Regularny 1 (PLN)',219,1),(1965,779.78,64.765781,12.04,'UFK - Alfa Kapitałowy 1 (PLN)',219,2),(1966,2454.17,160.981961,15.25,'UFK - Alfa Kapitałowy 1 (PLN)',219,3),(1967,1130.86,93.019743,12.16,'UFK - Alfa Regularny 1 (PLN)',219,3),(1968,11850.72,844.30892,14.04,'UFK - Rynek Obligacyjno-Pieniężny (PLN)',219,3),(1969,6947.66,455.733683,15.25,'UFK - Alfa Kapitałowy 1 (PLN)',219,4),(1970,5096.83,419.595785,12.15,'UFK - Alfa Regularny 1 (PLN)',219,4),(1971,10576.57,692.95404,15.26,'UFK - Alfa Kapitałowy 1 (PLN)',219,5),(1972,5408.20,449.186047,12.04,'UFK - Alfa Kapitałowy 1 (PLN)',220,1),(1973,1648.11,141.394614,11.66,'UFK - Alfa Regularny 1 (PLN)',220,1),(1974,737.63,61.26495,12.04,'UFK - Alfa Kapitałowy 1 (PLN)',220,2),(1975,2454.17,160.981961,15.25,'UFK - Alfa Kapitałowy 1 (PLN)',220,3),(1976,1130.86,93.268514,12.12,'UFK - Alfa Regularny 1 (PLN)',220,3),(1977,11850.72,846.222871,14,'UFK - Rynek Obligacyjno-Pieniężny (PLN)',220,3),(1978,6947.66,456.957121,15.2,'UFK - Alfa Kapitałowy 1 (PLN)',220,4),(1979,5096.83,417.14284,12.22,'UFK - Alfa Regularny 1 (PLN)',220,4),(1980,10576.57,693.099499,15.26,'UFK - Alfa Kapitałowy 1 (PLN)',220,5),(1981,5510.17,457.655316,12.04,'UFK - Alfa Kapitałowy 1 (PLN)',221,1),(1982,1664.80,143.024055,11.64,'UFK - Alfa Regularny 1 (PLN)',221,1),(1983,727.86,60.682583,11.99,'UFK - Alfa Kapitałowy 1 (PLN)',221,2),(1984,2451.87,160.831092,15.25,'UFK - Alfa Kapitałowy 1 (PLN)',221,3),(1985,1137.46,93.484166,12.17,'UFK - Alfa Regularny 1 (PLN)',221,3),(1986,11827.04,835.617841,14.15,'UFK - Rynek Obligacyjno-Pieniężny (PLN)',221,3),(1987,6971.33,456.642161,15.27,'UFK - Alfa Kapitałowy 1 (PLN)',221,4),(1988,5116.57,421.809444,12.13,'UFK - Alfa Regularny 1 (PLN)',221,4),(1989,10534.11,690.435556,15.26,'UFK - Alfa Kapitałowy 1 (PLN)',221,5),(1990,5510.17,456.812178,12.06,'UFK - Alfa Kapitałowy 1 (PLN)',222,1),(1991,1664.80,142.692925,11.67,'UFK - Alfa Regularny 1 (PLN)',222,1),(1992,727.86,60.257224,12.08,'UFK - Alfa Kapitałowy 1 (PLN)',222,2),(1993,2451.87,160.831092,15.25,'UFK - Alfa Kapitałowy 1 (PLN)',222,3),(1994,1137.46,93.641228,12.15,'UFK - Alfa Regularny 1 (PLN)',222,3),(1995,11827.04,842.62183,14.04,'UFK - Rynek Obligacyjno-Pieniężny (PLN)',222,3),(1996,6971.33,457.286323,15.25,'UFK - Alfa Kapitałowy 1 (PLN)',222,4),(1997,5116.57,422.13541,12.12,'UFK - Alfa Regularny 1 (PLN)',222,4),(1998,10534.11,691.836111,15.23,'UFK - Alfa Kapitałowy 1 (PLN)',222,5),(1999,5440.60,451.877076,12.04,'UFK - Alfa Kapitałowy 1 (PLN)',223,1),(2000,1645.59,140.769033,11.69,'UFK - Alfa Regularny 1 (PLN)',223,1),(2001,631.69,52.637393,12,'UFK - Alfa Kapitałowy 1 (PLN)',223,2),(2002,2451.87,160.970946,15.23,'UFK - Alfa Kapitałowy 1 (PLN)',223,3),(2003,1137.46,93.327629,12.19,'UFK - Alfa Regularny 1 (PLN)',223,3),(2004,11827.04,841.318785,14.06,'UFK - Rynek Obligacyjno-Pieniężny (PLN)',223,3),(2005,6971.33,457.762944,15.23,'UFK - Alfa Kapitałowy 1 (PLN)',223,4),(2006,5116.57,420.759025,12.16,'UFK - Alfa Regularny 1 (PLN)',223,4),(2007,10534.11,691.592734,15.23,'UFK - Alfa Kapitałowy 1 (PLN)',223,5),(2008,5454.16,452.177909,12.06,'UFK - Alfa Kapitałowy 1 (PLN)',224,1),(2009,1664.38,142.701915,11.66,'UFK - Alfa Regularny 1 (PLN)',224,1),(2010,589.45,48.909567,12.05,'UFK - Alfa Kapitałowy 1 (PLN)',224,2),(2011,2451.87,161.007114,15.23,'UFK - Alfa Kapitałowy 1 (PLN)',224,3),(2012,1137.46,94.418527,12.05,'UFK - Alfa Regularny 1 (PLN)',224,3),(2013,11827.04,842.62183,14.04,'UFK - Rynek Obligacyjno-Pieniężny (PLN)',224,3),(2014,6971.33,457.744734,15.23,'UFK - Alfa Kapitałowy 1 (PLN)',224,4),(2015,5187.08,427.025603,12.15,'UFK - Alfa Regularny 1 (PLN)',224,4),(2016,10534.11,690.987865,15.25,'UFK - Alfa Kapitałowy 1 (PLN)',224,5),(2017,5368.48,445.887043,12.04,'UFK - Alfa Kapitałowy 1 (PLN)',225,1),(2018,1665.01,142.430282,11.69,'UFK - Alfa Regularny 1 (PLN)',225,1),(2019,523.64,43.491694,12.04,'UFK - Alfa Kapitałowy 1 (PLN)',225,2),(2020,2458.45,162.113419,15.17,'UFK - Alfa Kapitałowy 1 (PLN)',225,3),(2021,1160.21,95.679947,12.13,'UFK - Alfa Regularny 1 (PLN)',225,3),(2022,11841.06,843.62069,14.04,'UFK - Rynek Obligacyjno-Pieniężny (PLN)',225,3),(2023,6924.38,451.514153,15.34,'UFK - Alfa Kapitałowy 1 (PLN)',225,4),(2024,5187.08,426.592034,12.16,'UFK - Alfa Regularny 1 (PLN)',225,4),(2025,10487.12,687.44305,15.26,'UFK - Alfa Kapitałowy 1 (PLN)',225,5),(2026,5368.48,446.277214,12.03,'UFK - Alfa Kapitałowy 1 (PLN)',226,1),(2027,1665.01,142.430282,11.69,'UFK - Alfa Regularny 1 (PLN)',226,1),(2028,523.64,43.491694,12.04,'UFK - Alfa Kapitałowy 1 (PLN)',226,2),(2029,2458.45,161.262709,15.25,'UFK - Alfa Kapitałowy 1 (PLN)',226,3),(2030,1160.21,95.514119,12.15,'UFK - Alfa Regularny 1 (PLN)',226,3),(2031,11841.06,843.62069,14.04,'UFK - Rynek Obligacyjno-Pieniężny (PLN)',226,3),(2032,6924.38,454.549341,15.23,'UFK - Alfa Kapitałowy 1 (PLN)',226,4),(2033,5187.08,427.462756,12.13,'UFK - Alfa Regularny 1 (PLN)',226,4),(2034,10487.12,682.928114,15.36,'UFK - Alfa Kapitałowy 1 (PLN)',226,5),(2035,5368.48,443.257372,12.11,'UFK - Alfa Kapitałowy 1 (PLN)',227,1),(2036,1665.01,141.648536,11.75,'UFK - Alfa Regularny 1 (PLN)',227,1),(2037,523.64,43.682648,11.99,'UFK - Alfa Kapitałowy 1 (PLN)',227,2),(2038,2458.45,161.262709,15.25,'UFK - Alfa Kapitałowy 1 (PLN)',227,3),(2039,1160.21,95.371365,12.17,'UFK - Alfa Regularny 1 (PLN)',227,3),(2040,11841.06,843.62069,14.04,'UFK - Rynek Obligacyjno-Pieniężny (PLN)',227,3),(2041,6924.38,453.402812,15.27,'UFK - Alfa Kapitałowy 1 (PLN)',227,4),(2042,5186.02,426.938339,12.15,'UFK - Alfa Regularny 1 (PLN)',227,4),(2043,10487.12,684.004027,15.33,'UFK - Alfa Kapitałowy 1 (PLN)',227,5),(2044,5335.15,443.118771,12.04,'UFK - Alfa Kapitałowy 1 (PLN)',228,1),(2045,1675.83,143.209146,11.7,'UFK - Alfa Regularny 1 (PLN)',228,1),(2046,667.37,55.285907,12.07,'UFK - Alfa Kapitałowy 1 (PLN)',228,2),(2047,2458.45,161.262709,15.25,'UFK - Alfa Kapitałowy 1 (PLN)',228,3),(2048,1160.21,95.341614,12.17,'UFK - Alfa Regularny 1 (PLN)',228,3),(2049,11841.06,843.62069,14.04,'UFK - Rynek Obligacyjno-Pieniężny (PLN)',228,3),(2050,6924.38,453.814939,15.26,'UFK - Alfa Kapitałowy 1 (PLN)',228,4),(2051,5240.42,433.345193,12.09,'UFK - Alfa Regularny 1 (PLN)',228,4),(2052,10487.12,687.247438,15.26,'UFK - Alfa Kapitałowy 1 (PLN)',228,5),(2053,5335.15,445.506007,11.98,'UFK - Alfa Kapitałowy 1 (PLN)',229,1),(2054,1675.83,142.961364,11.72,'UFK - Alfa Regularny 1 (PLN)',229,1),(2055,667.37,55.429402,12.04,'UFK - Alfa Kapitałowy 1 (PLN)',229,2),(2056,2504.07,164.255166,15.25,'UFK - Alfa Kapitałowy 1 (PLN)',229,3),(2057,1167.21,96.191918,12.13,'UFK - Alfa Regularny 1 (PLN)',229,3),(2058,11896.10,843.535502,14.1,'UFK - Rynek Obligacyjno-Pieniężny (PLN)',229,3),(2059,6982.01,457.165295,15.27,'UFK - Alfa Kapitałowy 1 (PLN)',229,4),(2060,5240.42,430.080723,12.18,'UFK - Alfa Regularny 1 (PLN)',229,4),(2061,10455.14,685.807806,15.25,'UFK - Alfa Kapitałowy 1 (PLN)',229,5),(2062,5335.15,443.118771,12.04,'UFK - Alfa Kapitałowy 1 (PLN)',230,1),(2063,1675.83,143.35586,11.69,'UFK - Alfa Regularny 1 (PLN)',230,1),(2064,667.37,55.358117,12.06,'UFK - Alfa Kapitałowy 1 (PLN)',230,2),(2065,2491.96,164.075812,15.19,'UFK - Alfa Kapitałowy 1 (PLN)',230,3),(2066,1188.43,97.748408,12.16,'UFK - Alfa Regularny 1 (PLN)',230,3),(2067,11835.92,839.268224,14.1,'UFK - Rynek Obligacyjno-Pieniężny (PLN)',230,3),(2068,6949.09,456.131241,15.23,'UFK - Alfa Kapitałowy 1 (PLN)',230,4),(2069,5240.42,428.801918,12.22,'UFK - Alfa Regularny 1 (PLN)',230,4),(2070,10439.83,677.961835,15.4,'UFK - Alfa Kapitałowy 1 (PLN)',230,5),(2071,5335.15,442.320128,12.06,'UFK - Alfa Kapitałowy 1 (PLN)',231,1),(2072,1675.83,145.267654,11.54,'UFK - Alfa Regularny 1 (PLN)',231,1),(2073,667.37,55.322544,12.06,'UFK - Alfa Kapitałowy 1 (PLN)',231,2),(2074,2526.37,165.403457,15.27,'UFK - Alfa Kapitałowy 1 (PLN)',231,3),(2075,1249.53,102.739223,12.16,'UFK - Alfa Regularny 1 (PLN)',231,3),(2076,11857.26,844.128196,14.05,'UFK - Rynek Obligacyjno-Pieniężny (PLN)',231,3),(2077,6959.21,456.491309,15.25,'UFK - Alfa Kapitałowy 1 (PLN)',231,4),(2078,5240.42,432.009563,12.13,'UFK - Alfa Regularny 1 (PLN)',231,4),(2079,10523.85,689.419359,15.26,'UFK - Alfa Kapitałowy 1 (PLN)',231,5),(2080,5219.15,432.702941,12.06,'UFK - Alfa Kapitałowy 1 (PLN)',232,1),(2081,1706.88,146.011976,11.69,'UFK - Alfa Regularny 1 (PLN)',232,1),(2082,714.10,59.366663,12.03,'UFK - Alfa Kapitałowy 1 (PLN)',232,2),(2083,2526.37,165.71794,15.25,'UFK - Alfa Kapitałowy 1 (PLN)',232,3),(2084,1249.53,102.974683,12.13,'UFK - Alfa Regularny 1 (PLN)',232,3),(2085,11857.26,845.880646,14.02,'UFK - Rynek Obligacyjno-Pieniężny (PLN)',232,3),(2086,6959.21,458.496322,15.18,'UFK - Alfa Kapitałowy 1 (PLN)',232,4),(2087,5226.49,430.270026,12.15,'UFK - Alfa Regularny 1 (PLN)',232,4),(2088,10523.85,685.58108,15.35,'UFK - Alfa Kapitałowy 1 (PLN)',232,5),(2089,5305.47,440.653654,12.04,'UFK - Alfa Kapitałowy 1 (PLN)',233,1),(2090,1710.50,145.867897,11.73,'UFK - Alfa Regularny 1 (PLN)',233,1),(2091,691.62,57.334051,12.06,'UFK - Alfa Kapitałowy 1 (PLN)',233,2),(2092,2526.37,165.593088,15.26,'UFK - Alfa Kapitałowy 1 (PLN)',233,3),(2093,1249.53,104.298434,11.98,'UFK - Alfa Regularny 1 (PLN)',233,3),(2094,11857.26,844.774865,14.04,'UFK - Rynek Obligacyjno-Pieniężny (PLN)',233,3),(2095,6959.21,456.491309,15.25,'UFK - Alfa Kapitałowy 1 (PLN)',233,4),(2096,5211.77,429.466941,12.14,'UFK - Alfa Regularny 1 (PLN)',233,4),(2097,10523.85,695.11446,15.14,'UFK - Alfa Kapitałowy 1 (PLN)',233,5),(2098,5305.66,440.669435,12.04,'UFK - Alfa Kapitałowy 1 (PLN)',234,1),(2099,1714.77,146.686912,11.69,'UFK - Alfa Regularny 1 (PLN)',234,1),(2100,761.40,63.239203,12.04,'UFK - Alfa Kapitałowy 1 (PLN)',234,2),(2101,2526.37,165.997136,15.22,'UFK - Alfa Kapitałowy 1 (PLN)',234,3),(2102,1249.53,102.972031,12.13,'UFK - Alfa Regularny 1 (PLN)',234,3),(2103,11857.26,844.774865,14.04,'UFK - Rynek Obligacyjno-Pieniężny (PLN)',234,3),(2104,6959.21,456.942034,15.23,'UFK - Alfa Kapitałowy 1 (PLN)',234,4),(2105,5157.36,424.578908,12.15,'UFK - Alfa Regularny 1 (PLN)',234,4),(2106,10523.85,691.322579,15.22,'UFK - Alfa Kapitałowy 1 (PLN)',234,5),(2107,5305.66,441.045145,12.03,'UFK - Alfa Kapitałowy 1 (PLN)',235,1),(2108,1714.77,146.909338,11.67,'UFK - Alfa Regularny 1 (PLN)',235,1),(2109,761.40,63.239203,12.04,'UFK - Alfa Kapitałowy 1 (PLN)',235,2),(2110,2561.78,167.86163,15.26,'UFK - Alfa Kapitałowy 1 (PLN)',235,3),(2111,1256.64,103.80879,12.11,'UFK - Alfa Regularny 1 (PLN)',235,3),(2112,11857.58,845.595607,14.02,'UFK - Rynek Obligacyjno-Pieniężny (PLN)',235,3),(2113,6912.63,453.880245,15.23,'UFK - Alfa Kapitałowy 1 (PLN)',235,4),(2114,5157.36,424.578908,12.15,'UFK - Alfa Regularny 1 (PLN)',235,4),(2115,10576.58,695.057993,15.22,'UFK - Alfa Kapitałowy 1 (PLN)',235,5),(2116,5305.66,443.043476,11.98,'UFK - Alfa Kapitałowy 1 (PLN)',236,1),(2117,1714.77,146.903577,11.67,'UFK - Alfa Regularny 1 (PLN)',236,1),(2118,761.40,63.239203,12.04,'UFK - Alfa Kapitałowy 1 (PLN)',236,2),(2119,2561.78,168.531998,15.2,'UFK - Alfa Kapitałowy 1 (PLN)',236,3),(2120,1256.64,103.452704,12.15,'UFK - Alfa Regularny 1 (PLN)',236,3),(2121,11857.58,846.520826,14.01,'UFK - Rynek Obligacyjno-Pieniężny (PLN)',236,3),(2122,6912.63,452.932318,15.26,'UFK - Alfa Kapitałowy 1 (PLN)',236,4),(2123,5157.36,423.88099,12.17,'UFK - Alfa Regularny 1 (PLN)',236,4),(2124,10576.58,693.773696,15.25,'UFK - Alfa Kapitałowy 1 (PLN)',236,5),(2125,5305.66,440.669435,12.04,'UFK - Alfa Kapitałowy 1 (PLN)',237,1),(2126,1714.77,146.556319,11.7,'UFK - Alfa Regularny 1 (PLN)',237,1),(2127,761.40,63.299633,12.03,'UFK - Alfa Kapitałowy 1 (PLN)',237,2),(2128,2561.78,167.633411,15.28,'UFK - Alfa Kapitałowy 1 (PLN)',237,3),(2129,1256.64,103.36218,12.16,'UFK - Alfa Regularny 1 (PLN)',237,3),(2130,11857.58,844.797663,14.04,'UFK - Rynek Obligacyjno-Pieniężny (PLN)',237,3),(2131,6912.63,453.755926,15.23,'UFK - Alfa Kapitałowy 1 (PLN)',237,4),(2132,5171.69,425.758624,12.15,'UFK - Alfa Regularny 1 (PLN)',237,4),(2133,10576.58,695.562937,15.21,'UFK - Alfa Kapitałowy 1 (PLN)',237,5),(2134,5300.55,440.696902,12.03,'UFK - Alfa Kapitałowy 1 (PLN)',238,1),(2135,1791.81,153.27716,11.69,'UFK - Alfa Regularny 1 (PLN)',238,1),(2136,727.27,60.404485,12.04,'UFK - Alfa Kapitałowy 1 (PLN)',238,2),(2137,2638.52,173.074451,15.25,'UFK - Alfa Kapitałowy 1 (PLN)',238,3),(2138,1282.04,104.681963,12.25,'UFK - Alfa Regularny 1 (PLN)',238,3),(2139,11756.69,839.449931,14.01,'UFK - Rynek Obligacyjno-Pieniężny (PLN)',238,3),(2140,6932.40,454.732699,15.25,'UFK - Alfa Kapitałowy 1 (PLN)',238,4),(2141,5196.98,427.840619,12.15,'UFK - Alfa Regularny 1 (PLN)',238,4),(2142,10583.21,694.678362,15.23,'UFK - Alfa Kapitałowy 1 (PLN)',238,5),(2143,5300.55,440.245017,12.04,'UFK - Alfa Kapitałowy 1 (PLN)',239,1),(2144,1791.81,153.454552,11.68,'UFK - Alfa Regularny 1 (PLN)',239,1),(2145,727.27,60.503018,12.02,'UFK - Alfa Kapitałowy 1 (PLN)',239,2),(2146,2638.52,173.262305,15.23,'UFK - Alfa Kapitałowy 1 (PLN)',239,3),(2147,1282.04,105.175307,12.19,'UFK - Alfa Regularny 1 (PLN)',239,3),(2148,11756.69,837.609718,14.04,'UFK - Rynek Obligacyjno-Pieniężny (PLN)',239,3),(2149,6932.40,455.396518,15.22,'UFK - Alfa Kapitałowy 1 (PLN)',239,4),(2150,5269.02,434.172911,12.14,'UFK - Alfa Regularny 1 (PLN)',239,4),(2151,10583.21,694.208593,15.25,'UFK - Alfa Kapitałowy 1 (PLN)',239,5),(2152,5300.55,440.245017,12.04,'UFK - Alfa Kapitałowy 1 (PLN)',240,1),(2153,1791.81,153.27716,11.69,'UFK - Alfa Regularny 1 (PLN)',240,1),(2154,727.27,60.404485,12.04,'UFK - Alfa Kapitałowy 1 (PLN)',240,2),(2155,2638.52,174.112721,15.15,'UFK - Alfa Kapitałowy 1 (PLN)',240,3),(2156,1282.04,105.732983,12.13,'UFK - Alfa Regularny 1 (PLN)',240,3),(2157,11756.69,837.609718,14.04,'UFK - Rynek Obligacyjno-Pieniężny (PLN)',240,3),(2158,6932.40,454.732699,15.25,'UFK - Alfa Kapitałowy 1 (PLN)',240,4),(2159,5269.02,434.166248,12.14,'UFK - Alfa Regularny 1 (PLN)',240,4),(2160,10583.21,693.403566,15.26,'UFK - Alfa Kapitałowy 1 (PLN)',240,5),(2161,5303.58,441.8559,12,'UFK - Alfa Kapitałowy 1 (PLN)',241,1),(2162,1821.65,154.181126,11.82,'UFK - Alfa Regularny 1 (PLN)',241,1),(2163,681.86,56.63289,12.04,'UFK - Alfa Kapitałowy 1 (PLN)',241,2),(2164,2638.52,173.074451,15.25,'UFK - Alfa Kapitałowy 1 (PLN)',241,3),(2165,1282.04,105.543756,12.15,'UFK - Alfa Regularny 1 (PLN)',241,3),(2166,11756.69,838.657972,14.02,'UFK - Rynek Obligacyjno-Pieniężny (PLN)',241,3),(2167,6932.40,455.529515,15.22,'UFK - Alfa Kapitałowy 1 (PLN)',241,4),(2168,5269.02,433.336249,12.16,'UFK - Alfa Regularny 1 (PLN)',241,4),(2169,10583.21,693.524504,15.26,'UFK - Alfa Kapitałowy 1 (PLN)',241,5),(2170,5278.86,438.443522,12.04,'UFK - Alfa Kapitałowy 1 (PLN)',242,1),(2171,1813.06,154.917072,11.7,'UFK - Alfa Regularny 1 (PLN)',242,1),(2172,629.07,52.159926,12.06,'UFK - Alfa Kapitałowy 1 (PLN)',242,2),(2173,2723.86,178.672352,15.25,'UFK - Alfa Kapitałowy 1 (PLN)',242,3),(2174,1290.73,107.240106,12.04,'UFK - Alfa Regularny 1 (PLN)',242,3),(2175,11807.49,843.496727,14,'UFK - Rynek Obligacyjno-Pieniężny (PLN)',242,3),(2176,6983.47,458.538377,15.23,'UFK - Alfa Kapitałowy 1 (PLN)',242,4),(2177,5274.95,433.466486,12.17,'UFK - Alfa Regularny 1 (PLN)',242,4),(2178,10533.72,690.962283,15.25,'UFK - Alfa Kapitałowy 1 (PLN)',242,5),(2179,5278.86,438.910886,12.03,'UFK - Alfa Kapitałowy 1 (PLN)',243,1),(2180,1813.06,154.816143,11.71,'UFK - Alfa Regularny 1 (PLN)',243,1),(2181,629.07,52.292885,12.03,'UFK - Alfa Kapitałowy 1 (PLN)',243,2),(2182,2753.15,180.593637,15.25,'UFK - Alfa Kapitałowy 1 (PLN)',243,3),(2183,1290.49,105.727401,12.21,'UFK - Alfa Regularny 1 (PLN)',243,3),(2184,11860.98,849.072731,13.97,'UFK - Rynek Obligacyjno-Pieniężny (PLN)',243,3),(2185,6956.01,454.893549,15.29,'UFK - Alfa Kapitałowy 1 (PLN)',243,4),(2186,5297.26,436.096155,12.15,'UFK - Alfa Regularny 1 (PLN)',243,4),(2187,10592.60,693.28297,15.28,'UFK - Alfa Kapitałowy 1 (PLN)',243,5),(2188,5278.86,438.823179,12.03,'UFK - Alfa Kapitałowy 1 (PLN)',244,1),(2189,1813.06,155.094953,11.69,'UFK - Alfa Regularny 1 (PLN)',244,1),(2190,629.07,52.328825,12.02,'UFK - Alfa Kapitałowy 1 (PLN)',244,2),(2191,2753.15,179.124919,15.37,'UFK - Alfa Kapitałowy 1 (PLN)',244,3),(2192,1290.49,106.756383,12.09,'UFK - Alfa Regularny 1 (PLN)',244,3),(2193,11860.98,846.493119,14.01,'UFK - Rynek Obligacyjno-Pieniężny (PLN)',244,3),(2194,6956.01,456.281404,15.25,'UFK - Alfa Kapitałowy 1 (PLN)',244,4),(2195,5297.26,436.096155,12.15,'UFK - Alfa Regularny 1 (PLN)',244,4),(2196,10592.60,694.824533,15.25,'UFK - Alfa Kapitałowy 1 (PLN)',244,5),(2197,5313.37,442.724074,12,'UFK - Alfa Kapitałowy 1 (PLN)',245,1),(2198,1857.09,159.239806,11.66,'UFK - Alfa Regularny 1 (PLN)',245,1),(2199,600.86,49.905316,12.04,'UFK - Alfa Kapitałowy 1 (PLN)',245,2),(2200,2753.15,180.727591,15.23,'UFK - Alfa Kapitałowy 1 (PLN)',245,3),(2201,1290.49,105.978962,12.18,'UFK - Alfa Regularny 1 (PLN)',245,3),(2202,11860.98,844.37148,14.05,'UFK - Rynek Obligacyjno-Pieniężny (PLN)',245,3),(2203,6956.01,456.281404,15.25,'UFK - Alfa Kapitałowy 1 (PLN)',245,4),(2204,5297.26,436.474394,12.14,'UFK - Alfa Regularny 1 (PLN)',245,4),(2205,10592.60,703.211322,15.06,'UFK - Alfa Kapitałowy 1 (PLN)',245,5),(2206,5337.03,443.671151,12.03,'UFK - Alfa Kapitałowy 1 (PLN)',246,1),(2207,1838.71,157.289136,11.69,'UFK - Alfa Regularny 1 (PLN)',246,1),(2208,612.86,50.955228,12.03,'UFK - Alfa Kapitałowy 1 (PLN)',246,2),(2209,2753.15,180.282435,15.27,'UFK - Alfa Kapitałowy 1 (PLN)',246,3),(2210,1290.49,106.678515,12.1,'UFK - Alfa Regularny 1 (PLN)',246,3),(2211,11860.98,842.538773,14.08,'UFK - Rynek Obligacyjno-Pieniężny (PLN)',246,3),(2212,6956.01,456.281404,15.25,'UFK - Alfa Kapitałowy 1 (PLN)',246,4),(2213,5286.14,435.180703,12.15,'UFK - Alfa Regularny 1 (PLN)',246,4),(2214,10592.60,696.092877,15.22,'UFK - Alfa Kapitałowy 1 (PLN)',246,5),(2215,5337.03,445.51753,11.98,'UFK - Alfa Kapitałowy 1 (PLN)',247,1),(2216,1838.71,156.127773,11.78,'UFK - Alfa Regularny 1 (PLN)',247,1),(2217,612.86,51.013493,12.01,'UFK - Alfa Kapitałowy 1 (PLN)',247,2),(2218,2763.20,181.032964,15.26,'UFK - Alfa Kapitałowy 1 (PLN)',247,3),(2219,1276.95,104.618095,12.21,'UFK - Alfa Regularny 1 (PLN)',247,3),(2220,11891.06,845.27116,14.07,'UFK - Rynek Obligacyjno-Pieniężny (PLN)',247,3),(2221,6982.92,458.046573,15.25,'UFK - Alfa Kapitałowy 1 (PLN)',247,4),(2222,5286.14,433.752359,12.19,'UFK - Alfa Regularny 1 (PLN)',247,4),(2223,10547.99,693.682732,15.21,'UFK - Alfa Kapitałowy 1 (PLN)',247,5),(2224,5337.03,444.393394,12.01,'UFK - Alfa Kapitałowy 1 (PLN)',248,1),(2225,1838.71,157.519473,11.67,'UFK - Alfa Regularny 1 (PLN)',248,1),(2226,612.86,50.901993,12.04,'UFK - Alfa Kapitałowy 1 (PLN)',248,2),(2227,2791.98,183.423802,15.22,'UFK - Alfa Kapitałowy 1 (PLN)',248,3),(2228,1309.78,107.918104,12.14,'UFK - Alfa Regularny 1 (PLN)',248,3),(2229,11921.63,850.073444,14.02,'UFK - Rynek Obligacyjno-Pieniężny (PLN)',248,3),(2230,6958.42,456.439488,15.25,'UFK - Alfa Kapitałowy 1 (PLN)',248,4),(2231,5286.14,434.75207,12.16,'UFK - Alfa Regularny 1 (PLN)',248,4),(2232,10621.89,696.144979,15.26,'UFK - Alfa Kapitałowy 1 (PLN)',248,5),(2233,5281.77,439.308933,12.02,'UFK - Alfa Kapitałowy 1 (PLN)',249,1),(2234,1850.86,158.328486,11.69,'UFK - Alfa Regularny 1 (PLN)',249,1),(2235,745.61,61.927741,12.04,'UFK - Alfa Kapitałowy 1 (PLN)',249,2),(2236,2791.98,183.140702,15.25,'UFK - Alfa Kapitałowy 1 (PLN)',249,3),(2237,1309.78,107.827447,12.15,'UFK - Alfa Regularny 1 (PLN)',249,3),(2238,11921.63,849.360929,14.04,'UFK - Rynek Obligacyjno-Pieniężny (PLN)',249,3),(2239,6958.42,457.179954,15.22,'UFK - Alfa Kapitałowy 1 (PLN)',249,4),(2240,5272.89,433.041367,12.18,'UFK - Alfa Regularny 1 (PLN)',249,4),(2241,10621.89,696.107198,15.26,'UFK - Alfa Kapitałowy 1 (PLN)',249,5),(2242,5281.77,438.259482,12.05,'UFK - Alfa Kapitałowy 1 (PLN)',250,1),(2243,1850.86,158.328486,11.69,'UFK - Alfa Regularny 1 (PLN)',250,1),(2244,745.61,61.781132,12.07,'UFK - Alfa Kapitałowy 1 (PLN)',250,2),(2245,2791.98,182.87114,15.27,'UFK - Alfa Kapitałowy 1 (PLN)',250,3),(2246,1309.78,108.001785,12.13,'UFK - Alfa Regularny 1 (PLN)',250,3),(2247,11921.63,850.585177,14.02,'UFK - Rynek Obligacyjno-Pieniężny (PLN)',250,3),(2248,6958.42,456.439488,15.25,'UFK - Alfa Kapitałowy 1 (PLN)',250,4),(2249,5272.89,434.449356,12.14,'UFK - Alfa Regularny 1 (PLN)',250,4),(2250,10621.89,697.740786,15.22,'UFK - Alfa Kapitałowy 1 (PLN)',250,5),(2251,5330.64,448.060519,11.9,'UFK - Alfa Kapitałowy 1 (PLN)',251,1),(2252,1839.06,157.319076,11.69,'UFK - Alfa Regularny 1 (PLN)',251,1),(2253,727.10,60.871871,11.94,'UFK - Alfa Kapitałowy 1 (PLN)',251,2),(2254,2791.98,183.140702,15.25,'UFK - Alfa Kapitałowy 1 (PLN)',251,3),(2255,1309.78,108.067898,12.12,'UFK - Alfa Regularny 1 (PLN)',251,3),(2256,11921.63,848.747028,14.05,'UFK - Rynek Obligacyjno-Pieniężny (PLN)',251,3),(2257,6958.42,458.207503,15.19,'UFK - Alfa Kapitałowy 1 (PLN)',251,4),(2258,5286.14,435.597686,12.14,'UFK - Alfa Regularny 1 (PLN)',251,4),(2259,10621.89,692.615608,15.34,'UFK - Alfa Kapitałowy 1 (PLN)',251,5),(2260,5300.39,440.231728,12.04,'UFK - Alfa Kapitałowy 1 (PLN)',252,1),(2261,1902.67,163.057254,11.67,'UFK - Alfa Regularny 1 (PLN)',252,1),(2262,731.48,61.353661,11.92,'UFK - Alfa Kapitałowy 1 (PLN)',252,2),(2263,2738.85,179.860808,15.23,'UFK - Alfa Kapitałowy 1 (PLN)',252,3),(2264,1359.51,112.026264,12.14,'UFK - Alfa Regularny 1 (PLN)',252,3),(2265,11932.81,850.805751,14.03,'UFK - Rynek Obligacyjno-Pieniężny (PLN)',252,3),(2266,6974.06,458.865371,15.2,'UFK - Alfa Kapitałowy 1 (PLN)',252,4),(2267,5270.62,434.347215,12.13,'UFK - Alfa Regularny 1 (PLN)',252,4),(2268,10689.35,703.316655,15.2,'UFK - Alfa Kapitałowy 1 (PLN)',252,5),(2269,5300.39,440.675375,12.03,'UFK - Alfa Kapitałowy 1 (PLN)',253,1),(2270,1902.67,164.931053,11.54,'UFK - Alfa Regularny 1 (PLN)',253,1),(2271,731.48,60.659094,12.06,'UFK - Alfa Kapitałowy 1 (PLN)',253,2),(2272,2738.85,179.220217,15.28,'UFK - Alfa Kapitałowy 1 (PLN)',253,3),(2273,1359.51,111.125947,12.23,'UFK - Alfa Regularny 1 (PLN)',253,3),(2274,11932.81,850.8023,14.03,'UFK - Rynek Obligacyjno-Pieniężny (PLN)',253,3),(2275,6974.06,457.465398,15.25,'UFK - Alfa Kapitałowy 1 (PLN)',253,4),(2276,5263.05,432.649419,12.16,'UFK - Alfa Regularny 1 (PLN)',253,4),(2277,10689.35,701.170876,15.25,'UFK - Alfa Kapitałowy 1 (PLN)',253,5),(2278,5235.50,434.842193,12.04,'UFK - Alfa Kapitałowy 1 (PLN)',254,1),(2279,1950.30,166.834902,11.69,'UFK - Alfa Regularny 1 (PLN)',254,1),(2280,728.81,60.27566,12.09,'UFK - Alfa Kapitałowy 1 (PLN)',254,2),(2281,2738.85,180.566727,15.17,'UFK - Alfa Kapitałowy 1 (PLN)',254,3),(2282,1359.51,111.921462,12.15,'UFK - Alfa Regularny 1 (PLN)',254,3),(2283,11932.81,850.157452,14.04,'UFK - Rynek Obligacyjno-Pieniężny (PLN)',254,3),(2284,6974.06,457.465398,15.25,'UFK - Alfa Kapitałowy 1 (PLN)',254,4),(2285,5263.05,433.279822,12.15,'UFK - Alfa Regularny 1 (PLN)',254,4),(2286,10689.35,701.901692,15.23,'UFK - Alfa Kapitałowy 1 (PLN)',254,5),(2287,5319.23,442.261482,12.03,'UFK - Alfa Kapitałowy 1 (PLN)',255,1),(2288,1943.52,166.523692,11.67,'UFK - Alfa Regularny 1 (PLN)',255,1),(2289,728.71,60.622814,12.02,'UFK - Alfa Kapitałowy 1 (PLN)',255,2),(2290,2738.85,179.816102,15.23,'UFK - Alfa Kapitałowy 1 (PLN)',255,3),(2291,1359.51,113.478479,11.98,'UFK - Alfa Regularny 1 (PLN)',255,3),(2292,11932.81,848.828329,14.06,'UFK - Rynek Obligacyjno-Pieniężny (PLN)',255,3),(2293,6974.06,454.625277,15.34,'UFK - Alfa Kapitałowy 1 (PLN)',255,4),(2294,5272.89,434.089899,12.15,'UFK - Alfa Regularny 1 (PLN)',255,4),(2295,10689.35,701.170876,15.25,'UFK - Alfa Kapitałowy 1 (PLN)',255,5),(2296,5319.23,441.796512,12.04,'UFK - Alfa Kapitałowy 1 (PLN)',256,1),(2297,1943.52,166.254919,11.69,'UFK - Alfa Regularny 1 (PLN)',256,1),(2298,728.71,60.524086,12.04,'UFK - Alfa Kapitałowy 1 (PLN)',256,2),(2299,2794.60,183.312561,15.25,'UFK - Alfa Kapitałowy 1 (PLN)',256,3),(2300,1388.57,114.568737,12.12,'UFK - Alfa Regularny 1 (PLN)',256,3),(2301,11907.46,841.299769,14.15,'UFK - Rynek Obligacyjno-Pieniężny (PLN)',256,3),(2302,6935.64,454.612039,15.26,'UFK - Alfa Kapitałowy 1 (PLN)',256,4),(2303,5286.14,435.180703,12.15,'UFK - Alfa Regularny 1 (PLN)',256,4),(2304,10653.94,698.848147,15.25,'UFK - Alfa Kapitałowy 1 (PLN)',256,5),(2305,5319.23,443.844521,11.98,'UFK - Alfa Kapitałowy 1 (PLN)',257,1),(2306,1943.52,166.254919,11.69,'UFK - Alfa Regularny 1 (PLN)',257,1),(2307,728.71,60.524086,12.04,'UFK - Alfa Kapitałowy 1 (PLN)',257,2),(2308,2794.60,183.312561,15.25,'UFK - Alfa Kapitałowy 1 (PLN)',257,3),(2309,1388.57,114.138189,12.17,'UFK - Alfa Regularny 1 (PLN)',257,3),(2310,11907.46,846.763803,14.06,'UFK - Rynek Obligacyjno-Pieniężny (PLN)',257,3),(2311,6935.64,450.025306,15.41,'UFK - Alfa Kapitałowy 1 (PLN)',257,4),(2312,5286.14,436.358511,12.11,'UFK - Alfa Regularny 1 (PLN)',257,4),(2313,10653.94,698.848147,15.25,'UFK - Alfa Kapitałowy 1 (PLN)',257,5),(2314,5319.23,441.796512,12.04,'UFK - Alfa Kapitałowy 1 (PLN)',258,1),(2315,1943.52,166.254919,11.69,'UFK - Alfa Regularny 1 (PLN)',258,1),(2316,728.71,60.470082,12.05,'UFK - Alfa Kapitałowy 1 (PLN)',258,2),(2317,2790.35,183.307056,15.22,'UFK - Alfa Kapitałowy 1 (PLN)',258,3),(2318,1365.02,111.740656,12.22,'UFK - Alfa Regularny 1 (PLN)',258,3),(2319,11916.17,851.499655,13.99,'UFK - Rynek Obligacyjno-Pieniężny (PLN)',258,3),(2320,6936.94,454.613432,15.26,'UFK - Alfa Kapitałowy 1 (PLN)',258,4),(2321,5226.21,430.645321,12.14,'UFK - Alfa Regularny 1 (PLN)',258,4),(2322,10686.46,700.981305,15.25,'UFK - Alfa Kapitałowy 1 (PLN)',258,5),(2323,5328.68,441.868773,12.06,'UFK - Alfa Kapitałowy 1 (PLN)',259,1),(2324,1915.07,164.047556,11.67,'UFK - Alfa Regularny 1 (PLN)',259,1),(2325,718.98,59.715947,12.04,'UFK - Alfa Kapitałowy 1 (PLN)',259,2),(2326,2790.35,183.033782,15.25,'UFK - Alfa Kapitałowy 1 (PLN)',259,3),(2327,1365.02,112.144266,12.17,'UFK - Alfa Regularny 1 (PLN)',259,3),(2328,11916.17,845.88141,14.09,'UFK - Rynek Obligacyjno-Pieniężny (PLN)',259,3),(2329,6936.94,455.030502,15.25,'UFK - Alfa Kapitałowy 1 (PLN)',259,4),(2330,5220.63,429.787602,12.15,'UFK - Alfa Regularny 1 (PLN)',259,4),(2331,10686.46,701.678681,15.23,'UFK - Alfa Kapitałowy 1 (PLN)',259,5),(2332,5328.68,443.110938,12.03,'UFK - Alfa Kapitałowy 1 (PLN)',260,1),(2333,1915.07,163.821215,11.69,'UFK - Alfa Regularny 1 (PLN)',260,1),(2334,718.98,59.866623,12.01,'UFK - Alfa Kapitałowy 1 (PLN)',260,2),(2335,2790.35,183.033782,15.25,'UFK - Alfa Kapitałowy 1 (PLN)',260,3),(2336,1365.02,112.375072,12.15,'UFK - Alfa Regularny 1 (PLN)',260,3),(2337,11916.17,848.971929,14.04,'UFK - Rynek Obligacyjno-Pieniężny (PLN)',260,3),(2338,6936.94,454.564607,15.26,'UFK - Alfa Kapitałowy 1 (PLN)',260,4),(2339,5220.63,428.984963,12.17,'UFK - Alfa Regularny 1 (PLN)',260,4),(2340,10686.46,701.993337,15.22,'UFK - Alfa Kapitałowy 1 (PLN)',260,5),(2341,5328.68,442.581395,12.04,'UFK - Alfa Kapitałowy 1 (PLN)',261,1),(2342,1915.07,163.480127,11.71,'UFK - Alfa Regularny 1 (PLN)',261,1),(2343,718.98,59.715947,12.04,'UFK - Alfa Kapitałowy 1 (PLN)',261,2),(2344,2765.95,181.988493,15.2,'UFK - Alfa Kapitałowy 1 (PLN)',261,3),(2345,1325.06,108.3421,12.23,'UFK - Alfa Regularny 1 (PLN)',261,3),(2346,11929.77,849.940866,14.04,'UFK - Rynek Obligacyjno-Pieniężny (PLN)',261,3),(2347,6863.10,450.575837,15.23,'UFK - Alfa Kapitałowy 1 (PLN)',261,4),(2348,5220.63,428.734006,12.18,'UFK - Alfa Regularny 1 (PLN)',261,4),(2349,10673.88,699.37192,15.26,'UFK - Alfa Kapitałowy 1 (PLN)',261,5),(2350,5328.68,443.577124,12.01,'UFK - Alfa Kapitałowy 1 (PLN)',262,1),(2351,1915.07,162.789692,11.76,'UFK - Alfa Regularny 1 (PLN)',262,1),(2352,718.98,59.715947,12.04,'UFK - Alfa Kapitałowy 1 (PLN)',262,2),(2353,2765.95,181.70726,15.22,'UFK - Alfa Kapitałowy 1 (PLN)',262,3),(2354,1325.06,109.514694,12.1,'UFK - Alfa Regularny 1 (PLN)',262,3),(2355,11929.77,851.30382,14.01,'UFK - Rynek Obligacyjno-Pieniężny (PLN)',262,3),(2356,6863.10,450.186947,15.25,'UFK - Alfa Kapitałowy 1 (PLN)',262,4),(2357,5215.68,428.70784,12.17,'UFK - Alfa Regularny 1 (PLN)',262,4),(2358,10673.88,700.156117,15.25,'UFK - Alfa Kapitałowy 1 (PLN)',262,5),(2359,5371.84,445.77638,12.05,'UFK - Alfa Kapitałowy 1 (PLN)',263,1),(2360,1867.90,159.786142,11.69,'UFK - Alfa Regularny 1 (PLN)',263,1),(2361,825.74,68.525855,12.05,'UFK - Alfa Kapitałowy 1 (PLN)',263,2),(2362,2765.95,181.433257,15.25,'UFK - Alfa Kapitałowy 1 (PLN)',263,3),(2363,1325.06,109.185803,12.14,'UFK - Alfa Regularny 1 (PLN)',263,3),(2364,11929.77,850.910842,14.02,'UFK - Rynek Obligacyjno-Pieniężny (PLN)',263,3),(2365,6863.10,451.59755,15.2,'UFK - Alfa Kapitałowy 1 (PLN)',263,4),(2366,5215.68,429.380094,12.15,'UFK - Alfa Regularny 1 (PLN)',263,4),(2367,10673.88,702.349966,15.2,'UFK - Alfa Kapitałowy 1 (PLN)',263,5),(2368,5402.38,449.698668,12.01,'UFK - Alfa Kapitałowy 1 (PLN)',264,1),(2369,1932.30,165.511282,11.67,'UFK - Alfa Regularny 1 (PLN)',264,1),(2370,835.62,69.514686,12.02,'UFK - Alfa Kapitałowy 1 (PLN)',264,2),(2371,2765.95,181.433257,15.25,'UFK - Alfa Kapitałowy 1 (PLN)',264,3),(2372,1325.06,109.085371,12.15,'UFK - Alfa Regularny 1 (PLN)',264,3),(2373,11929.77,854.812984,13.96,'UFK - Rynek Obligacyjno-Pieniężny (PLN)',264,3),(2374,6863.10,449.630463,15.26,'UFK - Alfa Kapitałowy 1 (PLN)',264,4),(2375,5104.37,420.216514,12.15,'UFK - Alfa Regularny 1 (PLN)',264,4),(2376,10673.88,701.690369,15.21,'UFK - Alfa Kapitałowy 1 (PLN)',264,5),(2377,5402.38,448.702658,12.04,'UFK - Alfa Kapitałowy 1 (PLN)',265,1),(2378,1932.30,165.295124,11.69,'UFK - Alfa Regularny 1 (PLN)',265,1),(2379,835.62,69.790089,11.97,'UFK - Alfa Kapitałowy 1 (PLN)',265,2),(2380,2777.96,182.354705,15.23,'UFK - Alfa Kapitałowy 1 (PLN)',265,3),(2381,1343.82,110.78569,12.13,'UFK - Alfa Regularny 1 (PLN)',265,3),(2382,11947.54,851.823023,14.03,'UFK - Rynek Obligacyjno-Pieniężny (PLN)',265,3),(2383,6885.05,451.626763,15.25,'UFK - Alfa Kapitałowy 1 (PLN)',265,4),(2384,5104.37,420.216514,12.15,'UFK - Alfa Regularny 1 (PLN)',265,4),(2385,10756.97,705.122107,15.26,'UFK - Alfa Kapitałowy 1 (PLN)',265,5),(2386,5402.38,448.013576,12.06,'UFK - Alfa Kapitałowy 1 (PLN)',266,1),(2387,1932.30,164.074648,11.78,'UFK - Alfa Regularny 1 (PLN)',266,1),(2388,835.62,69.403654,12.04,'UFK - Alfa Kapitałowy 1 (PLN)',266,2),(2389,2737.91,179.881755,15.22,'UFK - Alfa Kapitałowy 1 (PLN)',266,3),(2390,1399.26,115.064113,12.16,'UFK - Alfa Regularny 1 (PLN)',266,3),(2391,12023.11,856.590909,14.04,'UFK - Rynek Obligacyjno-Pieniężny (PLN)',266,3),(2392,6911.50,452.997163,15.26,'UFK - Alfa Kapitałowy 1 (PLN)',266,4),(2393,5104.37,420.588825,12.14,'UFK - Alfa Regularny 1 (PLN)',266,4),(2394,10778.96,708.624544,15.21,'UFK - Alfa Kapitałowy 1 (PLN)',266,5),(2395,5405.69,448.445485,12.05,'UFK - Alfa Kapitałowy 1 (PLN)',267,1),(2396,1955.67,168.012887,11.64,'UFK - Alfa Regularny 1 (PLN)',267,1),(2397,809.45,67.318817,12.02,'UFK - Alfa Kapitałowy 1 (PLN)',267,2),(2398,2737.91,180.119075,15.2,'UFK - Alfa Kapitałowy 1 (PLN)',267,3),(2399,1399.26,115.374793,12.13,'UFK - Alfa Regularny 1 (PLN)',267,3),(2400,12023.11,856.590909,14.04,'UFK - Rynek Obligacyjno-Pieniężny (PLN)',267,3),(2401,6911.50,454.166926,15.22,'UFK - Alfa Kapitałowy 1 (PLN)',267,4),(2402,5104.37,420.707787,12.13,'UFK - Alfa Regularny 1 (PLN)',267,4),(2403,10778.96,707.048868,15.25,'UFK - Alfa Kapitałowy 1 (PLN)',267,5),(2404,5405.69,447.672938,12.08,'UFK - Alfa Kapitałowy 1 (PLN)',268,1),(2405,1955.67,167.294269,11.69,'UFK - Alfa Regularny 1 (PLN)',268,1),(2406,809.45,67.149819,12.05,'UFK - Alfa Kapitałowy 1 (PLN)',268,2),(2407,2737.32,177.439052,15.43,'UFK - Alfa Kapitałowy 1 (PLN)',268,3),(2408,1404.63,115.732687,12.14,'UFK - Alfa Regularny 1 (PLN)',268,3),(2409,12062.15,858.703709,14.05,'UFK - Rynek Obligacyjno-Pieniężny (PLN)',268,3),(2410,6962.76,453.419486,15.36,'UFK - Alfa Kapitałowy 1 (PLN)',268,4),(2411,5099.41,419.081849,12.17,'UFK - Alfa Regularny 1 (PLN)',268,4),(2412,10841.38,707.430995,15.33,'UFK - Alfa Kapitałowy 1 (PLN)',268,5),(2413,5357.69,443.782372,12.07,'UFK - Alfa Kapitałowy 1 (PLN)',269,1),(2414,1940.96,166.201247,11.68,'UFK - Alfa Regularny 1 (PLN)',269,1),(2415,847.51,70.391196,12.04,'UFK - Alfa Kapitałowy 1 (PLN)',269,2),(2416,2737.32,179.555264,15.25,'UFK - Alfa Kapitałowy 1 (PLN)',269,3),(2417,1404.63,115.635959,12.15,'UFK - Alfa Regularny 1 (PLN)',269,3),(2418,12062.15,859.372328,14.04,'UFK - Rynek Obligacyjno-Pieniężny (PLN)',269,3),(2419,6962.76,456.296588,15.26,'UFK - Alfa Kapitałowy 1 (PLN)',269,4),(2420,5099.41,420.613461,12.12,'UFK - Alfa Regularny 1 (PLN)',269,4),(2421,10841.38,710.667648,15.26,'UFK - Alfa Kapitałowy 1 (PLN)',269,5),(2422,5357.69,446.757822,11.99,'UFK - Alfa Kapitałowy 1 (PLN)',270,1),(2423,1940.96,166.035928,11.69,'UFK - Alfa Regularny 1 (PLN)',270,1),(2424,847.51,70.324822,12.05,'UFK - Alfa Kapitałowy 1 (PLN)',270,2),(2425,2737.32,179.728637,15.23,'UFK - Alfa Kapitałowy 1 (PLN)',270,3),(2426,1404.63,115.737864,12.14,'UFK - Alfa Regularny 1 (PLN)',270,3),(2427,12062.15,857.651098,14.06,'UFK - Rynek Obligacyjno-Pieniężny (PLN)',270,3),(2428,6962.76,456.421757,15.26,'UFK - Alfa Kapitałowy 1 (PLN)',270,4),(2429,5215.68,429.380094,12.15,'UFK - Alfa Regularny 1 (PLN)',270,4),(2430,10841.38,711.639924,15.23,'UFK - Alfa Kapitałowy 1 (PLN)',270,5),(2431,5357.69,444.501874,12.05,'UFK - Alfa Kapitałowy 1 (PLN)',271,1),(2432,1940.96,166.225521,11.68,'UFK - Alfa Regularny 1 (PLN)',271,1),(2433,847.51,70.391196,12.04,'UFK - Alfa Kapitałowy 1 (PLN)',271,2),(2434,2737.32,180.000819,15.21,'UFK - Alfa Kapitałowy 1 (PLN)',271,3),(2435,1404.63,115.635959,12.15,'UFK - Alfa Regularny 1 (PLN)',271,3),(2436,12062.15,859.372328,14.04,'UFK - Rynek Obligacyjno-Pieniężny (PLN)',271,3),(2437,6962.76,456.359111,15.26,'UFK - Alfa Kapitałowy 1 (PLN)',271,4),(2438,5215.68,429.380094,12.15,'UFK - Alfa Regularny 1 (PLN)',271,4),(2439,10841.38,711.143326,15.25,'UFK - Alfa Kapitałowy 1 (PLN)',271,5),(2440,5357.69,444.337676,12.06,'UFK - Alfa Kapitałowy 1 (PLN)',272,1),(2441,1940.96,165.805302,11.71,'UFK - Alfa Regularny 1 (PLN)',272,1),(2442,847.51,70.31535,12.05,'UFK - Alfa Kapitałowy 1 (PLN)',272,2),(2443,2753.38,180.608724,15.25,'UFK - Alfa Kapitałowy 1 (PLN)',272,3),(2444,1383.61,113.905491,12.15,'UFK - Alfa Regularny 1 (PLN)',272,3),(2445,12053.96,867.619381,13.89,'UFK - Rynek Obligacyjno-Pieniężny (PLN)',272,3),(2446,6975.22,458.76978,15.2,'UFK - Alfa Kapitałowy 1 (PLN)',272,4),(2447,5215.68,431.749676,12.08,'UFK - Alfa Regularny 1 (PLN)',272,4),(2448,10852.24,711.212212,15.26,'UFK - Alfa Kapitałowy 1 (PLN)',272,5),(2449,5390.11,447.116594,12.06,'UFK - Alfa Kapitałowy 1 (PLN)',273,1),(2450,1925.23,164.890408,11.68,'UFK - Alfa Regularny 1 (PLN)',273,1),(2451,852.04,70.635605,12.06,'UFK - Alfa Kapitałowy 1 (PLN)',273,2),(2452,2753.38,182.449932,15.09,'UFK - Alfa Kapitałowy 1 (PLN)',273,3),(2453,1383.61,114.1375,12.12,'UFK - Alfa Regularny 1 (PLN)',273,3),(2454,12053.96,857.502658,14.06,'UFK - Rynek Obligacyjno-Pieniężny (PLN)',273,3),(2455,6975.22,459.12657,15.19,'UFK - Alfa Kapitałowy 1 (PLN)',273,4),(2456,5124.50,422.224821,12.14,'UFK - Alfa Regularny 1 (PLN)',273,4),(2457,10852.24,710.842041,15.27,'UFK - Alfa Kapitałowy 1 (PLN)',273,5),(2458,5377.83,442.579279,12.15,'UFK - Alfa Kapitałowy 1 (PLN)',274,1),(2459,1931.22,165.04673,11.7,'UFK - Alfa Regularny 1 (PLN)',274,1),(2460,943.77,79.208561,11.92,'UFK - Alfa Kapitałowy 1 (PLN)',274,2),(2461,2725.06,178.751066,15.25,'UFK - Alfa Kapitałowy 1 (PLN)',274,3),(2462,1383.33,113.88244,12.15,'UFK - Alfa Regularny 1 (PLN)',274,3),(2463,12043.08,858.72924,14.02,'UFK - Rynek Obligacyjno-Pieniężny (PLN)',274,3),(2464,6992.27,458.659888,15.25,'UFK - Alfa Kapitałowy 1 (PLN)',274,4),(2465,5131.78,422.473039,12.15,'UFK - Alfa Regularny 1 (PLN)',274,4),(2466,10867.54,712.859298,15.25,'UFK - Alfa Kapitałowy 1 (PLN)',274,5),(2467,5421.46,451.286903,12.01,'UFK - Alfa Kapitałowy 1 (PLN)',275,1),(2468,1963.87,167.995723,11.69,'UFK - Alfa Regularny 1 (PLN)',275,1),(2469,931.88,77.398671,12.04,'UFK - Alfa Kapitałowy 1 (PLN)',275,2),(2470,2725.06,178.751066,15.25,'UFK - Alfa Kapitałowy 1 (PLN)',275,3),(2471,1383.33,114.147148,12.12,'UFK - Alfa Regularny 1 (PLN)',275,3),(2472,12043.08,857.377386,14.05,'UFK - Rynek Obligacyjno-Pieniężny (PLN)',275,3),(2473,6992.27,457.527374,15.28,'UFK - Alfa Kapitałowy 1 (PLN)',275,4),(2474,5103.75,419.704778,12.16,'UFK - Alfa Regularny 1 (PLN)',275,4),(2475,10867.54,711.994419,15.26,'UFK - Alfa Kapitałowy 1 (PLN)',275,5),(2476,5421.46,449.156909,12.07,'UFK - Alfa Kapitałowy 1 (PLN)',276,1),(2477,1963.87,168.23558,11.67,'UFK - Alfa Regularny 1 (PLN)',276,1),(2478,931.88,77.398671,12.04,'UFK - Alfa Kapitałowy 1 (PLN)',276,2),(2479,2725.06,179.052219,15.22,'UFK - Alfa Kapitałowy 1 (PLN)',276,3),(2480,1383.33,113.976743,12.14,'UFK - Alfa Regularny 1 (PLN)',276,3),(2481,12043.08,859.087469,14.02,'UFK - Rynek Obligacyjno-Pieniężny (PLN)',276,3),(2482,6992.27,459.18372,15.23,'UFK - Alfa Kapitałowy 1 (PLN)',276,4),(2483,5103.75,420.807008,12.13,'UFK - Alfa Regularny 1 (PLN)',276,4),(2484,10867.54,712.240495,15.26,'UFK - Alfa Kapitałowy 1 (PLN)',276,5),(2485,5421.46,450.720153,12.03,'UFK - Alfa Kapitałowy 1 (PLN)',277,1),(2486,1963.87,167.774923,11.71,'UFK - Alfa Regularny 1 (PLN)',277,1),(2487,931.88,77.398671,12.04,'UFK - Alfa Kapitałowy 1 (PLN)',277,2),(2488,2725.06,179.510747,15.18,'UFK - Alfa Kapitałowy 1 (PLN)',277,3),(2489,1383.33,113.615201,12.18,'UFK - Alfa Regularny 1 (PLN)',277,3),(2490,12043.08,864.170494,13.94,'UFK - Rynek Obligacyjno-Pieniężny (PLN)',277,3),(2491,6992.27,459.866491,15.21,'UFK - Alfa Kapitałowy 1 (PLN)',277,4),(2492,5131.78,423.696926,12.11,'UFK - Alfa Regularny 1 (PLN)',277,4),(2493,10867.54,713.532742,15.23,'UFK - Alfa Kapitałowy 1 (PLN)',277,5),(2494,5421.46,448.327559,12.09,'UFK - Alfa Kapitałowy 1 (PLN)',278,1),(2495,1963.87,168.23558,11.67,'UFK - Alfa Regularny 1 (PLN)',278,1),(2496,931.88,77.489962,12.03,'UFK - Alfa Kapitałowy 1 (PLN)',278,2),(2497,2811.20,184.842344,15.21,'UFK - Alfa Kapitałowy 1 (PLN)',278,3),(2498,1387.07,114.323834,12.13,'UFK - Alfa Regularny 1 (PLN)',278,3),(2499,12044.19,856.751233,14.06,'UFK - Rynek Obligacyjno-Pieniężny (PLN)',278,3),(2500,7025.71,461.393846,15.23,'UFK - Alfa Kapitałowy 1 (PLN)',278,4),(2501,5104.37,420.216514,12.15,'UFK - Alfa Regularny 1 (PLN)',278,4),(2502,10903.86,715.96424,15.23,'UFK - Alfa Kapitałowy 1 (PLN)',278,5),(2503,5488.10,455.822259,12.04,'UFK - Alfa Kapitałowy 1 (PLN)',279,1),(2504,1931.59,165.234388,11.69,'UFK - Alfa Regularny 1 (PLN)',279,1),(2505,997.60,83.171138,11.99,'UFK - Alfa Kapitałowy 1 (PLN)',279,2),(2506,2811.20,183.624353,15.31,'UFK - Alfa Kapitałowy 1 (PLN)',279,3),(2507,1387.07,113.849512,12.18,'UFK - Alfa Regularny 1 (PLN)',279,3),(2508,12044.19,857.021554,14.05,'UFK - Rynek Obligacyjno-Pieniężny (PLN)',279,3),(2509,7025.71,460.548245,15.26,'UFK - Alfa Kapitałowy 1 (PLN)',279,4),(2510,5104.37,420.216514,12.15,'UFK - Alfa Regularny 1 (PLN)',279,4),(2511,10903.86,712.780926,15.3,'UFK - Alfa Kapitałowy 1 (PLN)',279,5),(2512,5488.10,454.814917,12.07,'UFK - Alfa Kapitałowy 1 (PLN)',280,1),(2513,1931.59,165.234388,11.69,'UFK - Alfa Regularny 1 (PLN)',280,1),(2514,997.60,82.932013,12.03,'UFK - Alfa Kapitałowy 1 (PLN)',280,2),(2515,2811.20,184.636614,15.23,'UFK - Alfa Kapitałowy 1 (PLN)',280,3),(2516,1387.07,114.190335,12.15,'UFK - Alfa Regularny 1 (PLN)',280,3),(2517,12044.19,857.030857,14.05,'UFK - Rynek Obligacyjno-Pieniężny (PLN)',280,3),(2518,7025.71,460.261415,15.26,'UFK - Alfa Kapitałowy 1 (PLN)',280,4),(2519,5108.16,418.440763,12.21,'UFK - Alfa Regularny 1 (PLN)',280,4),(2520,10903.86,716.111599,15.23,'UFK - Alfa Kapitałowy 1 (PLN)',280,5),(2521,5524.54,458.848837,12.04,'UFK - Alfa Kapitałowy 1 (PLN)',281,1),(2522,1877.81,160.432053,11.7,'UFK - Alfa Regularny 1 (PLN)',281,1),(2523,1023.46,85.179668,12.02,'UFK - Alfa Kapitałowy 1 (PLN)',281,2),(2524,2811.20,184.555659,15.23,'UFK - Alfa Kapitałowy 1 (PLN)',281,3),(2525,1387.07,114.546184,12.11,'UFK - Alfa Regularny 1 (PLN)',281,3),(2526,12044.19,857.012086,14.05,'UFK - Rynek Obligacyjno-Pieniężny (PLN)',281,3),(2527,7025.71,460.853395,15.25,'UFK - Alfa Kapitałowy 1 (PLN)',281,4),(2528,5108.16,421.215189,12.13,'UFK - Alfa Regularny 1 (PLN)',281,4),(2529,10903.86,717.719561,15.19,'UFK - Alfa Kapitałowy 1 (PLN)',281,5),(2530,5524.54,458.848837,12.04,'UFK - Alfa Kapitałowy 1 (PLN)',282,1),(2531,1877.81,160.633875,11.69,'UFK - Alfa Regularny 1 (PLN)',282,1),(2532,1023.46,85.004983,12.04,'UFK - Alfa Kapitałowy 1 (PLN)',282,2),(2533,2778.59,182.023583,15.26,'UFK - Alfa Kapitałowy 1 (PLN)',282,3),(2534,1393.23,114.697456,12.15,'UFK - Alfa Regularny 1 (PLN)',282,3),(2535,12068.79,859.845398,14.04,'UFK - Rynek Obligacyjno-Pieniężny (PLN)',282,3),(2536,7007.03,459.628075,15.25,'UFK - Alfa Kapitałowy 1 (PLN)',282,4),(2537,5108.16,420.528526,12.15,'UFK - Alfa Regularny 1 (PLN)',282,4),(2538,10981.46,721.545501,15.22,'UFK - Alfa Kapitałowy 1 (PLN)',282,5),(2539,5506.82,456.552736,12.06,'UFK - Alfa Kapitałowy 1 (PLN)',283,1),(2540,1896.26,162.066214,11.7,'UFK - Alfa Regularny 1 (PLN)',283,1),(2541,1026.19,85.231728,12.04,'UFK - Alfa Kapitałowy 1 (PLN)',283,2),(2542,2778.59,182.12739,15.26,'UFK - Alfa Kapitałowy 1 (PLN)',283,3),(2543,1393.23,114.485658,12.17,'UFK - Alfa Regularny 1 (PLN)',283,3),(2544,12068.79,866.015356,13.94,'UFK - Rynek Obligacyjno-Pieniężny (PLN)',283,3),(2545,7007.03,463.002606,15.13,'UFK - Alfa Kapitałowy 1 (PLN)',283,4),(2546,5130.14,422.338026,12.15,'UFK - Alfa Regularny 1 (PLN)',283,4),(2547,10981.46,719.706623,15.26,'UFK - Alfa Kapitałowy 1 (PLN)',283,5),(2548,5512.01,457.80814,12.04,'UFK - Alfa Kapitałowy 1 (PLN)',284,1),(2549,1899.88,162.521814,11.69,'UFK - Alfa Regularny 1 (PLN)',284,1),(2550,1106.10,91.634591,12.07,'UFK - Alfa Kapitałowy 1 (PLN)',284,2),(2551,2778.59,182.476123,15.23,'UFK - Alfa Kapitałowy 1 (PLN)',284,3),(2552,1393.23,114.492552,12.17,'UFK - Alfa Regularny 1 (PLN)',284,3),(2553,12068.79,859.845398,14.04,'UFK - Rynek Obligacyjno-Pieniężny (PLN)',284,3),(2554,7007.03,458.230041,15.29,'UFK - Alfa Kapitałowy 1 (PLN)',284,4),(2555,5130.14,427.755707,11.99,'UFK - Alfa Regularny 1 (PLN)',284,4),(2556,10981.46,720.331912,15.25,'UFK - Alfa Kapitałowy 1 (PLN)',284,5),(2557,5512.01,458.427251,12.02,'UFK - Alfa Kapitałowy 1 (PLN)',285,1),(2558,1899.88,162.521814,11.69,'UFK - Alfa Regularny 1 (PLN)',285,1),(2559,1106.10,91.868771,12.04,'UFK - Alfa Kapitałowy 1 (PLN)',285,2),(2560,2738.37,180.087389,15.21,'UFK - Alfa Kapitałowy 1 (PLN)',285,3),(2561,1305.36,107.192046,12.18,'UFK - Alfa Regularny 1 (PLN)',285,3),(2562,12088.52,862.432691,14.02,'UFK - Rynek Obligacyjno-Pieniężny (PLN)',285,3),(2563,6954.25,462.229977,15.05,'UFK - Alfa Kapitałowy 1 (PLN)',285,4),(2564,5130.14,421.889871,12.16,'UFK - Alfa Regularny 1 (PLN)',285,4),(2565,11010.46,722.234175,15.25,'UFK - Alfa Kapitałowy 1 (PLN)',285,5),(2566,5512.01,457.80814,12.04,'UFK - Alfa Kapitałowy 1 (PLN)',286,1),(2567,1899.88,162.284509,11.71,'UFK - Alfa Regularny 1 (PLN)',286,1),(2568,1106.10,91.868771,12.04,'UFK - Alfa Kapitałowy 1 (PLN)',286,2),(2569,2738.37,178.989498,15.3,'UFK - Alfa Kapitałowy 1 (PLN)',286,3),(2570,1305.36,106.540317,12.25,'UFK - Alfa Regularny 1 (PLN)',286,3),(2571,12088.52,861.251069,14.04,'UFK - Rynek Obligacyjno-Pieniężny (PLN)',286,3),(2572,6954.25,456.165956,15.25,'UFK - Alfa Kapitałowy 1 (PLN)',286,4),(2573,5158.31,424.093996,12.16,'UFK - Alfa Regularny 1 (PLN)',286,4),(2574,11010.46,722.838185,15.23,'UFK - Alfa Kapitałowy 1 (PLN)',286,5),(2575,5514.18,457.394785,12.06,'UFK - Alfa Kapitałowy 1 (PLN)',287,1),(2576,1895.53,162.149701,11.69,'UFK - Alfa Regularny 1 (PLN)',287,1),(2577,1133.05,94.318867,12.01,'UFK - Alfa Kapitałowy 1 (PLN)',287,2),(2578,2738.37,179.211668,15.28,'UFK - Alfa Kapitałowy 1 (PLN)',287,3),(2579,1305.36,107.307216,12.16,'UFK - Alfa Regularny 1 (PLN)',287,3),(2580,12088.52,862.161068,14.02,'UFK - Rynek Obligacyjno-Pieniężny (PLN)',287,3),(2581,6954.25,455.698898,15.26,'UFK - Alfa Kapitałowy 1 (PLN)',287,4),(2582,5158.31,426.369351,12.1,'UFK - Alfa Regularny 1 (PLN)',287,4),(2583,11010.46,721.21679,15.27,'UFK - Alfa Kapitałowy 1 (PLN)',287,5),(2584,5514.18,457.051062,12.06,'UFK - Alfa Kapitałowy 1 (PLN)',288,1),(2585,1895.53,162.149701,11.69,'UFK - Alfa Regularny 1 (PLN)',288,1),(2586,1133.05,94.215076,12.03,'UFK - Alfa Kapitałowy 1 (PLN)',288,2),(2587,2738.37,179.624139,15.25,'UFK - Alfa Kapitałowy 1 (PLN)',288,3),(2588,1305.36,107.811633,12.11,'UFK - Alfa Regularny 1 (PLN)',288,3),(2589,12088.52,853.648754,14.16,'UFK - Rynek Obligacyjno-Pieniężny (PLN)',288,3),(2590,6954.25,455.842701,15.26,'UFK - Alfa Kapitałowy 1 (PLN)',288,4),(2591,5244.17,436.863345,12,'UFK - Alfa Regularny 1 (PLN)',288,4),(2592,11010.46,722.234175,15.25,'UFK - Alfa Kapitałowy 1 (PLN)',288,5),(2593,5531.22,458.360646,12.07,'UFK - Alfa Kapitałowy 1 (PLN)',289,1),(2594,1890.38,160.186611,11.8,'UFK - Alfa Regularny 1 (PLN)',289,1),(2595,1179.65,97.853493,12.06,'UFK - Alfa Kapitałowy 1 (PLN)',289,2),(2596,2743.87,179.859403,15.26,'UFK - Alfa Kapitałowy 1 (PLN)',289,3),(2597,1348.35,111.002717,12.15,'UFK - Alfa Regularny 1 (PLN)',289,3),(2598,12075.27,859.678881,14.05,'UFK - Rynek Obligacyjno-Pieniężny (PLN)',289,3),(2599,6954.87,456.985224,15.22,'UFK - Alfa Kapitałowy 1 (PLN)',289,4),(2600,5244.17,434.19068,12.08,'UFK - Alfa Regularny 1 (PLN)',289,4),(2601,10929.62,718.677447,15.21,'UFK - Alfa Kapitałowy 1 (PLN)',289,5),(2602,5531.22,459.403654,12.04,'UFK - Alfa Kapitałowy 1 (PLN)',290,1),(2603,1890.38,161.709153,11.69,'UFK - Alfa Regularny 1 (PLN)',290,1),(2604,1179.65,98.076915,12.03,'UFK - Alfa Kapitałowy 1 (PLN)',290,2),(2605,2743.87,179.984913,15.25,'UFK - Alfa Kapitałowy 1 (PLN)',290,3),(2606,1348.35,110.434498,12.21,'UFK - Alfa Regularny 1 (PLN)',290,3),(2607,12075.27,862.583181,14,'UFK - Rynek Obligacyjno-Pieniężny (PLN)',290,3),(2608,6954.87,456.678372,15.23,'UFK - Alfa Kapitałowy 1 (PLN)',290,4),(2609,5244.17,431.725529,12.15,'UFK - Alfa Regularny 1 (PLN)',290,4),(2610,10929.62,714.092598,15.31,'UFK - Alfa Kapitałowy 1 (PLN)',290,5),(2611,5531.22,459.403654,12.04,'UFK - Alfa Kapitałowy 1 (PLN)',291,1),(2612,1890.38,161.871106,11.68,'UFK - Alfa Regularny 1 (PLN)',291,1),(2613,1179.65,97.977575,12.04,'UFK - Alfa Kapitałowy 1 (PLN)',291,2),(2614,2743.87,180.372835,15.21,'UFK - Alfa Kapitałowy 1 (PLN)',291,3),(2615,1348.35,110.900134,12.16,'UFK - Alfa Regularny 1 (PLN)',291,3),(2616,12075.27,860.307068,14.04,'UFK - Rynek Obligacyjno-Pieniężny (PLN)',291,3),(2617,6954.87,456.79997,15.23,'UFK - Alfa Kapitałowy 1 (PLN)',291,4),(2618,5290.58,435.141446,12.16,'UFK - Alfa Regularny 1 (PLN)',291,4),(2619,10929.62,719.35125,15.19,'UFK - Alfa Kapitałowy 1 (PLN)',291,5),(2620,5557.72,461.104028,12.05,'UFK - Alfa Kapitałowy 1 (PLN)',292,1),(2621,1873.38,160.518982,11.67,'UFK - Alfa Regularny 1 (PLN)',292,1),(2622,1065.51,88.620183,12.02,'UFK - Alfa Kapitałowy 1 (PLN)',292,2),(2623,2743.87,179.856677,15.26,'UFK - Alfa Kapitałowy 1 (PLN)',292,3),(2624,1348.35,110.482974,12.2,'UFK - Alfa Regularny 1 (PLN)',292,3),(2625,12075.27,860.307068,14.04,'UFK - Rynek Obligacyjno-Pieniężny (PLN)',292,3),(2626,6954.87,456.206625,15.25,'UFK - Alfa Kapitałowy 1 (PLN)',292,4),(2627,5290.58,435.546225,12.15,'UFK - Alfa Regularny 1 (PLN)',292,4),(2628,10929.62,717.421656,15.23,'UFK - Alfa Kapitałowy 1 (PLN)',292,5),(2629,5557.72,461.604651,12.04,'UFK - Alfa Kapitałowy 1 (PLN)',293,1),(2630,1873.38,160.109984,11.7,'UFK - Alfa Regularny 1 (PLN)',293,1),(2631,1065.51,88.497508,12.04,'UFK - Alfa Kapitałowy 1 (PLN)',293,2),(2632,2764.68,181.349951,15.25,'UFK - Alfa Kapitałowy 1 (PLN)',293,3),(2633,1347.53,110.93521,12.15,'UFK - Alfa Regularny 1 (PLN)',293,3),(2634,12113.95,863.062838,14.04,'UFK - Rynek Obligacyjno-Pieniężny (PLN)',293,3),(2635,6938.96,455.960574,15.22,'UFK - Alfa Kapitałowy 1 (PLN)',293,4),(2636,5290.58,438.033192,12.08,'UFK - Alfa Regularny 1 (PLN)',293,4),(2637,10965.57,719.289603,15.25,'UFK - Alfa Kapitałowy 1 (PLN)',293,5),(2638,5557.72,461.604651,12.04,'UFK - Alfa Kapitałowy 1 (PLN)',294,1),(2639,1873.38,160.497919,11.67,'UFK - Alfa Regularny 1 (PLN)',294,1),(2640,1065.51,88.497508,12.04,'UFK - Alfa Kapitałowy 1 (PLN)',294,2),(2641,2764.68,181.72838,15.21,'UFK - Alfa Kapitałowy 1 (PLN)',294,3),(2642,1347.53,110.93521,12.15,'UFK - Alfa Regularny 1 (PLN)',294,3),(2643,12113.95,860.748712,14.07,'UFK - Rynek Obligacyjno-Pieniężny (PLN)',294,3),(2644,6938.96,454.635183,15.26,'UFK - Alfa Kapitałowy 1 (PLN)',294,4),(2645,5290.58,434.877044,12.17,'UFK - Alfa Regularny 1 (PLN)',294,4),(2646,10965.57,717.981376,15.27,'UFK - Alfa Kapitałowy 1 (PLN)',294,5),(2647,5536.12,460.442743,12.02,'UFK - Alfa Kapitałowy 1 (PLN)',295,1),(2648,1941.12,166.373072,11.67,'UFK - Alfa Regularny 1 (PLN)',295,1),(2649,1177.56,97.418689,12.09,'UFK - Alfa Kapitałowy 1 (PLN)',295,2),(2650,2761.81,181.161692,15.25,'UFK - Alfa Kapitałowy 1 (PLN)',295,3),(2651,1343.65,110.61579,12.15,'UFK - Alfa Regularny 1 (PLN)',295,3),(2652,12142.18,866.216946,14.02,'UFK - Rynek Obligacyjno-Pieniężny (PLN)',295,3),(2653,6901.66,452.7163,15.25,'UFK - Alfa Kapitałowy 1 (PLN)',295,4),(2654,5254.00,432.13052,12.16,'UFK - Alfa Regularny 1 (PLN)',295,4),(2655,11005.45,721.905543,15.25,'UFK - Alfa Kapitałowy 1 (PLN)',295,5),(2656,5562.92,462.496585,12.03,'UFK - Alfa Kapitałowy 1 (PLN)',296,1),(2657,1975.05,170.6697,11.57,'UFK - Alfa Regularny 1 (PLN)',296,1),(2658,1210.60,100.548173,12.04,'UFK - Alfa Kapitałowy 1 (PLN)',296,2),(2659,2761.81,181.161692,15.25,'UFK - Alfa Kapitałowy 1 (PLN)',296,3),(2660,1343.65,110.499164,12.16,'UFK - Alfa Regularny 1 (PLN)',296,3),(2661,12142.18,866.743053,14.01,'UFK - Rynek Obligacyjno-Pieniężny (PLN)',296,3),(2662,6901.66,452.7163,15.25,'UFK - Alfa Kapitałowy 1 (PLN)',296,4),(2663,5254.00,431.830814,12.17,'UFK - Alfa Regularny 1 (PLN)',296,4),(2664,11005.45,722.873238,15.22,'UFK - Alfa Kapitałowy 1 (PLN)',296,5),(2665,5562.92,462.036545,12.04,'UFK - Alfa Kapitałowy 1 (PLN)',297,1),(2666,1975.05,169.378247,11.66,'UFK - Alfa Regularny 1 (PLN)',297,1),(2667,1210.60,100.87674,12,'UFK - Alfa Kapitałowy 1 (PLN)',297,2),(2668,2761.81,181.161692,15.25,'UFK - Alfa Kapitałowy 1 (PLN)',297,3),(2669,1343.65,110.61579,12.15,'UFK - Alfa Regularny 1 (PLN)',297,3),(2670,12142.18,863.965023,14.05,'UFK - Rynek Obligacyjno-Pieniężny (PLN)',297,3),(2671,6901.66,453.052098,15.23,'UFK - Alfa Kapitałowy 1 (PLN)',297,4),(2672,5292.58,438.198782,12.08,'UFK - Alfa Regularny 1 (PLN)',297,4),(2673,11005.45,723.663651,15.21,'UFK - Alfa Kapitałowy 1 (PLN)',297,5),(2674,5598.94,459.93483,12.17,'UFK - Alfa Kapitałowy 1 (PLN)',298,1),(2675,2044.12,175.360595,11.66,'UFK - Alfa Regularny 1 (PLN)',298,1),(2676,1252.23,103.864394,12.06,'UFK - Alfa Kapitałowy 1 (PLN)',298,2),(2677,2761.81,181.161692,15.25,'UFK - Alfa Kapitałowy 1 (PLN)',298,3),(2678,1343.65,110.517958,12.16,'UFK - Alfa Regularny 1 (PLN)',298,3),(2679,12142.18,865.074095,14.04,'UFK - Rynek Obligacyjno-Pieniężny (PLN)',298,3),(2680,6901.66,452.7163,15.25,'UFK - Alfa Kapitałowy 1 (PLN)',298,4),(2681,5292.58,436.723642,12.12,'UFK - Alfa Regularny 1 (PLN)',298,4),(2682,11005.45,724.064416,15.2,'UFK - Alfa Kapitałowy 1 (PLN)',298,5),(2683,5598.94,465.028239,12.04,'UFK - Alfa Kapitałowy 1 (PLN)',299,1),(2684,2044.12,174.860565,11.69,'UFK - Alfa Regularny 1 (PLN)',299,1),(2685,1252.23,104.118856,12.03,'UFK - Alfa Kapitałowy 1 (PLN)',299,2),(2686,2780.78,184.265566,15.09,'UFK - Alfa Kapitałowy 1 (PLN)',299,3),(2687,1345.91,110.90329,12.14,'UFK - Alfa Regularny 1 (PLN)',299,3),(2688,12172.24,868.040316,14.02,'UFK - Rynek Obligacyjno-Pieniężny (PLN)',299,3),(2689,6841.84,448.792391,15.25,'UFK - Alfa Kapitałowy 1 (PLN)',299,4),(2690,5292.58,435.710875,12.15,'UFK - Alfa Regularny 1 (PLN)',299,4),(2691,11073.56,722.581403,15.33,'UFK - Alfa Kapitałowy 1 (PLN)',299,5),(2692,5635.66,469.496062,12,'UFK - Alfa Kapitałowy 1 (PLN)',300,1),(2693,2116.22,181.028229,11.69,'UFK - Alfa Regularny 1 (PLN)',300,1),(2694,1307.25,108.575581,12.04,'UFK - Alfa Kapitałowy 1 (PLN)',300,2),(2695,2800.94,181.741538,15.41,'UFK - Alfa Kapitałowy 1 (PLN)',300,3),(2696,1325.55,109.273184,12.13,'UFK - Alfa Regularny 1 (PLN)',300,3),(2697,12098.67,862.737763,14.02,'UFK - Rynek Obligacyjno-Pieniężny (PLN)',300,3),(2698,6838.58,449.024822,15.23,'UFK - Alfa Kapitałowy 1 (PLN)',300,4),(2699,5297.41,436.717873,12.13,'UFK - Alfa Regularny 1 (PLN)',300,4),(2700,11106.04,729.591448,15.22,'UFK - Alfa Kapitałowy 1 (PLN)',300,5),(2701,5555.81,462.006197,12.03,'UFK - Alfa Kapitałowy 1 (PLN)',301,1),(2702,2084.94,179.159061,11.64,'UFK - Alfa Regularny 1 (PLN)',301,1),(2703,1335.69,110.937708,12.04,'UFK - Alfa Kapitałowy 1 (PLN)',301,2),(2704,2800.94,183.728436,15.25,'UFK - Alfa Kapitałowy 1 (PLN)',301,3),(2705,1325.55,109.004443,12.16,'UFK - Alfa Regularny 1 (PLN)',301,3),(2706,12098.67,861.974209,14.04,'UFK - Rynek Obligacyjno-Pieniężny (PLN)',301,3),(2707,6838.58,448.57855,15.25,'UFK - Alfa Kapitałowy 1 (PLN)',301,4),(2708,4777.66,393.320161,12.15,'UFK - Alfa Regularny 1 (PLN)',301,4),(2709,11106.04,727.954917,15.26,'UFK - Alfa Kapitałowy 1 (PLN)',301,5),(2710,5555.81,460.595892,12.06,'UFK - Alfa Kapitałowy 1 (PLN)',302,1),(2711,2084.94,178.352438,11.69,'UFK - Alfa Regularny 1 (PLN)',302,1),(2712,1335.69,110.937708,12.04,'UFK - Alfa Kapitałowy 1 (PLN)',302,2),(2713,2800.94,183.949834,15.23,'UFK - Alfa Kapitałowy 1 (PLN)',302,3),(2714,1325.55,109.235378,12.13,'UFK - Alfa Regularny 1 (PLN)',302,3),(2715,12098.67,860.611663,14.06,'UFK - Rynek Obligacyjno-Pieniężny (PLN)',302,3),(2716,6838.58,448.57855,15.25,'UFK - Alfa Kapitałowy 1 (PLN)',302,4),(2717,4777.66,392.767434,12.16,'UFK - Alfa Regularny 1 (PLN)',302,4),(2718,11106.04,728.503772,15.25,'UFK - Alfa Kapitałowy 1 (PLN)',302,5),(2719,5555.81,461.446013,12.04,'UFK - Alfa Kapitałowy 1 (PLN)',303,1),(2720,2084.94,178.550799,11.68,'UFK - Alfa Regularny 1 (PLN)',303,1),(2721,1335.69,110.767338,12.06,'UFK - Alfa Kapitałowy 1 (PLN)',303,2),(2722,2840.15,186.035143,15.27,'UFK - Alfa Kapitałowy 1 (PLN)',303,3),(2723,1331.33,111.26701,11.97,'UFK - Alfa Regularny 1 (PLN)',303,3),(2724,12086.76,861.125677,14.04,'UFK - Rynek Obligacyjno-Pieniężny (PLN)',303,3),(2725,6839.49,448.638242,15.25,'UFK - Alfa Kapitałowy 1 (PLN)',303,4),(2726,4777.66,394.152175,12.12,'UFK - Alfa Regularny 1 (PLN)',303,4),(2727,11173.01,732.396253,15.26,'UFK - Alfa Kapitałowy 1 (PLN)',303,5),(2728,5555.81,462.430831,12.01,'UFK - Alfa Kapitałowy 1 (PLN)',304,1),(2729,2084.94,178.157052,11.7,'UFK - Alfa Regularny 1 (PLN)',304,1),(2730,1335.69,110.937708,12.04,'UFK - Alfa Kapitałowy 1 (PLN)',304,2),(2731,2887.62,188.993993,15.28,'UFK - Alfa Kapitałowy 1 (PLN)',304,3),(2732,1404.14,115.59562,12.15,'UFK - Alfa Regularny 1 (PLN)',304,3),(2733,12085.95,862.195076,14.02,'UFK - Rynek Obligacyjno-Pieniężny (PLN)',304,3),(2734,6888.60,451.40056,15.26,'UFK - Alfa Kapitałowy 1 (PLN)',304,4),(2735,4795.57,393.993724,12.17,'UFK - Alfa Regularny 1 (PLN)',304,4),(2736,11172.88,732.88816,15.25,'UFK - Alfa Kapitałowy 1 (PLN)',304,5),(2737,5549.89,460.132448,12.06,'UFK - Alfa Kapitałowy 1 (PLN)',305,1),(2738,2187.00,187.285775,11.68,'UFK - Alfa Regularny 1 (PLN)',305,1),(2739,1316.98,109.608504,12.02,'UFK - Alfa Kapitałowy 1 (PLN)',305,2),(2740,2884.76,189.226632,15.25,'UFK - Alfa Kapitałowy 1 (PLN)',305,3),(2741,1453.17,119.735768,12.14,'UFK - Alfa Regularny 1 (PLN)',305,3),(2742,12110.83,863.634488,14.02,'UFK - Rynek Obligacyjno-Pieniężny (PLN)',305,3),(2743,6895.10,452.886141,15.22,'UFK - Alfa Kapitałowy 1 (PLN)',305,4),(2744,4905.94,403.880794,12.15,'UFK - Alfa Regularny 1 (PLN)',305,4),(2745,11173.53,730.341233,15.3,'UFK - Alfa Kapitałowy 1 (PLN)',305,5),(2746,5564.95,455.329143,12.22,'UFK - Alfa Kapitałowy 1 (PLN)',306,1),(2747,2374.27,203.301407,11.68,'UFK - Alfa Regularny 1 (PLN)',306,1),(2748,1346.41,111.729351,12.05,'UFK - Alfa Kapitałowy 1 (PLN)',306,2),(2749,2884.76,189.549581,15.22,'UFK - Alfa Kapitałowy 1 (PLN)',306,3),(2750,1453.17,119.632008,12.15,'UFK - Alfa Regularny 1 (PLN)',306,3),(2751,12110.83,861.343803,14.06,'UFK - Rynek Obligacyjno-Pieniężny (PLN)',306,3),(2752,6895.10,452.285995,15.25,'UFK - Alfa Kapitałowy 1 (PLN)',306,4),(2753,4905.94,402.265358,12.2,'UFK - Alfa Regularny 1 (PLN)',306,4),(2754,11173.53,732.930797,15.25,'UFK - Alfa Kapitałowy 1 (PLN)',306,5),(2755,5564.95,462.93061,12.02,'UFK - Alfa Kapitałowy 1 (PLN)',307,1),(2756,2374.27,203.102652,11.69,'UFK - Alfa Regularny 1 (PLN)',307,1),(2757,1346.41,112.006975,12.02,'UFK - Alfa Kapitałowy 1 (PLN)',307,2),(2758,2884.76,189.226632,15.25,'UFK - Alfa Kapitałowy 1 (PLN)',307,3),(2759,1453.17,120.736409,12.04,'UFK - Alfa Regularny 1 (PLN)',307,3),(2760,12110.83,864.57568,14.01,'UFK - Rynek Obligacyjno-Pieniężny (PLN)',307,3),(2761,6895.10,452.886141,15.22,'UFK - Alfa Kapitałowy 1 (PLN)',307,4),(2762,4934.62,405.888276,12.16,'UFK - Alfa Regularny 1 (PLN)',307,4),(2763,11173.53,732.930797,15.25,'UFK - Alfa Kapitałowy 1 (PLN)',307,5),(2764,5564.95,463.427074,12.01,'UFK - Alfa Kapitałowy 1 (PLN)',308,1),(2765,2374.27,203.102652,11.69,'UFK - Alfa Regularny 1 (PLN)',308,1),(2766,1346.41,111.828073,12.04,'UFK - Alfa Kapitałowy 1 (PLN)',308,2),(2767,2884.76,188.93156,15.27,'UFK - Alfa Kapitałowy 1 (PLN)',308,3),(2768,1453.17,119.500836,12.16,'UFK - Alfa Regularny 1 (PLN)',308,3),(2769,12110.83,860.117026,14.08,'UFK - Rynek Obligacyjno-Pieniężny (PLN)',308,3),(2770,6895.10,446.429265,15.44,'UFK - Alfa Kapitałowy 1 (PLN)',308,4),(2771,4972.99,409.400675,12.15,'UFK - Alfa Regularny 1 (PLN)',308,4),(2772,11173.53,732.272802,15.26,'UFK - Alfa Kapitałowy 1 (PLN)',308,5),(2773,5564.95,462.20515,12.04,'UFK - Alfa Kapitałowy 1 (PLN)',309,1),(2774,2374.27,203.286671,11.68,'UFK - Alfa Regularny 1 (PLN)',309,1),(2775,1346.41,111.689617,12.05,'UFK - Alfa Kapitałowy 1 (PLN)',309,2),(2776,2879.37,188.873073,15.25,'UFK - Alfa Kapitałowy 1 (PLN)',309,3),(2777,1514.35,125.887902,12.03,'UFK - Alfa Regularny 1 (PLN)',309,3),(2778,12034.12,854.938903,14.08,'UFK - Rynek Obligacyjno-Pieniężny (PLN)',309,3),(2779,6893.16,452.158741,15.25,'UFK - Alfa Kapitałowy 1 (PLN)',309,4),(2780,4972.99,408.609176,12.17,'UFK - Alfa Regularny 1 (PLN)',309,4),(2781,11188.99,733.4358,15.26,'UFK - Alfa Kapitałowy 1 (PLN)',309,5),(2782,5567.42,463.542658,12.01,'UFK - Alfa Kapitałowy 1 (PLN)',310,1),(2783,2386.73,204.16852,11.69,'UFK - Alfa Regularny 1 (PLN)',310,1),(2784,1390.87,115.207037,12.07,'UFK - Alfa Kapitałowy 1 (PLN)',310,2),(2785,2882.07,189.211367,15.23,'UFK - Alfa Kapitałowy 1 (PLN)',310,3),(2786,1534.94,126.363711,12.15,'UFK - Alfa Regularny 1 (PLN)',310,3),(2787,12068.22,859.097196,14.05,'UFK - Rynek Obligacyjno-Pieniężny (PLN)',310,3),(2788,6908.88,454.406507,15.2,'UFK - Alfa Kapitałowy 1 (PLN)',310,4),(2789,4972.99,408.939499,12.16,'UFK - Alfa Regularny 1 (PLN)',310,4),(2790,11187.28,733.832732,15.25,'UFK - Alfa Kapitałowy 1 (PLN)',310,5),(2791,5567.42,461.986311,12.05,'UFK - Alfa Kapitałowy 1 (PLN)',311,1),(2792,2386.73,206.524084,11.56,'UFK - Alfa Regularny 1 (PLN)',311,1),(2793,1390.87,115.520764,12.04,'UFK - Alfa Kapitałowy 1 (PLN)',311,2),(2794,2882.07,189.293646,15.23,'UFK - Alfa Kapitałowy 1 (PLN)',311,3),(2795,1534.94,125.696104,12.21,'UFK - Alfa Regularny 1 (PLN)',311,3),(2796,12068.22,856.96503,14.08,'UFK - Rynek Obligacyjno-Pieniężny (PLN)',311,3),(2797,6908.88,453.189898,15.25,'UFK - Alfa Kapitałowy 1 (PLN)',311,4),(2798,4967.77,409.83606,12.12,'UFK - Alfa Regularny 1 (PLN)',311,4),(2799,11187.28,732.714996,15.27,'UFK - Alfa Kapitałowy 1 (PLN)',311,5),(2800,5567.42,461.976738,12.05,'UFK - Alfa Kapitałowy 1 (PLN)',312,1),(2801,2386.73,203.8981,11.71,'UFK - Alfa Regularny 1 (PLN)',312,1),(2802,1390.87,115.629281,12.03,'UFK - Alfa Kapitałowy 1 (PLN)',312,2),(2803,2882.07,188.887153,15.26,'UFK - Alfa Kapitałowy 1 (PLN)',312,3),(2804,1534.94,126.519169,12.13,'UFK - Alfa Regularny 1 (PLN)',312,3),(2805,12068.22,858.911452,14.05,'UFK - Rynek Obligacyjno-Pieniężny (PLN)',312,3),(2806,6908.88,452.846493,15.26,'UFK - Alfa Kapitałowy 1 (PLN)',312,4),(2807,4967.77,409.353894,12.14,'UFK - Alfa Regularny 1 (PLN)',312,4),(2808,11187.28,734.36208,15.23,'UFK - Alfa Kapitałowy 1 (PLN)',312,5),(2809,5567.42,462.410299,12.04,'UFK - Alfa Kapitałowy 1 (PLN)',313,1),(2810,2386.73,201.70361,11.83,'UFK - Alfa Regularny 1 (PLN)',313,1),(2811,1390.87,116.002502,11.99,'UFK - Alfa Kapitałowy 1 (PLN)',313,2),(2812,2869.13,188.594104,15.21,'UFK - Alfa Kapitałowy 1 (PLN)',313,3),(2813,1163.54,95.635383,12.17,'UFK - Alfa Regularny 1 (PLN)',313,3),(2814,12087.47,861.176261,14.04,'UFK - Rynek Obligacyjno-Pieniężny (PLN)',313,3),(2815,6997.67,459.457312,15.23,'UFK - Alfa Kapitałowy 1 (PLN)',313,4),(2816,4967.77,414.660416,11.98,'UFK - Alfa Regularny 1 (PLN)',313,4),(2817,11200.05,733.352453,15.27,'UFK - Alfa Kapitałowy 1 (PLN)',313,5),(2818,5482.37,454.683812,12.06,'UFK - Alfa Kapitałowy 1 (PLN)',314,1),(2819,2396.35,205.773781,11.65,'UFK - Alfa Regularny 1 (PLN)',314,1),(2820,1357.20,112.724252,12.04,'UFK - Alfa Kapitałowy 1 (PLN)',314,2),(2821,2857.66,187.449,15.25,'UFK - Alfa Kapitałowy 1 (PLN)',314,3),(2822,1143.07,94.103071,12.15,'UFK - Alfa Regularny 1 (PLN)',314,3),(2823,12140.51,868.126911,13.98,'UFK - Rynek Obligacyjno-Pieniężny (PLN)',314,3),(2824,7096.71,465.510659,15.25,'UFK - Alfa Kapitałowy 1 (PLN)',314,4),(2825,4972.56,411.417998,12.09,'UFK - Alfa Regularny 1 (PLN)',314,4),(2826,11232.39,736.791735,15.25,'UFK - Alfa Kapitałowy 1 (PLN)',314,5),(2827,5482.37,453.254915,12.1,'UFK - Alfa Kapitałowy 1 (PLN)',315,1),(2828,2396.35,205.326003,11.67,'UFK - Alfa Regularny 1 (PLN)',315,1),(2829,1357.20,112.423044,12.07,'UFK - Alfa Kapitałowy 1 (PLN)',315,2),(2830,2852.14,187.086914,15.25,'UFK - Alfa Kapitałowy 1 (PLN)',315,3),(2831,1178.11,95.999837,12.27,'UFK - Alfa Regularny 1 (PLN)',315,3),(2832,12131.84,865.181804,14.02,'UFK - Rynek Obligacyjno-Pieniężny (PLN)',315,3),(2833,7149.08,469.72593,15.22,'UFK - Alfa Kapitałowy 1 (PLN)',315,4),(2834,4972.56,408.699016,12.17,'UFK - Alfa Regularny 1 (PLN)',315,4),(2835,11308.00,741.182761,15.26,'UFK - Alfa Kapitałowy 1 (PLN)',315,5),(2836,5482.37,455.346346,12.04,'UFK - Alfa Kapitałowy 1 (PLN)',316,1),(2837,2396.35,204.306073,11.73,'UFK - Alfa Regularny 1 (PLN)',316,1),(2838,1357.20,113.449074,11.96,'UFK - Alfa Kapitałowy 1 (PLN)',316,2),(2839,2852.14,187.277371,15.23,'UFK - Alfa Kapitałowy 1 (PLN)',316,3),(2840,1178.11,96.987734,12.15,'UFK - Alfa Regularny 1 (PLN)',316,3),(2841,12131.84,865.364972,14.02,'UFK - Rynek Obligacyjno-Pieniężny (PLN)',316,3),(2842,7149.08,468.22322,15.27,'UFK - Alfa Kapitałowy 1 (PLN)',316,4),(2843,4972.56,408.989075,12.16,'UFK - Alfa Regularny 1 (PLN)',316,4),(2844,11308.00,740.979889,15.26,'UFK - Alfa Kapitałowy 1 (PLN)',316,5),(2845,5523.26,458.742525,12.04,'UFK - Alfa Kapitałowy 1 (PLN)',317,1),(2846,2452.55,209.294643,11.72,'UFK - Alfa Regularny 1 (PLN)',317,1),(2847,1367.87,114.340985,11.96,'UFK - Alfa Kapitałowy 1 (PLN)',317,2),(2848,2852.14,188.460482,15.13,'UFK - Alfa Kapitałowy 1 (PLN)',317,3),(2849,1178.11,97.103589,12.13,'UFK - Alfa Regularny 1 (PLN)',317,3),(2850,12131.84,872.10409,13.91,'UFK - Rynek Obligacyjno-Pieniężny (PLN)',317,3),(2851,7149.08,469.25524,15.23,'UFK - Alfa Kapitałowy 1 (PLN)',317,4),(2852,5073.88,416.149183,12.19,'UFK - Alfa Regularny 1 (PLN)',317,4),(2853,11308.00,739.54636,15.29,'UFK - Alfa Kapitałowy 1 (PLN)',317,5),(2854,5523.26,458.742525,12.04,'UFK - Alfa Kapitałowy 1 (PLN)',318,1),(2855,2452.55,209.98906,11.68,'UFK - Alfa Regularny 1 (PLN)',318,1),(2856,1367.87,113.610465,12.04,'UFK - Alfa Kapitałowy 1 (PLN)',318,2),(2857,2844.47,187.403316,15.18,'UFK - Alfa Kapitałowy 1 (PLN)',318,3),(2858,1173.39,96.59916,12.15,'UFK - Alfa Regularny 1 (PLN)',318,3),(2859,12173.60,867.940409,14.03,'UFK - Rynek Obligacyjno-Pieniężny (PLN)',318,3),(2860,7144.34,468.634962,15.25,'UFK - Alfa Kapitałowy 1 (PLN)',318,4),(2861,5073.88,419.52418,12.09,'UFK - Alfa Regularny 1 (PLN)',318,4),(2862,11330.19,740.07499,15.31,'UFK - Alfa Kapitałowy 1 (PLN)',318,5),(2863,5556.89,461.535714,12.04,'UFK - Alfa Kapitałowy 1 (PLN)',319,1),(2864,2549.90,218.126604,11.69,'UFK - Alfa Regularny 1 (PLN)',319,1),(2865,1398.59,116.16196,12.04,'UFK - Alfa Kapitałowy 1 (PLN)',319,2),(2866,2844.47,187.038199,15.21,'UFK - Alfa Kapitałowy 1 (PLN)',319,3),(2867,1173.39,96.23903,12.19,'UFK - Alfa Regularny 1 (PLN)',319,3),(2868,12173.60,866.455251,14.05,'UFK - Rynek Obligacyjno-Pieniężny (PLN)',319,3),(2869,7144.34,467.241832,15.29,'UFK - Alfa Kapitałowy 1 (PLN)',319,4),(2870,5040.44,413.618151,12.19,'UFK - Alfa Regularny 1 (PLN)',319,4),(2871,11330.19,742.699478,15.26,'UFK - Alfa Kapitałowy 1 (PLN)',319,5),(2872,5556.89,461.535714,12.04,'UFK - Alfa Kapitałowy 1 (PLN)',320,1),(2873,2549.90,217.587094,11.72,'UFK - Alfa Regularny 1 (PLN)',320,1),(2874,1398.59,114.263889,12.24,'UFK - Alfa Kapitałowy 1 (PLN)',320,2),(2875,2859.89,187.857459,15.22,'UFK - Alfa Kapitałowy 1 (PLN)',320,3),(2876,1227.65,100.875198,12.17,'UFK - Alfa Regularny 1 (PLN)',320,3),(2877,12207.93,874.744196,13.96,'UFK - Rynek Obligacyjno-Pieniężny (PLN)',320,3),(2878,7158.01,470.874569,15.2,'UFK - Alfa Kapitałowy 1 (PLN)',320,4),(2879,5040.44,414.953486,12.15,'UFK - Alfa Regularny 1 (PLN)',320,4),(2880,11399.90,747.7796,15.25,'UFK - Alfa Kapitałowy 1 (PLN)',320,5),(2881,5601.19,464.25114,12.07,'UFK - Alfa Kapitałowy 1 (PLN)',321,1),(2882,2467.97,211.692935,11.66,'UFK - Alfa Regularny 1 (PLN)',321,1),(2883,1510.63,125.281796,12.06,'UFK - Alfa Kapitałowy 1 (PLN)',321,2),(2884,2916.08,191.151811,15.26,'UFK - Alfa Kapitałowy 1 (PLN)',321,3),(2885,1299.00,106.939985,12.15,'UFK - Alfa Regularny 1 (PLN)',321,3),(2886,12211.21,869.14391,14.05,'UFK - Rynek Obligacyjno-Pieniężny (PLN)',321,3),(2887,7172.04,471.029471,15.23,'UFK - Alfa Kapitałowy 1 (PLN)',321,4),(2888,5040.44,414.953486,12.15,'UFK - Alfa Regularny 1 (PLN)',321,4),(2889,11415.70,748.279572,15.26,'UFK - Alfa Kapitałowy 1 (PLN)',321,5),(2890,5601.19,465.215116,12.04,'UFK - Alfa Kapitałowy 1 (PLN)',322,1),(2891,2467.97,210.901987,11.7,'UFK - Alfa Regularny 1 (PLN)',322,1),(2892,1510.63,125.588898,12.03,'UFK - Alfa Kapitałowy 1 (PLN)',322,2),(2893,2916.08,189.897037,15.36,'UFK - Alfa Kapitałowy 1 (PLN)',322,3),(2894,1299.00,107.360865,12.1,'UFK - Alfa Regularny 1 (PLN)',322,3),(2895,12211.21,871.648187,14.01,'UFK - Rynek Obligacyjno-Pieniężny (PLN)',322,3),(2896,7172.04,470.975575,15.23,'UFK - Alfa Kapitałowy 1 (PLN)',322,4),(2897,5057.97,414.808314,12.19,'UFK - Alfa Regularny 1 (PLN)',322,4),(2898,11415.70,749.973528,15.22,'UFK - Alfa Kapitałowy 1 (PLN)',322,5),(2899,5568.14,463.116567,12.02,'UFK - Alfa Kapitałowy 1 (PLN)',323,1),(2900,2430.26,206.583194,11.76,'UFK - Alfa Regularny 1 (PLN)',323,1),(2901,1497.01,124.336379,12.04,'UFK - Alfa Kapitałowy 1 (PLN)',323,2),(2902,2916.08,189.212501,15.41,'UFK - Alfa Kapitałowy 1 (PLN)',323,3),(2903,1299.00,107.185096,12.12,'UFK - Alfa Regularny 1 (PLN)',323,3),(2904,12211.21,869.33327,14.05,'UFK - Rynek Obligacyjno-Pieniężny (PLN)',323,3),(2905,7172.04,470.451951,15.25,'UFK - Alfa Kapitałowy 1 (PLN)',323,4),(2906,5057.97,416.396641,12.15,'UFK - Alfa Regularny 1 (PLN)',323,4),(2907,11415.70,749.458632,15.23,'UFK - Alfa Kapitałowy 1 (PLN)',323,5),(2908,5568.14,461.948089,12.05,'UFK - Alfa Kapitałowy 1 (PLN)',324,1),(2909,2430.26,208.116152,11.68,'UFK - Alfa Regularny 1 (PLN)',324,1),(2910,1497.01,124.675892,12.01,'UFK - Alfa Kapitałowy 1 (PLN)',324,2),(2911,2916.08,190.989726,15.27,'UFK - Alfa Kapitałowy 1 (PLN)',324,3),(2912,1299.00,106.689038,12.18,'UFK - Alfa Regularny 1 (PLN)',324,3),(2913,12211.21,869.992163,14.04,'UFK - Rynek Obligacyjno-Pieniężny (PLN)',324,3),(2914,7172.04,470.451951,15.25,'UFK - Alfa Kapitałowy 1 (PLN)',324,4),(2915,5057.97,416.396641,12.15,'UFK - Alfa Regularny 1 (PLN)',324,4),(2916,11415.70,749.430494,15.23,'UFK - Alfa Kapitałowy 1 (PLN)',324,5),(2917,5633.32,466.726567,12.07,'UFK - Alfa Kapitałowy 1 (PLN)',325,1),(2918,2453.78,210.098489,11.68,'UFK - Alfa Regularny 1 (PLN)',325,1),(2919,1540.85,127.977575,12.04,'UFK - Alfa Kapitałowy 1 (PLN)',325,2),(2920,2890.17,189.798021,15.23,'UFK - Alfa Kapitałowy 1 (PLN)',325,3),(2921,1187.22,97.737713,12.15,'UFK - Alfa Regularny 1 (PLN)',325,3),(2922,12178.78,870.21223,14,'UFK - Rynek Obligacyjno-Pieniężny (PLN)',325,3),(2923,7195.81,471.653484,15.26,'UFK - Alfa Kapitałowy 1 (PLN)',325,4),(2924,5057.97,416.030335,12.16,'UFK - Alfa Regularny 1 (PLN)',325,4),(2925,11342.70,744.53628,15.23,'UFK - Alfa Kapitałowy 1 (PLN)',325,5),(2926,5633.32,463.828566,12.15,'UFK - Alfa Kapitałowy 1 (PLN)',326,1),(2927,2453.78,209.904192,11.69,'UFK - Alfa Regularny 1 (PLN)',326,1),(2928,1540.85,127.977575,12.04,'UFK - Alfa Kapitałowy 1 (PLN)',326,2),(2929,2890.17,189.581502,15.25,'UFK - Alfa Kapitałowy 1 (PLN)',326,3),(2930,1187.22,97.737713,12.15,'UFK - Alfa Regularny 1 (PLN)',326,3),(2931,12178.78,867.681676,14.04,'UFK - Rynek Obligacyjno-Pieniężny (PLN)',326,3),(2932,7195.81,472.357346,15.23,'UFK - Alfa Kapitałowy 1 (PLN)',326,4),(2933,5057.97,416.396641,12.15,'UFK - Alfa Regularny 1 (PLN)',326,4),(2934,11342.70,743.090181,15.26,'UFK - Alfa Kapitałowy 1 (PLN)',326,5),(2935,5633.32,467.883721,12.04,'UFK - Alfa Kapitałowy 1 (PLN)',327,1),(2936,2453.78,210.723554,11.64,'UFK - Alfa Regularny 1 (PLN)',327,1),(2937,1540.85,128.273518,12.01,'UFK - Alfa Kapitałowy 1 (PLN)',327,2),(2938,2890.17,189.581502,15.25,'UFK - Alfa Kapitałowy 1 (PLN)',327,3),(2939,1187.22,97.435022,12.18,'UFK - Alfa Regularny 1 (PLN)',327,3),(2940,12178.78,868.713206,14.02,'UFK - Rynek Obligacyjno-Pieniężny (PLN)',327,3),(2941,7195.81,472.011151,15.25,'UFK - Alfa Kapitałowy 1 (PLN)',327,4),(2942,5075.56,416.835444,12.18,'UFK - Alfa Regularny 1 (PLN)',327,4),(2943,11342.70,744.02755,15.25,'UFK - Alfa Kapitałowy 1 (PLN)',327,5),(2944,5676.93,471.013729,12.05,'UFK - Alfa Kapitałowy 1 (PLN)',328,1),(2945,2408.35,206.017964,11.69,'UFK - Alfa Regularny 1 (PLN)',328,1),(2946,1583.68,131.534884,12.04,'UFK - Alfa Kapitałowy 1 (PLN)',328,2),(2947,2892.75,189.750738,15.25,'UFK - Alfa Kapitałowy 1 (PLN)',328,3),(2948,1181.81,97.292336,12.15,'UFK - Alfa Regularny 1 (PLN)',328,3),(2949,12131.28,864.297521,14.04,'UFK - Rynek Obligacyjno-Pieniężny (PLN)',328,3),(2950,7172.00,470.449328,15.25,'UFK - Alfa Kapitałowy 1 (PLN)',328,4),(2951,5022.27,413.457644,12.15,'UFK - Alfa Regularny 1 (PLN)',328,4),(2952,11314.07,742.149557,15.25,'UFK - Alfa Kapitałowy 1 (PLN)',328,5),(2953,5676.93,473.423908,11.99,'UFK - Alfa Kapitałowy 1 (PLN)',329,1),(2954,2408.35,206.017964,11.69,'UFK - Alfa Regularny 1 (PLN)',329,1),(2955,1583.68,131.116036,12.08,'UFK - Alfa Kapitałowy 1 (PLN)',329,2),(2956,2954.06,193.989903,15.23,'UFK - Alfa Kapitałowy 1 (PLN)',329,3),(2957,1238.27,101.273411,12.23,'UFK - Alfa Regularny 1 (PLN)',329,3),(2958,12052.20,858.663437,14.04,'UFK - Rynek Obligacyjno-Pieniężny (PLN)',329,3),(2959,7179.00,470.457986,15.26,'UFK - Alfa Kapitałowy 1 (PLN)',329,4),(2960,5022.27,413.457644,12.15,'UFK - Alfa Regularny 1 (PLN)',329,4),(2961,11258.94,738.53329,15.25,'UFK - Alfa Kapitałowy 1 (PLN)',329,5),(2962,5676.93,472.837074,12.01,'UFK - Alfa Kapitałowy 1 (PLN)',330,1),(2963,2408.35,206.213966,11.68,'UFK - Alfa Regularny 1 (PLN)',330,1),(2964,1583.68,131.345161,12.06,'UFK - Alfa Kapitałowy 1 (PLN)',330,2),(2965,2964.03,194.635667,15.23,'UFK - Alfa Kapitałowy 1 (PLN)',330,3),(2966,1223.66,100.835292,12.14,'UFK - Alfa Regularny 1 (PLN)',330,3),(2967,12088.78,861.269592,14.04,'UFK - Rynek Obligacyjno-Pieniężny (PLN)',330,3),(2968,7164.75,469.973762,15.25,'UFK - Alfa Kapitałowy 1 (PLN)',330,4),(2969,5022.27,413.457644,12.15,'UFK - Alfa Regularny 1 (PLN)',330,4),(2970,11122.88,729.608396,15.25,'UFK - Alfa Kapitałowy 1 (PLN)',330,5),(2971,5677.25,467.64827,12.14,'UFK - Alfa Kapitałowy 1 (PLN)',331,1),(2972,2409.97,206.156544,11.69,'UFK - Alfa Regularny 1 (PLN)',331,1),(2973,1489.28,123.694352,12.04,'UFK - Alfa Kapitałowy 1 (PLN)',331,2),(2974,2964.03,194.099907,15.27,'UFK - Alfa Kapitałowy 1 (PLN)',331,3),(2975,1223.66,100.993454,12.12,'UFK - Alfa Regularny 1 (PLN)',331,3),(2976,12088.78,859.121927,14.07,'UFK - Rynek Obligacyjno-Pieniężny (PLN)',331,3),(2977,7164.75,470.298492,15.23,'UFK - Alfa Kapitałowy 1 (PLN)',331,4),(2978,5015.35,412.43524,12.16,'UFK - Alfa Regularny 1 (PLN)',331,4),(2979,11122.88,726.80399,15.3,'UFK - Alfa Kapitałowy 1 (PLN)',331,5),(2980,5636.42,466.965907,12.07,'UFK - Alfa Kapitałowy 1 (PLN)',332,1),(2981,2498.49,213.728828,11.69,'UFK - Alfa Regularny 1 (PLN)',332,1),(2982,1457.73,120.733997,12.07,'UFK - Alfa Kapitałowy 1 (PLN)',332,2),(2983,2964.03,194.555277,15.23,'UFK - Alfa Kapitałowy 1 (PLN)',332,3),(2984,1223.66,100.737631,12.15,'UFK - Alfa Regularny 1 (PLN)',332,3),(2985,12088.78,859.979707,14.06,'UFK - Rynek Obligacyjno-Pieniężny (PLN)',332,3),(2986,7164.75,469.973762,15.25,'UFK - Alfa Kapitałowy 1 (PLN)',332,4),(2987,5015.35,412.463506,12.16,'UFK - Alfa Regularny 1 (PLN)',332,4),(2988,11122.88,730.853605,15.22,'UFK - Alfa Kapitałowy 1 (PLN)',332,5),(2989,5581.54,464.129851,12.03,'UFK - Alfa Kapitałowy 1 (PLN)',333,1),(2990,2521.93,216.01183,11.67,'UFK - Alfa Regularny 1 (PLN)',333,1),(2991,1410.95,117.467293,12.01,'UFK - Alfa Kapitałowy 1 (PLN)',333,2),(2992,2939.65,192.827156,15.25,'UFK - Alfa Kapitałowy 1 (PLN)',333,3),(2993,1218.68,100.327653,12.15,'UFK - Alfa Regularny 1 (PLN)',333,3),(2994,12055.33,858.07132,14.05,'UFK - Rynek Obligacyjno-Pieniężny (PLN)',333,3),(2995,7153.01,468.480612,15.27,'UFK - Alfa Kapitałowy 1 (PLN)',333,4),(2996,5051.19,416.314493,12.13,'UFK - Alfa Regularny 1 (PLN)',333,4),(2997,11160.89,733.289335,15.22,'UFK - Alfa Kapitałowy 1 (PLN)',333,5),(2998,5581.54,462.610328,12.07,'UFK - Alfa Kapitałowy 1 (PLN)',334,1),(2999,2521.93,215.733961,11.69,'UFK - Alfa Regularny 1 (PLN)',334,1),(3000,1410.95,117.435469,12.01,'UFK - Alfa Kapitałowy 1 (PLN)',334,2),(3001,2925.09,191.872089,15.25,'UFK - Alfa Kapitałowy 1 (PLN)',334,3),(3002,1238.85,102.118485,12.13,'UFK - Alfa Regularny 1 (PLN)',334,3),(3003,11993.85,854.50627,14.04,'UFK - Rynek Obligacyjno-Pieniężny (PLN)',334,3),(3004,7121.35,467.126927,15.25,'UFK - Alfa Kapitałowy 1 (PLN)',334,4),(3005,4911.93,404.824286,12.13,'UFK - Alfa Regularny 1 (PLN)',334,4),(3006,11203.73,734.911774,15.25,'UFK - Alfa Kapitałowy 1 (PLN)',334,5),(3007,5581.54,464.449923,12.02,'UFK - Alfa Kapitałowy 1 (PLN)',335,1),(3008,2521.93,215.733961,11.69,'UFK - Alfa Regularny 1 (PLN)',335,1),(3009,1410.95,117.322023,12.03,'UFK - Alfa Kapitałowy 1 (PLN)',335,2),(3010,2925.09,191.872089,15.25,'UFK - Alfa Kapitałowy 1 (PLN)',335,3),(3011,1238.85,102.080494,12.14,'UFK - Alfa Regularny 1 (PLN)',335,3),(3012,11993.85,853.75533,14.05,'UFK - Rynek Obligacyjno-Pieniężny (PLN)',335,3),(3013,7121.35,466.753551,15.26,'UFK - Alfa Kapitałowy 1 (PLN)',335,4),(3014,4911.93,405.3701,12.12,'UFK - Alfa Regularny 1 (PLN)',335,4),(3015,11203.73,734.911774,15.25,'UFK - Alfa Kapitałowy 1 (PLN)',335,5),(3016,5581.54,463.073636,12.05,'UFK - Alfa Kapitałowy 1 (PLN)',336,1),(3017,2521.93,215.936949,11.68,'UFK - Alfa Regularny 1 (PLN)',336,1),(3018,1410.95,117.188538,12.04,'UFK - Alfa Kapitałowy 1 (PLN)',336,2),(3019,2905.44,190.710792,15.23,'UFK - Alfa Kapitałowy 1 (PLN)',336,3),(3020,1306.40,107.739935,12.13,'UFK - Alfa Regularny 1 (PLN)',336,3),(3021,11972.10,851.945064,14.05,'UFK - Rynek Obligacyjno-Pieniężny (PLN)',336,3),(3022,7150.36,469.029846,15.25,'UFK - Alfa Kapitałowy 1 (PLN)',336,4),(3023,4911.93,404.373919,12.15,'UFK - Alfa Regularny 1 (PLN)',336,4),(3024,11151.00,730.791742,15.26,'UFK - Alfa Kapitałowy 1 (PLN)',336,5),(3025,5495.77,456.459302,12.04,'UFK - Alfa Kapitałowy 1 (PLN)',337,1),(3026,2591.39,221.675791,11.69,'UFK - Alfa Regularny 1 (PLN)',337,1),(3027,1263.71,104.717706,12.07,'UFK - Alfa Kapitałowy 1 (PLN)',337,2),(3028,2905.44,192.065328,15.13,'UFK - Alfa Kapitałowy 1 (PLN)',337,3),(3029,1306.40,108.441936,12.05,'UFK - Alfa Regularny 1 (PLN)',337,3),(3030,11972.10,853.987915,14.02,'UFK - Rynek Obligacyjno-Pieniężny (PLN)',337,3),(3031,7150.36,468.654949,15.26,'UFK - Alfa Kapitałowy 1 (PLN)',337,4),(3032,4742.04,390.72995,12.14,'UFK - Alfa Regularny 1 (PLN)',337,4),(3033,11151.00,733.140323,15.21,'UFK - Alfa Kapitałowy 1 (PLN)',337,5),(3034,5495.77,457.21127,12.02,'UFK - Alfa Kapitałowy 1 (PLN)',338,1),(3035,2591.39,221.675791,11.69,'UFK - Alfa Regularny 1 (PLN)',338,1),(3036,1263.71,105.459824,11.98,'UFK - Alfa Kapitałowy 1 (PLN)',338,2),(3037,2912.39,191.039029,15.25,'UFK - Alfa Kapitałowy 1 (PLN)',338,3),(3038,1343.67,110.777432,12.13,'UFK - Alfa Regularny 1 (PLN)',338,3),(3039,11879.94,846.39071,14.04,'UFK - Rynek Obligacyjno-Pieniężny (PLN)',338,3),(3040,7122.60,467.208921,15.25,'UFK - Alfa Kapitałowy 1 (PLN)',338,4),(3041,4742.04,393.628289,12.05,'UFK - Alfa Regularny 1 (PLN)',338,4),(3042,11167.94,729.748352,15.3,'UFK - Alfa Kapitałowy 1 (PLN)',338,5),(3043,5539.41,459.621166,12.05,'UFK - Alfa Kapitałowy 1 (PLN)',339,1),(3044,2660.27,227.568007,11.69,'UFK - Alfa Regularny 1 (PLN)',339,1),(3045,1350.55,111.199731,12.15,'UFK - Alfa Kapitałowy 1 (PLN)',339,2),(3046,2965.97,194.682617,15.23,'UFK - Alfa Kapitałowy 1 (PLN)',339,3),(3047,1404.27,115.732517,12.13,'UFK - Alfa Regularny 1 (PLN)',339,3),(3048,11855.32,843.845595,14.05,'UFK - Rynek Obligacyjno-Pieniężny (PLN)',339,3),(3049,7169.89,472.132667,15.19,'UFK - Alfa Kapitałowy 1 (PLN)',339,4),(3050,4742.04,389.650327,12.17,'UFK - Alfa Regularny 1 (PLN)',339,4),(3051,11206.02,735.061988,15.25,'UFK - Alfa Kapitałowy 1 (PLN)',339,5),(3052,5539.41,460.083887,12.04,'UFK - Alfa Kapitałowy 1 (PLN)',340,1),(3053,2660.27,227.568007,11.69,'UFK - Alfa Regularny 1 (PLN)',340,1),(3054,1350.55,112.757253,11.98,'UFK - Alfa Kapitałowy 1 (PLN)',340,2),(3055,2944.91,193.172188,15.25,'UFK - Alfa Kapitałowy 1 (PLN)',340,3),(3056,1505.07,123.904668,12.15,'UFK - Alfa Regularny 1 (PLN)',340,3),(3057,11968.65,851.91227,14.05,'UFK - Rynek Obligacyjno-Pieniężny (PLN)',340,3),(3058,7197.74,472.13775,15.25,'UFK - Alfa Kapitałowy 1 (PLN)',340,4),(3059,5018.87,413.177739,12.15,'UFK - Alfa Regularny 1 (PLN)',340,4),(3060,11116.32,729.178091,15.25,'UFK - Alfa Kapitałowy 1 (PLN)',340,5),(3061,5521.56,459.307782,12.02,'UFK - Alfa Kapitałowy 1 (PLN)',341,1),(3062,2732.20,233.995331,11.68,'UFK - Alfa Regularny 1 (PLN)',341,1),(3063,1364.34,113.317276,12.04,'UFK - Alfa Kapitałowy 1 (PLN)',341,2),(3064,2944.91,193.749873,15.2,'UFK - Alfa Kapitałowy 1 (PLN)',341,3),(3065,1505.07,123.904668,12.15,'UFK - Alfa Regularny 1 (PLN)',341,3),(3066,11968.65,851.646397,14.05,'UFK - Rynek Obligacyjno-Pieniężny (PLN)',341,3),(3067,7197.74,472.13775,15.25,'UFK - Alfa Kapitałowy 1 (PLN)',341,4),(3068,5018.87,410.362487,12.23,'UFK - Alfa Regularny 1 (PLN)',341,4),(3069,11116.32,729.178091,15.25,'UFK - Alfa Kapitałowy 1 (PLN)',341,5),(3070,5430.81,451.063953,12.04,'UFK - Alfa Kapitałowy 1 (PLN)',342,1),(3071,2787.61,238.667304,11.68,'UFK - Alfa Regularny 1 (PLN)',342,1),(3072,1322.72,109.860465,12.04,'UFK - Alfa Kapitałowy 1 (PLN)',342,2),(3073,2948.62,193.415546,15.25,'UFK - Alfa Kapitałowy 1 (PLN)',342,3),(3074,1567.90,129.077138,12.15,'UFK - Alfa Regularny 1 (PLN)',342,3),(3075,11994.83,853.759628,14.05,'UFK - Rynek Obligacyjno-Pieniężny (PLN)',342,3),(3076,7190.30,471.649721,15.25,'UFK - Alfa Kapitałowy 1 (PLN)',342,4),(3077,5018.87,412.8327,12.16,'UFK - Alfa Regularny 1 (PLN)',342,4),(3078,11052.67,723.970581,15.27,'UFK - Alfa Kapitałowy 1 (PLN)',342,5),(3079,5430.81,451.722172,12.02,'UFK - Alfa Kapitałowy 1 (PLN)',343,1),(3080,2787.61,239.120922,11.66,'UFK - Alfa Regularny 1 (PLN)',343,1),(3081,1322.72,109.749302,12.05,'UFK - Alfa Kapitałowy 1 (PLN)',343,2),(3082,2948.62,193.567607,15.23,'UFK - Alfa Kapitałowy 1 (PLN)',343,3),(3083,1567.90,129.077138,12.15,'UFK - Alfa Regularny 1 (PLN)',343,3),(3084,11994.83,854.57609,14.04,'UFK - Rynek Obligacyjno-Pieniężny (PLN)',343,3),(3085,7190.30,471.649721,15.25,'UFK - Alfa Kapitałowy 1 (PLN)',343,4),(3086,5074.34,417.744299,12.15,'UFK - Alfa Regularny 1 (PLN)',343,4),(3087,11052.67,726.097862,15.22,'UFK - Alfa Kapitałowy 1 (PLN)',343,5),(3088,5410.09,448.626459,12.06,'UFK - Alfa Kapitałowy 1 (PLN)',344,1),(3089,2766.44,236.282631,11.71,'UFK - Alfa Regularny 1 (PLN)',344,1),(3090,1342.60,111.198551,12.07,'UFK - Alfa Kapitałowy 1 (PLN)',344,2),(3091,2948.62,193.415546,15.25,'UFK - Alfa Kapitałowy 1 (PLN)',344,3),(3092,1567.90,129.077138,12.15,'UFK - Alfa Regularny 1 (PLN)',344,3),(3093,11994.83,855.204228,14.03,'UFK - Rynek Obligacyjno-Pieniężny (PLN)',344,3),(3094,7190.30,472.049259,15.23,'UFK - Alfa Kapitałowy 1 (PLN)',344,4),(3095,5074.34,417.744299,12.15,'UFK - Alfa Regularny 1 (PLN)',344,4),(3096,11052.67,725.71345,15.23,'UFK - Alfa Kapitałowy 1 (PLN)',344,5),(3097,5317.21,441.628738,12.04,'UFK - Alfa Kapitałowy 1 (PLN)',345,1),(3098,2686.16,229.78272,11.69,'UFK - Alfa Regularny 1 (PLN)',345,1),(3099,1340.88,111.368771,12.04,'UFK - Alfa Kapitałowy 1 (PLN)',345,2),(3100,2948.62,193.981068,15.2,'UFK - Alfa Kapitałowy 1 (PLN)',345,3),(3101,1567.90,128.836084,12.17,'UFK - Alfa Regularny 1 (PLN)',345,3),(3102,11994.83,852.584526,14.07,'UFK - Rynek Obligacyjno-Pieniężny (PLN)',345,3),(3103,7190.30,469.937185,15.3,'UFK - Alfa Kapitałowy 1 (PLN)',345,4),(3104,5074.34,417.744299,12.15,'UFK - Alfa Regularny 1 (PLN)',345,4),(3105,11052.67,725.758608,15.23,'UFK - Alfa Kapitałowy 1 (PLN)',345,5),(3106,5317.21,442.043592,12.03,'UFK - Alfa Kapitałowy 1 (PLN)',346,1),(3107,2686.16,229.444317,11.71,'UFK - Alfa Regularny 1 (PLN)',346,1),(3108,1340.88,111.52577,12.02,'UFK - Alfa Kapitałowy 1 (PLN)',346,2),(3109,2924.01,191.801246,15.25,'UFK - Alfa Kapitałowy 1 (PLN)',346,3),(3110,1525.62,125.596444,12.15,'UFK - Alfa Regularny 1 (PLN)',346,3),(3111,12029.84,857.07039,14.04,'UFK - Rynek Obligacyjno-Pieniężny (PLN)',346,3),(3112,7118.87,466.964251,15.25,'UFK - Alfa Kapitałowy 1 (PLN)',346,4),(3113,5049.17,414.929595,12.17,'UFK - Alfa Regularny 1 (PLN)',346,4),(3114,11018.70,723.961892,15.22,'UFK - Alfa Kapitałowy 1 (PLN)',346,5),(3115,5317.21,440.815125,12.06,'UFK - Alfa Kapitałowy 1 (PLN)',347,1),(3116,2686.16,229.78272,11.69,'UFK - Alfa Regularny 1 (PLN)',347,1),(3117,1340.88,111.232909,12.05,'UFK - Alfa Kapitałowy 1 (PLN)',347,2),(3118,2924.01,191.498562,15.27,'UFK - Alfa Kapitałowy 1 (PLN)',347,3),(3119,1525.62,125.446771,12.16,'UFK - Alfa Regularny 1 (PLN)',347,3),(3120,12029.84,858.385573,14.01,'UFK - Rynek Obligacyjno-Pieniężny (PLN)',347,3),(3121,7118.87,466.493485,15.26,'UFK - Alfa Kapitałowy 1 (PLN)',347,4),(3122,5074.34,417.744299,12.15,'UFK - Alfa Regularny 1 (PLN)',347,4),(3123,11018.70,722.77468,15.25,'UFK - Alfa Kapitałowy 1 (PLN)',347,5),(3124,5317.21,441.628738,12.04,'UFK - Alfa Kapitałowy 1 (PLN)',348,1),(3125,2686.16,230.048654,11.68,'UFK - Alfa Regularny 1 (PLN)',348,1),(3126,1340.88,111.502022,12.03,'UFK - Alfa Kapitałowy 1 (PLN)',348,2),(3127,2924.01,191.801246,15.25,'UFK - Alfa Kapitałowy 1 (PLN)',348,3),(3128,1525.62,124.136512,12.29,'UFK - Alfa Regularny 1 (PLN)',348,3),(3129,12029.84,858.192266,14.02,'UFK - Rynek Obligacyjno-Pieniężny (PLN)',348,3),(3130,7118.87,466.964251,15.25,'UFK - Alfa Kapitałowy 1 (PLN)',348,4),(3131,5049.17,414.723791,12.17,'UFK - Alfa Regularny 1 (PLN)',348,4),(3132,11018.70,722.77468,15.25,'UFK - Alfa Kapitałowy 1 (PLN)',348,5),(3133,5350.42,444.387043,12.04,'UFK - Alfa Kapitałowy 1 (PLN)',349,1),(3134,2689.95,230.106929,11.69,'UFK - Alfa Regularny 1 (PLN)',349,1),(3135,1255.91,104.311462,12.04,'UFK - Alfa Kapitałowy 1 (PLN)',349,2),(3136,2883.85,190.415979,15.15,'UFK - Alfa Kapitałowy 1 (PLN)',349,3),(3137,1478.16,121.90748,12.13,'UFK - Alfa Regularny 1 (PLN)',349,3),(3138,11986.81,854.004702,14.04,'UFK - Rynek Obligacyjno-Pieniężny (PLN)',349,3),(3139,7128.38,466.600745,15.28,'UFK - Alfa Kapitałowy 1 (PLN)',349,4),(3140,5266.13,432.891262,12.17,'UFK - Alfa Regularny 1 (PLN)',349,4),(3141,11140.58,730.257118,15.26,'UFK - Alfa Kapitałowy 1 (PLN)',349,5),(3142,5350.42,445.053071,12.02,'UFK - Alfa Kapitałowy 1 (PLN)',350,1),(3143,2689.95,230.85213,11.65,'UFK - Alfa Regularny 1 (PLN)',350,1),(3144,1255.91,104.140184,12.06,'UFK - Alfa Kapitałowy 1 (PLN)',350,2),(3145,2883.85,189.294292,15.23,'UFK - Alfa Kapitałowy 1 (PLN)',350,3),(3146,1478.16,121.474245,12.17,'UFK - Alfa Regularny 1 (PLN)',350,3),(3147,11986.81,857.057772,13.99,'UFK - Rynek Obligacyjno-Pieniężny (PLN)',350,3),(3148,7128.38,467.588062,15.25,'UFK - Alfa Kapitałowy 1 (PLN)',350,4),(3149,5266.13,433.533383,12.15,'UFK - Alfa Regularny 1 (PLN)',350,4),(3150,11140.58,729.857524,15.26,'UFK - Alfa Kapitałowy 1 (PLN)',350,5),(3151,5350.42,443.97958,12.05,'UFK - Alfa Kapitałowy 1 (PLN)',351,1),(3152,2689.95,230.106929,11.69,'UFK - Alfa Regularny 1 (PLN)',351,1),(3153,1255.91,104.21023,12.05,'UFK - Alfa Kapitałowy 1 (PLN)',351,2),(3154,2883.85,190.206662,15.16,'UFK - Alfa Kapitałowy 1 (PLN)',351,3),(3155,1478.16,121.80728,12.14,'UFK - Alfa Regularny 1 (PLN)',351,3),(3156,11986.81,847.963356,14.14,'UFK - Rynek Obligacyjno-Pieniężny (PLN)',351,3),(3157,7128.38,468.255787,15.22,'UFK - Alfa Kapitałowy 1 (PLN)',351,4),(3158,5397.21,443.878887,12.16,'UFK - Alfa Regularny 1 (PLN)',351,4),(3159,11140.58,730.769433,15.25,'UFK - Alfa Kapitałowy 1 (PLN)',351,5),(3160,5473.70,454.002975,12.06,'UFK - Alfa Kapitałowy 1 (PLN)',352,1),(3161,2574.89,220.264328,11.69,'UFK - Alfa Regularny 1 (PLN)',352,1),(3162,1200.12,99.854199,12.02,'UFK - Alfa Kapitałowy 1 (PLN)',352,2),(3163,2883.85,188.532742,15.3,'UFK - Alfa Kapitałowy 1 (PLN)',352,3),(3164,1478.16,121.555878,12.16,'UFK - Alfa Regularny 1 (PLN)',352,3),(3165,11986.81,853.040017,14.05,'UFK - Rynek Obligacyjno-Pieniężny (PLN)',352,3),(3166,7128.38,469.959378,15.17,'UFK - Alfa Kapitałowy 1 (PLN)',352,4),(3167,5397.21,443.853039,12.16,'UFK - Alfa Regularny 1 (PLN)',352,4),(3168,11140.58,730.769433,15.25,'UFK - Alfa Kapitałowy 1 (PLN)',352,5),(3169,5473.70,454.626246,12.04,'UFK - Alfa Kapitałowy 1 (PLN)',353,1),(3170,2574.89,220.264328,11.69,'UFK - Alfa Regularny 1 (PLN)',353,1),(3171,1200.12,99.507334,12.06,'UFK - Alfa Kapitałowy 1 (PLN)',353,2),(3172,2885.44,189.271236,15.25,'UFK - Alfa Kapitałowy 1 (PLN)',353,3),(3173,1466.98,120.636496,12.16,'UFK - Alfa Regularny 1 (PLN)',353,3),(3174,11991.12,854.31177,14.04,'UFK - Rynek Obligacyjno-Pieniężny (PLN)',353,3),(3175,7178.69,471.455596,15.23,'UFK - Alfa Kapitałowy 1 (PLN)',353,4),(3176,5397.21,445.956226,12.1,'UFK - Alfa Regularny 1 (PLN)',353,4),(3177,11179.98,732.695512,15.26,'UFK - Alfa Kapitałowy 1 (PLN)',353,5),(3178,5454.82,455.761996,11.97,'UFK - Alfa Kapitałowy 1 (PLN)',354,1),(3179,2598.87,220.222484,11.8,'UFK - Alfa Regularny 1 (PLN)',354,1),(3180,1203.82,99.840834,12.06,'UFK - Alfa Kapitałowy 1 (PLN)',354,2),(3181,2885.44,189.271236,15.25,'UFK - Alfa Kapitałowy 1 (PLN)',354,3),(3182,1466.98,120.606146,12.16,'UFK - Alfa Regularny 1 (PLN)',354,3),(3183,11991.12,854.963237,14.03,'UFK - Rynek Obligacyjno-Pieniężny (PLN)',354,3),(3184,7178.69,470.271209,15.26,'UFK - Alfa Kapitałowy 1 (PLN)',354,4),(3185,5317.87,437.197957,12.16,'UFK - Alfa Regularny 1 (PLN)',354,4),(3186,11179.98,732.83976,15.26,'UFK - Alfa Kapitałowy 1 (PLN)',354,5),(3187,5484.31,455.507475,12.04,'UFK - Alfa Kapitałowy 1 (PLN)',355,1),(3188,2651.89,227.18054,11.67,'UFK - Alfa Regularny 1 (PLN)',355,1),(3189,1313.19,109.068937,12.04,'UFK - Alfa Kapitałowy 1 (PLN)',355,2),(3190,2885.44,189.091475,15.26,'UFK - Alfa Kapitałowy 1 (PLN)',355,3),(3191,1466.98,120.974258,12.13,'UFK - Alfa Regularny 1 (PLN)',355,3),(3192,11991.12,854.31177,14.04,'UFK - Rynek Obligacyjno-Pieniężny (PLN)',355,3),(3193,7178.69,470.88816,15.25,'UFK - Alfa Kapitałowy 1 (PLN)',355,4),(3194,5317.87,438.331461,12.13,'UFK - Alfa Regularny 1 (PLN)',355,4),(3195,11179.98,733.852718,15.23,'UFK - Alfa Kapitałowy 1 (PLN)',355,5),(3196,5439.60,449.460855,12.1,'UFK - Alfa Kapitałowy 1 (PLN)',356,1),(3197,2603.76,223.044203,11.67,'UFK - Alfa Regularny 1 (PLN)',356,1),(3198,1338.24,111.425759,12.01,'UFK - Alfa Kapitałowy 1 (PLN)',356,2),(3199,2850.94,187.008199,15.25,'UFK - Alfa Kapitałowy 1 (PLN)',356,3),(3200,1369.81,112.645761,12.16,'UFK - Alfa Regularny 1 (PLN)',356,3),(3201,12016.77,864.94252,13.89,'UFK - Rynek Obligacyjno-Pieniężny (PLN)',356,3),(3202,7142.69,468.035515,15.26,'UFK - Alfa Kapitałowy 1 (PLN)',356,4),(3203,5317.87,440.949488,12.06,'UFK - Alfa Regularny 1 (PLN)',356,4),(3204,11238.20,736.440919,15.26,'UFK - Alfa Kapitałowy 1 (PLN)',356,5),(3205,5451.60,452.790698,12.04,'UFK - Alfa Kapitałowy 1 (PLN)',357,1),(3206,2573.99,218.8009,11.76,'UFK - Alfa Regularny 1 (PLN)',357,1),(3207,1410.71,117.432213,12.01,'UFK - Alfa Kapitałowy 1 (PLN)',357,2),(3208,2850.94,186.069333,15.32,'UFK - Alfa Kapitałowy 1 (PLN)',357,3),(3209,1369.81,112.878094,12.14,'UFK - Alfa Regularny 1 (PLN)',357,3),(3210,12016.77,854.557829,14.06,'UFK - Rynek Obligacyjno-Pieniężny (PLN)',357,3),(3211,7142.69,467.650283,15.27,'UFK - Alfa Kapitałowy 1 (PLN)',357,4),(3212,5198.85,428.430004,12.13,'UFK - Alfa Regularny 1 (PLN)',357,4),(3213,11238.20,736.166821,15.27,'UFK - Alfa Kapitałowy 1 (PLN)',357,5),(3214,5488.35,455.843023,12.04,'UFK - Alfa Kapitałowy 1 (PLN)',358,1),(3215,2543.46,217.81769,11.68,'UFK - Alfa Regularny 1 (PLN)',358,1),(3216,1443.67,119.906146,12.04,'UFK - Alfa Kapitałowy 1 (PLN)',358,2),(3217,2850.94,186.872,15.26,'UFK - Alfa Kapitałowy 1 (PLN)',358,3),(3218,1369.81,112.769408,12.15,'UFK - Alfa Regularny 1 (PLN)',358,3),(3219,12016.77,857.64794,14.01,'UFK - Rynek Obligacyjno-Pieniężny (PLN)',358,3),(3220,7142.69,468.010776,15.26,'UFK - Alfa Kapitałowy 1 (PLN)',358,4),(3221,5198.85,427.994567,12.15,'UFK - Alfa Regularny 1 (PLN)',358,4),(3222,11238.20,737.732286,15.23,'UFK - Alfa Kapitałowy 1 (PLN)',358,5),(3223,5488.35,455.843023,12.04,'UFK - Alfa Kapitałowy 1 (PLN)',359,1),(3224,2543.46,217.575706,11.69,'UFK - Alfa Regularny 1 (PLN)',359,1),(3225,1443.67,120.049612,12.03,'UFK - Alfa Kapitałowy 1 (PLN)',359,2),(3226,2853.64,187.185307,15.25,'UFK - Alfa Kapitałowy 1 (PLN)',359,3),(3227,1300.37,107.05277,12.15,'UFK - Alfa Regularny 1 (PLN)',359,3),(3228,12050.29,857.870162,14.05,'UFK - Rynek Obligacyjno-Pieniężny (PLN)',359,3),(3229,7178.87,471.500515,15.23,'UFK - Alfa Kapitałowy 1 (PLN)',359,4),(3230,5198.85,431.547273,12.05,'UFK - Alfa Regularny 1 (PLN)',359,4),(3231,11287.55,741.528149,15.22,'UFK - Alfa Kapitałowy 1 (PLN)',359,5),(3232,5488.35,451.431924,12.16,'UFK - Alfa Kapitałowy 1 (PLN)',360,1),(3233,2543.46,217.575706,11.69,'UFK - Alfa Regularny 1 (PLN)',360,1),(3234,1443.67,119.76505,12.05,'UFK - Alfa Kapitałowy 1 (PLN)',360,2),(3235,2832.19,185.488593,15.27,'UFK - Alfa Kapitałowy 1 (PLN)',360,3),(3236,1394.79,115.24756,12.1,'UFK - Alfa Regularny 1 (PLN)',360,3),(3237,12066.29,860.972397,14.01,'UFK - Rynek Obligacyjno-Pieniężny (PLN)',360,3),(3238,7174.14,471.254477,15.22,'UFK - Alfa Kapitałowy 1 (PLN)',360,4),(3239,5187.54,429.589608,12.08,'UFK - Alfa Regularny 1 (PLN)',360,4),(3240,11209.79,734.675187,15.26,'UFK - Alfa Kapitałowy 1 (PLN)',360,5),(3241,5488.35,455.843023,12.04,'UFK - Alfa Kapitałowy 1 (PLN)',361,1),(3242,2543.46,218.116529,11.66,'UFK - Alfa Regularny 1 (PLN)',361,1),(3243,1443.67,119.906146,12.04,'UFK - Alfa Kapitałowy 1 (PLN)',361,2),(3244,2832.19,185.301625,15.28,'UFK - Alfa Kapitałowy 1 (PLN)',361,3),(3245,1394.79,115.027364,12.13,'UFK - Alfa Regularny 1 (PLN)',361,3),(3246,12066.29,858.544947,14.05,'UFK - Rynek Obligacyjno-Pieniężny (PLN)',361,3),(3247,7174.14,470.993557,15.23,'UFK - Alfa Kapitałowy 1 (PLN)',361,4),(3248,5187.54,427.45666,12.14,'UFK - Alfa Regularny 1 (PLN)',361,4),(3249,11209.79,736.275205,15.23,'UFK - Alfa Kapitałowy 1 (PLN)',361,5),(3250,5519.95,459.012236,12.03,'UFK - Alfa Kapitałowy 1 (PLN)',362,1),(3251,2579.09,221.707356,11.63,'UFK - Alfa Regularny 1 (PLN)',362,1),(3252,1357.08,112.714286,12.04,'UFK - Alfa Kapitałowy 1 (PLN)',362,2),(3253,2832.19,185.366114,15.28,'UFK - Alfa Kapitałowy 1 (PLN)',362,3),(3254,1394.79,113.389761,12.3,'UFK - Alfa Regularny 1 (PLN)',362,3),(3255,12066.29,858.998435,14.05,'UFK - Rynek Obligacyjno-Pieniężny (PLN)',362,3),(3256,7174.14,471.556322,15.21,'UFK - Alfa Kapitałowy 1 (PLN)',362,4),(3257,5256.81,432.766115,12.15,'UFK - Alfa Regularny 1 (PLN)',362,4),(3258,11209.79,735.309282,15.25,'UFK - Alfa Kapitałowy 1 (PLN)',362,5),(3259,5519.95,457.794638,12.06,'UFK - Alfa Kapitałowy 1 (PLN)',363,1),(3260,2579.09,221.234096,11.66,'UFK - Alfa Regularny 1 (PLN)',363,1),(3261,1357.08,112.573685,12.06,'UFK - Alfa Kapitałowy 1 (PLN)',363,2),(3262,2832.19,186.06212,15.22,'UFK - Alfa Kapitałowy 1 (PLN)',363,3),(3263,1394.79,114.825883,12.15,'UFK - Alfa Regularny 1 (PLN)',363,3),(3264,12066.29,856.892302,14.08,'UFK - Rynek Obligacyjno-Pieniężny (PLN)',363,3),(3265,7174.14,470.589702,15.25,'UFK - Alfa Kapitałowy 1 (PLN)',363,4),(3266,5256.81,433.900108,12.12,'UFK - Alfa Regularny 1 (PLN)',363,4),(3267,11209.79,734.478621,15.26,'UFK - Alfa Kapitałowy 1 (PLN)',363,5),(3268,5519.95,458.959473,12.03,'UFK - Alfa Kapitałowy 1 (PLN)',364,1),(3269,2579.09,218.54637,11.8,'UFK - Alfa Regularny 1 (PLN)',364,1),(3270,1357.08,112.583505,12.05,'UFK - Alfa Kapitałowy 1 (PLN)',364,2),(3271,2788.24,183.092261,15.23,'UFK - Alfa Kapitałowy 1 (PLN)',364,3),(3272,1390.09,114.545509,12.14,'UFK - Alfa Regularny 1 (PLN)',364,3),(3273,12085.34,859.63258,14.06,'UFK - Rynek Obligacyjno-Pieniężny (PLN)',364,3),(3274,7219.89,473.590685,15.25,'UFK - Alfa Kapitałowy 1 (PLN)',364,4),(3275,5256.81,431.286714,12.19,'UFK - Alfa Regularny 1 (PLN)',364,4),(3276,11152.49,731.550672,15.25,'UFK - Alfa Kapitałowy 1 (PLN)',364,5),(3277,5520.25,457.960545,12.05,'UFK - Alfa Kapitałowy 1 (PLN)',365,1),(3278,2653.84,225.341751,11.78,'UFK - Alfa Regularny 1 (PLN)',365,1),(3279,1294.48,107.51495,12.04,'UFK - Alfa Kapitałowy 1 (PLN)',365,2),(3280,2788.24,182.895376,15.25,'UFK - Alfa Kapitałowy 1 (PLN)',365,3),(3281,1390.09,114.592351,12.13,'UFK - Alfa Regularny 1 (PLN)',365,3),(3282,12085.34,859.493635,14.06,'UFK - Rynek Obligacyjno-Pieniężny (PLN)',365,3),(3283,7219.89,473.130905,15.26,'UFK - Alfa Kapitałowy 1 (PLN)',365,4),(3284,5256.81,433.616053,12.12,'UFK - Alfa Regularny 1 (PLN)',365,4),(3285,11152.49,733.400966,15.21,'UFK - Alfa Kapitałowy 1 (PLN)',365,5);
/*!40000 ALTER TABLE `aegon_sub_account_balance_history` ENABLE KEYS */;
UNLOCK TABLES;

--
-- Table structure for table `aegon_sub_account_history`
--

DROP TABLE IF EXISTS `aegon_sub_account_history`;
/*!40101 SET @saved_cs_client     = @@character_set_client */;
/*!40101 SET character_set_client = utf8 */;
CREATE TABLE `aegon_sub_account_history` (
  `balance` decimal(10,2) NOT NULL,
  `id_entry_log` int(11) NOT NULL,
  `id_sub_account` int(11) NOT NULL,
  PRIMARY KEY (`id_entry_log`,`id_sub_account`),
  KEY `FK_aegon_sub_account_history_id_sub_account` (`id_sub_account`),
  CONSTRAINT `FK_aegon_sub_account_history_id_entry_log` FOREIGN KEY (`id_entry_log`) REFERENCES `aegon_entry_log` (`id_entry_log`),
  CONSTRAINT `FK_aegon_sub_account_history_id_sub_account` FOREIGN KEY (`id_sub_account`) REFERENCES `aegon_sub_account` (`id_sub_account`)
) ENGINE=InnoDB DEFAULT CHARSET=utf8;
/*!40101 SET character_set_client = @saved_cs_client */;

--
-- Dumping data for table `aegon_sub_account_history`
--

LOCK TABLES `aegon_sub_account_history` WRITE;
/*!40000 ALTER TABLE `aegon_sub_account_history` DISABLE KEYS */;
INSERT INTO `aegon_sub_account_history` VALUES (6223.06,1,1),(1463.53,1,2),(14229.20,1,3),(10851.92,1,4),(11340.88,1,5),(6165.99,2,1),(1493.48,2,2),(14229.20,2,3),(10851.92,2,4),(11340.88,2,5),(6165.99,3,1),(1493.48,3,2),(14320.80,3,3),(10890.12,3,4),(11285.56,3,5),(6241.65,4,1),(1439.41,4,2),(14320.80,4,3),(10890.12,4,4),(11285.56,4,5),(6241.65,5,1),(1439.41,5,2),(14320.80,5,3),(10890.12,5,4),(11285.56,5,5),(6241.65,6,1),(1439.41,6,2),(14444.29,6,3),(10794.94,6,4),(11228.01,6,5),(6241.65,7,1),(1439.41,7,2),(14614.52,7,3),(10746.20,7,4),(11176.74,7,5),(6276.24,8,1),(1384.85,8,2),(14614.52,8,3),(10746.20,8,4),(11176.74,8,5),(6276.24,9,1),(1384.85,9,2),(14546.68,9,3),(10924.64,9,4),(10963.84,9,5),(6276.24,10,1),(1384.85,10,2),(14546.68,10,3),(10924.64,10,4),(10963.84,10,5),(6304.38,11,1),(1311.73,11,2),(14546.68,11,3),(10924.64,11,4),(10963.84,11,5),(6304.38,12,1),(1311.73,12,2),(14546.68,12,3),(10924.64,12,4),(10963.84,12,5),(6304.38,13,1),(1311.73,13,2),(14652.61,13,3),(10919.96,13,4),(10904.98,13,5),(6362.73,14,1),(1185.91,14,2),(14652.61,14,3),(10919.96,14,4),(10904.98,14,5),(6445.84,15,1),(1100.30,15,2),(14652.61,15,3),(10919.96,15,4),(10904.98,15,5),(6445.84,16,1),(1100.30,16,2),(14846.93,16,3),(11038.32,16,4),(10792.36,16,5),(6445.84,17,1),(1100.30,17,2),(14835.25,17,3),(11049.46,17,4),(10970.10,17,5),(6536.90,18,1),(1054.31,18,2),(14835.25,18,3),(11049.46,18,4),(10970.10,18,5),(6536.90,19,1),(1054.31,19,2),(14835.25,19,3),(11049.46,19,4),(10970.10,19,5),(6536.90,20,1),(1054.31,20,2),(14835.25,20,3),(11049.46,20,4),(10970.10,20,5),(6536.90,21,1),(1054.31,21,2),(14793.25,21,3),(10969.70,21,4),(10973.18,21,5),(6726.23,22,1),(1144.95,22,2),(14891.80,22,3),(10927.38,22,4),(10902.93,22,5),(6726.23,23,1),(1144.95,23,2),(14891.80,23,3),(10927.38,23,4),(10902.93,23,5),(6726.23,24,1),(1144.95,24,2),(15045.15,24,3),(10752.84,24,4),(10867.09,24,5),(6707.09,25,1),(1115.92,25,2),(14894.14,25,3),(10770.52,25,4),(10869.84,25,5),(6695.44,26,1),(1047.62,26,2),(14849.08,26,3),(10793.08,26,4),(10784.10,26,5),(6695.44,27,1),(1047.62,27,2),(14849.08,27,3),(10793.08,27,4),(10784.10,27,5),(6695.44,28,1),(1047.62,28,2),(14800.65,28,3),(11068.16,28,4),(10642.51,28,5),(6695.44,29,1),(1047.62,29,2),(14800.65,29,3),(11068.16,29,4),(10642.51,29,5),(6740.17,30,1),(1017.91,30,2),(14800.65,30,3),(11068.16,30,4),(10642.51,30,5),(6740.17,31,1),(1017.91,31,2),(14800.65,31,3),(11068.16,31,4),(10642.51,31,5),(6740.17,32,1),(1017.91,32,2),(14751.60,32,3),(11173.60,32,4),(10663.45,32,5),(6740.17,33,1),(1017.91,33,2),(14755.54,33,3),(11208.70,33,4),(10710.12,33,5),(6906.50,34,1),(1039.80,34,2),(14942.79,34,3),(11190.30,34,4),(10729.47,34,5),(6906.50,35,1),(1039.80,35,2),(14942.79,35,3),(11190.30,35,4),(10729.47,35,5),(6906.50,36,1),(1039.80,36,2),(14920.69,36,3),(11303.94,36,4),(10674.76,36,5),(6906.50,37,1),(1039.80,37,2),(14920.69,37,3),(11303.94,37,4),(10674.76,37,5),(6776.69,38,1),(921.73,38,2),(14921.20,38,3),(11326.28,38,4),(10566.37,38,5),(6776.69,39,1),(921.73,39,2),(15010.46,39,3),(11186.08,39,4),(10656.09,39,5),(6776.69,40,1),(921.73,40,2),(15010.46,40,3),(11186.08,40,4),(10656.09,40,5),(6776.69,41,1),(921.73,41,2),(15010.46,41,3),(11186.08,41,4),(10656.09,41,5),(6746.73,42,1),(824.47,42,2),(15010.46,42,3),(11186.08,42,4),(10656.09,42,5),(6746.73,43,1),(824.47,43,2),(15074.33,43,3),(11351.88,43,4),(10781.04,43,5),(6746.73,44,1),(824.47,44,2),(15074.33,44,3),(11351.88,44,4),(10781.04,44,5),(6782.12,45,1),(879.78,45,2),(15074.33,45,3),(11351.88,45,4),(10781.04,45,5),(6782.12,46,1),(879.78,46,2),(15087.66,46,3),(11197.84,46,4),(10843.50,46,5),(6782.12,47,1),(879.78,47,2),(15087.66,47,3),(11197.84,47,4),(10843.50,47,5),(6782.12,48,1),(879.78,48,2),(15087.66,48,3),(11197.84,48,4),(10843.50,48,5),(6777.13,49,1),(926.10,49,2),(15093.34,49,3),(11290.18,49,4),(10816.43,49,5),(6777.13,50,1),(926.10,50,2),(15093.34,50,3),(11290.18,50,4),(10816.43,50,5),(6788.66,51,1),(868.91,51,2),(15083.50,51,3),(11308.98,51,4),(10788.05,51,5),(6788.66,52,1),(868.91,52,2),(15083.50,52,3),(11308.98,52,4),(10788.05,52,5),(6788.66,53,1),(868.91,53,2),(15126.42,53,3),(11404.44,53,4),(10930.27,53,5),(6788.66,54,1),(868.91,54,2),(15090.01,54,3),(11370.62,54,4),(10945.05,54,5),(6878.05,55,1),(821.72,55,2),(15098.42,55,3),(11300.30,55,4),(10892.49,55,5),(6869.88,56,1),(730.57,56,2),(15098.42,56,3),(11300.30,56,4),(10892.49,56,5),(6869.88,57,1),(730.57,57,2),(15098.42,57,3),(11300.30,57,4),(10892.49,57,5),(6869.88,58,1),(730.57,58,2),(15098.42,58,3),(11300.30,58,4),(10892.49,58,5),(6973.42,59,1),(899.46,59,2),(15100.24,59,3),(11323.80,59,4),(10765.99,59,5),(6973.42,60,1),(899.46,60,2),(15100.24,60,3),(11323.80,60,4),(10765.99,60,5),(6973.42,61,1),(899.46,61,2),(15100.24,61,3),(11323.80,61,4),(10765.99,61,5),(7083.25,62,1),(980.48,62,2),(15100.24,62,3),(11323.80,62,4),(10765.99,62,5),(7083.25,63,1),(980.48,63,2),(15142.40,63,3),(11362.70,63,4),(10758.77,63,5),(7083.25,64,1),(980.48,64,2),(15142.40,64,3),(11362.70,64,4),(10758.77,64,5),(7083.25,65,1),(980.48,65,2),(15142.40,65,3),(11362.70,65,4),(10758.77,65,5),(7177.92,66,1),(1017.56,66,2),(15089.68,66,3),(11366.00,66,4),(10767.43,66,5),(7177.92,67,1),(1017.56,67,2),(15089.68,67,3),(11366.00,67,4),(10767.43,67,5),(7177.92,68,1),(1017.56,68,2),(15089.68,68,3),(11366.00,68,4),(10767.43,68,5),(7177.92,69,1),(1017.56,69,2),(15111.23,69,3),(11624.78,69,4),(10816.69,69,5),(7214.90,70,1),(995.31,70,2),(15115.72,70,3),(11638.54,70,4),(10918.28,70,5),(7214.90,71,1),(995.31,71,2),(15115.72,71,3),(11638.54,71,4),(10918.28,71,5),(7160.34,72,1),(1045.73,72,2),(15115.72,72,3),(11638.54,72,4),(10918.28,72,5),(7160.34,73,1),(1045.73,73,2),(15191.14,73,3),(11658.56,73,4),(10871.53,73,5),(7059.51,74,1),(1107.87,74,2),(15191.14,74,3),(11658.56,74,4),(10871.53,74,5),(7038.82,75,1),(1131.45,75,2),(15237.11,75,3),(11673.84,75,4),(10889.27,75,5),(7038.82,76,1),(1131.45,76,2),(15225.18,76,3),(11735.70,76,4),(10958.93,76,5),(7038.82,77,1),(1131.45,77,2),(15225.18,77,3),(11735.70,77,4),(10958.93,77,5),(7038.82,78,1),(1131.45,78,2),(15225.18,78,3),(11735.70,78,4),(10958.93,78,5),(6909.59,79,1),(1043.22,79,2),(15225.18,79,3),(11735.70,79,4),(10958.93,79,5),(6909.59,80,1),(1043.22,80,2),(15330.37,80,3),(11710.92,80,4),(10757.49,80,5),(6909.59,81,1),(1043.22,81,2),(15437.15,81,3),(11633.22,81,4),(10683.53,81,5),(6936.22,82,1),(924.56,82,2),(15437.15,82,3),(11633.22,82,4),(10683.53,82,5),(7043.37,83,1),(923.69,83,2),(15470.10,83,3),(11756.64,83,4),(10608.35,83,5),(7043.37,84,1),(923.69,84,2),(15470.10,84,3),(11756.64,84,4),(10608.35,84,5),(7043.37,85,1),(923.69,85,2),(15470.10,85,3),(11756.64,85,4),(10608.35,85,5),(6995.34,86,1),(986.65,86,2),(15470.10,86,3),(11756.64,86,4),(10608.35,86,5),(6979.42,87,1),(1051.50,87,2),(15553.20,87,3),(11693.36,87,4),(10754.76,87,5),(6979.42,88,1),(1051.50,88,2),(15553.20,88,3),(11693.36,88,4),(10754.76,88,5),(6999.90,89,1),(1062.58,89,2),(15553.20,89,3),(11693.36,89,4),(10754.76,89,5),(6999.90,90,1),(1062.58,90,2),(15553.20,90,3),(11693.36,90,4),(10754.76,90,5),(6999.90,91,1),(1062.58,91,2),(15545.18,91,3),(11552.58,91,4),(10771.39,91,5),(7052.75,92,1),(1008.79,92,2),(15545.18,92,3),(11552.58,92,4),(10771.39,92,5),(7128.43,93,1),(1115.52,93,2),(15545.18,93,3),(11552.58,93,4),(10771.39,93,5),(7128.43,94,1),(1115.52,94,2),(15531.72,94,3),(11535.88,94,4),(10754.67,94,5),(7128.43,95,1),(1115.52,95,2),(15531.72,95,3),(11535.88,95,4),(10754.67,95,5),(7138.24,96,1),(1111.97,96,2),(15531.72,96,3),(11535.88,96,4),(10754.67,96,5),(7101.37,97,1),(900.91,97,2),(15534.76,97,3),(11460.48,97,4),(10772.57,97,5),(7101.37,98,1),(900.91,98,2),(15244.57,98,3),(11449.78,98,4),(10672.21,98,5),(7127.43,99,1),(845.07,99,2),(15244.57,99,3),(11449.78,99,4),(10672.21,99,5),(7258.33,100,1),(815.57,100,2),(15125.67,100,3),(11516.36,100,4),(10582.15,100,5),(7258.33,101,1),(815.57,101,2),(14995.01,101,3),(11566.66,101,4),(10586.49,101,5),(7258.33,102,1),(815.57,102,2),(14995.01,102,3),(11566.66,102,4),(10586.49,102,5),(7258.33,103,1),(815.57,103,2),(14995.01,103,3),(11566.66,103,4),(10586.49,103,5),(7213.01,104,1),(953.39,104,2),(14994.69,104,3),(11477.70,104,4),(10713.60,104,5),(7213.01,105,1),(953.39,105,2),(14994.69,105,3),(11477.70,105,4),(10713.60,105,5),(7213.01,106,1),(953.39,106,2),(14994.69,106,3),(11477.70,106,4),(10713.60,106,5),(7213.01,107,1),(953.39,107,2),(15096.98,107,3),(11319.74,107,4),(10727.88,107,5),(7260.75,108,1),(924.60,108,2),(15096.98,108,3),(11319.74,108,4),(10727.88,108,5),(7260.75,109,1),(924.60,109,2),(15096.98,109,3),(11319.74,109,4),(10727.88,109,5),(7251.43,110,1),(991.76,110,2),(15105.94,110,3),(11325.64,110,4),(10815.24,110,5),(7242.32,111,1),(918.90,111,2),(15108.04,111,3),(11289.62,111,4),(10845.06,111,5),(7254.04,112,1),(829.67,112,2),(15072.58,112,3),(11158.50,112,4),(10922.53,112,5),(7254.04,113,1),(829.67,113,2),(15072.58,113,3),(11158.50,113,4),(10922.53,113,5),(7254.04,114,1),(829.67,114,2),(15176.25,114,3),(11268.44,114,4),(10910.04,114,5),(7254.04,115,1),(829.67,115,2),(15176.25,115,3),(11268.44,115,4),(10910.04,115,5),(7006.98,116,1),(751.00,116,2),(15176.25,116,3),(11268.44,116,4),(10910.04,116,5),(7006.98,117,1),(751.00,117,2),(15176.25,117,3),(11268.44,117,4),(10910.04,117,5),(7006.98,118,1),(751.00,118,2),(15200.80,118,3),(11475.96,118,4),(10938.75,118,5),(6921.83,119,1),(730.93,119,2),(15201.98,119,3),(11525.84,119,4),(10858.04,119,5),(6769.69,120,1),(867.02,120,2),(15173.50,120,3),(11546.56,120,4),(10922.40,120,5),(6769.69,121,1),(867.02,121,2),(15173.50,121,3),(11546.56,121,4),(10922.40,121,5),(6769.69,122,1),(867.02,122,2),(15157.19,122,3),(11520.00,122,4),(10879.79,122,5),(6769.69,123,1),(867.02,123,2),(15157.19,123,3),(11520.00,123,4),(10879.79,123,5),(6847.94,124,1),(963.54,124,2),(15208.18,124,3),(11496.24,124,4),(10891.48,124,5),(6847.94,125,1),(963.54,125,2),(15208.18,125,3),(11496.24,125,4),(10891.48,125,5),(6847.94,126,1),(963.54,126,2),(15208.18,126,3),(11496.24,126,4),(10891.48,126,5),(6847.94,127,1),(963.54,127,2),(15208.18,127,3),(11496.24,127,4),(10891.48,127,5),(6933.23,128,1),(954.88,128,2),(15344.69,128,3),(11647.54,128,4),(10931.12,128,5),(6933.23,129,1),(954.88,129,2),(15344.69,129,3),(11647.54,129,4),(10931.12,129,5),(6933.23,130,1),(954.88,130,2),(15344.69,130,3),(11647.54,130,4),(10931.12,130,5),(6954.47,131,1),(1080.33,131,2),(15414.07,131,3),(11747.10,131,4),(10939.35,131,5),(6954.47,132,1),(1080.33,132,2),(15334.76,132,3),(11740.06,132,4),(11047.16,132,5),(6954.47,133,1),(1080.33,133,2),(15334.76,133,3),(11740.06,133,4),(11047.16,133,5),(6954.47,134,1),(1080.33,134,2),(15256.46,134,3),(11724.16,134,4),(11167.90,134,5),(6958.79,135,1),(1053.02,135,2),(15256.46,135,3),(11724.16,135,4),(11167.90,135,5),(6958.79,136,1),(1053.02,136,2),(15256.46,136,3),(11724.16,136,4),(11167.90,136,5),(6958.79,137,1),(1053.02,137,2),(15300.24,137,3),(11712.96,137,4),(11161.04,137,5),(6958.79,138,1),(1053.02,138,2),(15375.73,138,3),(11764.42,138,4),(11088.85,138,5),(6988.41,139,1),(1110.07,139,2),(15375.73,139,3),(11764.42,139,4),(11088.85,139,5),(6984.78,140,1),(1097.29,140,2),(15375.73,140,3),(11764.42,140,4),(11088.85,140,5),(7003.26,141,1),(1012.34,141,2),(15375.73,141,3),(11764.42,141,4),(11088.85,141,5),(6970.24,142,1),(1116.63,142,2),(15319.36,142,3),(11841.84,142,4),(11053.66,142,5),(6920.58,143,1),(1069.98,143,2),(15319.36,143,3),(11841.84,143,4),(11053.66,143,5),(6757.63,144,1),(1031.58,144,2),(15242.84,144,3),(11808.14,144,4),(11047.00,144,5),(6757.63,145,1),(1031.58,145,2),(15292.19,145,3),(11798.94,145,4),(11106.78,145,5),(6733.16,146,1),(1076.05,146,2),(15292.19,146,3),(11798.94,146,4),(11106.78,146,5),(6733.16,147,1),(1076.05,147,2),(15328.58,147,3),(11908.12,147,4),(11097.96,147,5),(6787.28,148,1),(1167.56,148,2),(15296.83,148,3),(11905.14,148,4),(11056.90,148,5),(6787.28,149,1),(1167.56,149,2),(15363.89,149,3),(11906.14,149,4),(10993.79,149,5),(6787.28,150,1),(1167.56,150,2),(15495.92,150,3),(11839.68,150,4),(10990.03,150,5),(6735.43,151,1),(1181.02,151,2),(15495.92,151,3),(11839.68,151,4),(10990.03,151,5),(6735.43,152,1),(1181.02,152,2),(15665.90,152,3),(11782.64,152,4),(10905.00,152,5),(6803.64,153,1),(1342.31,153,2),(15665.90,153,3),(11782.64,153,4),(10905.00,153,5),(6803.64,154,1),(1342.31,154,2),(15665.90,154,3),(11782.64,154,4),(10905.00,154,5),(6825.91,155,1),(1306.87,155,2),(15665.90,155,3),(11782.64,155,4),(10905.00,155,5),(6832.21,156,1),(1232.01,156,2),(15440.65,156,3),(11750.89,156,4),(10842.88,156,5),(6832.21,157,1),(1232.01,157,2),(15446.53,157,3),(11645.80,157,4),(10772.94,157,5),(6821.95,158,1),(1237.29,158,2),(15446.53,158,3),(11645.80,158,4),(10772.94,158,5),(6788.20,159,1),(1241.01,159,2),(15446.53,159,3),(11645.80,159,4),(10772.94,159,5),(6788.20,160,1),(1241.01,160,2),(15395.80,160,3),(11707.02,160,4),(10689.09,160,5),(6786.49,161,1),(1268.13,161,2),(15317.06,161,3),(11585.72,161,4),(10615.92,161,5),(6786.49,162,1),(1268.13,162,2),(15317.06,162,3),(11585.72,162,4),(10615.92,162,5),(6786.49,163,1),(1268.13,163,2),(15330.05,163,3),(11587.70,163,4),(10628.38,163,5),(6800.64,164,1),(1268.34,164,2),(15336.65,164,3),(11621.40,164,4),(10495.00,164,5),(6800.64,165,1),(1268.34,165,2),(15336.65,165,3),(11621.40,165,4),(10495.00,165,5),(6786.41,166,1),(1204.60,166,2),(15336.65,166,3),(11621.40,166,4),(10495.00,166,5),(6727.93,167,1),(1147.05,167,2),(15336.65,167,3),(11621.40,167,4),(10495.00,167,5),(6727.93,168,1),(1147.05,168,2),(15325.25,168,3),(11515.44,168,4),(10487.71,168,5),(6727.93,169,1),(1147.05,169,2),(15418.84,169,3),(11545.94,169,4),(10541.11,169,5),(6714.35,170,1),(1131.03,170,2),(15463.44,170,3),(11750.96,170,4),(10611.87,170,5),(6714.35,171,1),(1131.03,171,2),(15463.44,171,3),(11750.96,171,4),(10611.87,171,5),(6714.35,172,1),(1131.03,172,2),(15517.03,172,3),(11785.80,172,4),(10636.84,172,5),(6714.35,173,1),(1131.03,173,2),(15499.89,173,3),(11792.48,173,4),(10601.40,173,5),(6819.19,174,1),(1043.39,174,2),(15499.89,174,3),(11792.48,174,4),(10601.40,174,5),(6824.65,175,1),(1007.06,175,2),(15499.89,175,3),(11792.48,175,4),(10601.40,175,5),(6824.65,176,1),(1007.06,176,2),(15532.51,176,3),(11858.18,176,4),(10770.50,176,5),(6824.65,177,1),(1007.06,177,2),(15603.28,177,3),(11945.66,177,4),(10765.59,177,5),(6824.65,178,1),(1007.06,178,2),(15603.28,178,3),(11945.66,178,4),(10765.59,178,5),(6859.90,179,1),(909.69,179,2),(15603.28,179,3),(11945.66,179,4),(10765.59,179,5),(6876.78,180,1),(880.04,180,2),(15571.71,180,3),(11953.20,180,4),(10857.53,180,5),(6876.78,181,1),(880.04,181,2),(15571.71,181,3),(11953.20,181,4),(10857.53,181,5),(6884.72,182,1),(755.80,182,2),(15571.71,182,3),(11953.20,182,4),(10857.53,182,5),(6884.72,183,1),(755.80,183,2),(15571.71,183,3),(11953.20,183,4),(10857.53,183,5),(6884.72,184,1),(755.80,184,2),(15604.03,184,3),(12233.54,184,4),(10886.34,184,5),(6884.72,185,1),(755.80,185,2),(15604.03,185,3),(12233.54,185,4),(10886.34,185,5),(6841.71,186,1),(787.95,186,2),(15583.48,186,3),(12302.28,186,4),(10771.73,186,5),(6841.71,187,1),(787.95,187,2),(15583.48,187,3),(12302.28,187,4),(10771.73,187,5),(6841.71,188,1),(787.95,188,2),(15583.48,188,3),(12302.28,188,4),(10771.73,188,5),(6841.71,189,1),(787.95,189,2),(15583.48,189,3),(12302.28,189,4),(10771.73,189,5),(6850.37,190,1),(684.11,190,2),(15612.39,190,3),(12277.14,190,4),(10696.18,190,5),(6850.37,191,1),(684.11,191,2),(15612.39,191,3),(12277.14,191,4),(10696.18,191,5),(6850.37,192,1),(684.11,192,2),(15612.39,192,3),(12277.14,192,4),(10696.18,192,5),(6850.37,193,1),(684.11,193,2),(15612.39,193,3),(12277.14,193,4),(10696.18,193,5),(6849.67,194,1),(734.00,194,2),(15525.21,194,3),(12186.12,194,4),(10610.20,194,5),(6820.58,195,1),(691.66,195,2),(15631.54,195,3),(12462.78,195,4),(10581.85,195,5),(6820.58,196,1),(691.66,196,2),(15631.54,196,3),(12462.78,196,4),(10581.85,196,5),(6820.58,197,1),(691.66,197,2),(15720.79,197,3),(12407.66,197,4),(10600.83,197,5),(6820.58,198,1),(691.66,198,2),(15720.79,198,3),(12407.66,198,4),(10600.83,198,5),(6934.10,199,1),(828.98,199,2),(15680.90,199,3),(12420.90,199,4),(10528.56,199,5),(6934.10,200,1),(828.98,200,2),(15674.52,200,3),(12399.80,200,4),(10473.35,200,5),(6934.10,201,1),(828.98,201,2),(15546.34,201,3),(12375.94,201,4),(10407.31,201,5),(6934.10,202,1),(828.98,202,2),(15546.34,202,3),(12375.94,202,4),(10407.31,202,5),(6945.02,203,1),(780.51,203,2),(15556.27,203,3),(12480.42,203,4),(10380.38,203,5),(6988.85,204,1),(809.17,204,2),(15556.27,204,3),(12480.42,204,4),(10380.38,204,5),(7006.52,205,1),(919.82,205,2),(15556.27,205,3),(12480.42,205,4),(10380.38,205,5),(7081.68,206,1),(1033.13,206,2),(15473.30,206,3),(12508.34,206,4),(10454.76,206,5),(7081.68,207,1),(1033.13,207,2),(15473.30,207,3),(12508.34,207,4),(10454.76,207,5),(7132.51,208,1),(1017.99,208,2),(15502.97,208,3),(12542.98,208,4),(10481.10,208,5),(7186.32,209,1),(1045.03,209,2),(15502.97,209,3),(12542.98,209,4),(10481.10,209,5),(7186.32,210,1),(1045.03,210,2),(15502.97,210,3),(12542.98,210,4),(10481.10,210,5),(7186.32,211,1),(1045.03,211,2),(15502.97,211,3),(12542.98,211,4),(10481.10,211,5),(7186.32,212,1),(1045.03,212,2),(15478.33,212,3),(12657.78,212,4),(10542.55,212,5),(7187.30,213,1),(919.02,213,2),(15435.23,213,3),(12571.18,213,4),(10564.65,213,5),(7187.30,214,1),(919.02,214,2),(15435.23,214,3),(12571.18,214,4),(10564.65,214,5),(7187.30,215,1),(919.02,215,2),(15435.23,215,3),(12571.18,215,4),(10564.65,215,5),(7187.30,216,1),(919.02,216,2),(15435.23,216,3),(12571.18,216,4),(10564.65,216,5),(7169.32,217,1),(842.93,217,2),(15435.75,217,3),(12431.32,217,4),(10576.57,217,5),(7160.13,218,1),(741.83,218,2),(15435.75,218,3),(12431.32,218,4),(10576.57,218,5),(7039.66,219,1),(779.78,219,2),(15435.75,219,3),(12431.32,219,4),(10576.57,219,5),(7056.31,220,1),(737.63,220,2),(15435.75,220,3),(12431.32,220,4),(10576.57,220,5),(7174.97,221,1),(727.86,221,2),(15416.37,221,3),(12478.66,221,4),(10534.11,221,5),(7174.97,222,1),(727.86,222,2),(15416.37,222,3),(12478.66,222,4),(10534.11,222,5),(7086.19,223,1),(631.69,223,2),(15416.37,223,3),(12478.66,223,4),(10534.11,223,5),(7118.54,224,1),(589.45,224,2),(15416.37,224,3),(12478.66,224,4),(10534.11,224,5),(7033.49,225,1),(523.64,225,2),(15459.72,225,3),(12384.76,225,4),(10487.12,225,5),(7033.49,226,1),(523.64,226,2),(15459.72,226,3),(12384.76,226,4),(10487.12,226,5),(7033.49,227,1),(523.64,227,2),(15459.72,227,3),(12384.76,227,4),(10487.12,227,5),(7010.98,228,1),(667.37,228,2),(15459.72,228,3),(12384.76,228,4),(10487.12,228,5),(7010.98,229,1),(667.37,229,2),(15567.38,229,3),(12500.02,229,4),(10455.14,229,5),(7010.98,230,1),(667.37,230,2),(15516.31,230,3),(12434.18,230,4),(10439.83,230,5),(7010.98,231,1),(667.37,231,2),(15633.16,231,3),(12454.42,231,4),(10523.85,231,5),(6926.03,232,1),(714.10,232,2),(15633.16,232,3),(12454.42,232,4),(10523.85,232,5),(7015.97,233,1),(691.62,233,2),(15633.16,233,3),(12454.42,233,4),(10523.85,233,5),(7020.43,234,1),(761.40,234,2),(15633.16,234,3),(12454.42,234,4),(10523.85,234,5),(7020.43,235,1),(761.40,235,2),(15676.00,235,3),(12361.26,235,4),(10576.58,235,5),(7020.43,236,1),(761.40,236,2),(15676.00,236,3),(12361.26,236,4),(10576.58,236,5),(7020.43,237,1),(761.40,237,2),(15676.00,237,3),(12361.26,237,4),(10576.58,237,5),(7092.36,238,1),(727.27,238,2),(15677.25,238,3),(12400.80,238,4),(10583.21,238,5),(7092.36,239,1),(727.27,239,2),(15677.25,239,3),(12400.80,239,4),(10583.21,239,5),(7092.36,240,1),(727.27,240,2),(15677.25,240,3),(12400.80,240,4),(10583.21,240,5),(7125.23,241,1),(681.86,241,2),(15677.25,241,3),(12400.80,241,4),(10583.21,241,5),(7091.92,242,1),(629.07,242,2),(15822.08,242,3),(12502.94,242,4),(10533.72,242,5),(7091.92,243,1),(629.07,243,2),(15904.62,243,3),(12448.02,243,4),(10592.60,243,5),(7091.92,244,1),(629.07,244,2),(15904.62,244,3),(12448.02,244,4),(10592.60,244,5),(7170.46,245,1),(600.86,245,2),(15904.62,245,3),(12448.02,245,4),(10592.60,245,5),(7175.74,246,1),(612.86,246,2),(15904.62,246,3),(12448.02,246,4),(10592.60,246,5),(7175.74,247,1),(612.86,247,2),(15931.21,247,3),(12501.84,247,4),(10547.99,247,5),(7175.74,248,1),(612.86,248,2),(16023.39,248,3),(12452.84,248,4),(10621.89,248,5),(7132.63,249,1),(745.61,249,2),(16023.39,249,3),(12452.84,249,4),(10621.89,249,5),(7132.63,250,1),(745.61,250,2),(16023.39,250,3),(12452.84,250,4),(10621.89,250,5),(7169.70,251,1),(727.10,251,2),(16023.39,251,3),(12452.84,251,4),(10621.89,251,5),(7203.06,252,1),(731.48,252,2),(16031.17,252,3),(12484.12,252,4),(10689.35,252,5),(7203.06,253,1),(731.48,253,2),(16031.17,253,3),(12484.12,253,4),(10689.35,253,5),(7185.80,254,1),(728.81,254,2),(16031.17,254,3),(12484.12,254,4),(10689.35,254,5),(7262.75,255,1),(728.71,255,2),(16031.17,255,3),(12484.12,255,4),(10689.35,255,5),(7262.75,256,1),(728.71,256,2),(16090.63,256,3),(12407.28,256,4),(10653.94,256,5),(7262.75,257,1),(728.71,257,2),(16090.63,257,3),(12407.28,257,4),(10653.94,257,5),(7262.75,258,1),(728.71,258,2),(16071.54,258,3),(12409.88,258,4),(10686.46,258,5),(7243.75,259,1),(718.98,259,2),(16071.54,259,3),(12409.88,259,4),(10686.46,259,5),(7243.75,260,1),(718.98,260,2),(16071.54,260,3),(12409.88,260,4),(10686.46,260,5),(7243.75,261,1),(718.98,261,2),(16020.78,261,3),(12262.20,261,4),(10673.88,261,5),(7243.75,262,1),(718.98,262,2),(16020.78,262,3),(12262.20,262,4),(10673.88,262,5),(7239.74,263,1),(825.74,263,2),(16020.78,263,3),(12262.20,263,4),(10673.88,263,5),(7334.68,264,1),(835.62,264,2),(16020.78,264,3),(12262.20,264,4),(10673.88,264,5),(7334.68,265,1),(835.62,265,2),(16069.32,265,3),(12306.10,265,4),(10756.97,265,5),(7334.68,266,1),(835.62,266,2),(16160.28,266,3),(12359.00,266,4),(10778.96,266,5),(7361.36,267,1),(809.45,267,2),(16160.28,267,3),(12359.00,267,4),(10778.96,267,5),(7361.36,268,1),(809.45,268,2),(16204.10,268,3),(12461.52,268,4),(10841.38,268,5),(7298.65,269,1),(847.51,269,2),(16204.10,269,3),(12461.52,269,4),(10841.38,269,5),(7298.65,270,1),(847.51,270,2),(16204.10,270,3),(12461.52,270,4),(10841.38,270,5),(7298.65,271,1),(847.51,271,2),(16204.10,271,3),(12461.52,271,4),(10841.38,271,5),(7298.65,272,1),(847.51,272,2),(16190.95,272,3),(12486.44,272,4),(10852.24,272,5),(7315.34,273,1),(852.04,273,2),(16190.95,273,3),(12486.44,273,4),(10852.24,273,5),(7309.05,274,1),(943.77,274,2),(16151.47,274,3),(12520.54,274,4),(10867.54,274,5),(7385.33,275,1),(931.88,275,2),(16151.47,275,3),(12520.54,275,4),(10867.54,275,5),(7385.33,276,1),(931.88,276,2),(16151.47,276,3),(12520.54,276,4),(10867.54,276,5),(7385.33,277,1),(931.88,277,2),(16151.47,277,3),(12520.54,277,4),(10867.54,277,5),(7385.33,278,1),(931.88,278,2),(16242.46,278,3),(12587.42,278,4),(10903.86,278,5),(7419.69,279,1),(997.60,279,2),(16242.46,279,3),(12587.42,279,4),(10903.86,279,5),(7419.69,280,1),(997.60,280,2),(16242.46,280,3),(12587.42,280,4),(10903.86,280,5),(7402.35,281,1),(1023.46,281,2),(16242.46,281,3),(12587.42,281,4),(10903.86,281,5),(7402.35,282,1),(1023.46,282,2),(16240.61,282,3),(12550.06,282,4),(10981.46,282,5),(7403.08,283,1),(1026.19,283,2),(16240.61,283,3),(12550.06,283,4),(10981.46,283,5),(7411.89,284,1),(1106.10,284,2),(16240.61,284,3),(12550.06,284,4),(10981.46,284,5),(7411.89,285,1),(1106.10,285,2),(16132.25,285,3),(12444.50,285,4),(11010.46,285,5),(7411.89,286,1),(1106.10,286,2),(16132.25,286,3),(12444.50,286,4),(11010.46,286,5),(7409.71,287,1),(1133.05,287,2),(16132.25,287,3),(12444.50,287,4),(11010.46,287,5),(7409.71,288,1),(1133.05,288,2),(16132.25,288,3),(12444.50,288,4),(11010.46,288,5),(7421.60,289,1),(1179.65,289,2),(16167.49,289,3),(12445.74,289,4),(10929.62,289,5),(7421.60,290,1),(1179.65,290,2),(16167.49,290,3),(12445.74,290,4),(10929.62,290,5),(7421.60,291,1),(1179.65,291,2),(16167.49,291,3),(12445.74,291,4),(10929.62,291,5),(7431.10,292,1),(1065.51,292,2),(16167.49,292,3),(12445.74,292,4),(10929.62,292,5),(7431.10,293,1),(1065.51,293,2),(16226.16,293,3),(12413.92,293,4),(10965.57,293,5),(7431.10,294,1),(1065.51,294,2),(16226.16,294,3),(12413.92,294,4),(10965.57,294,5),(7477.24,295,1),(1177.56,295,2),(16247.64,295,3),(12339.32,295,4),(11005.45,295,5),(7537.97,296,1),(1210.60,296,2),(16247.64,296,3),(12339.32,296,4),(11005.45,296,5),(7537.97,297,1),(1210.60,297,2),(16247.64,297,3),(12339.32,297,4),(11005.45,297,5),(7643.06,298,1),(1252.23,298,2),(16247.64,298,3),(12339.32,298,4),(11005.45,298,5),(7643.06,299,1),(1252.23,299,2),(16298.93,299,3),(12219.68,299,4),(11073.56,299,5),(7751.88,300,1),(1307.25,300,2),(16225.16,300,3),(12213.16,300,4),(11106.04,300,5),(7640.75,301,1),(1335.69,301,2),(16225.16,301,3),(12213.16,301,4),(11106.04,301,5),(7640.75,302,1),(1335.69,302,2),(16225.16,302,3),(12213.16,302,4),(11106.04,302,5),(7640.75,303,1),(1335.69,303,2),(16258.24,303,3),(12214.98,303,4),(11173.01,303,5),(7640.75,304,1),(1335.69,304,2),(16377.71,304,3),(12313.20,304,4),(11172.88,304,5),(7736.89,305,1),(1316.98,305,2),(16448.76,305,3),(12326.20,305,4),(11173.53,305,5),(7939.22,306,1),(1346.41,306,2),(16448.76,306,3),(12326.20,306,4),(11173.53,306,5),(7939.22,307,1),(1346.41,307,2),(16448.76,307,3),(12326.20,307,4),(11173.53,307,5),(7939.22,308,1),(1346.41,308,2),(16448.76,308,3),(12326.20,308,4),(11173.53,308,5),(7939.22,309,1),(1346.41,309,2),(16427.84,309,3),(12322.32,309,4),(11188.99,309,5),(7954.15,310,1),(1390.87,310,2),(16485.23,310,3),(12353.76,310,4),(11187.28,310,5),(7954.15,311,1),(1390.87,311,2),(16485.23,311,3),(12353.76,311,4),(11187.28,311,5),(7954.15,312,1),(1390.87,312,2),(16485.23,312,3),(12353.76,312,4),(11187.28,312,5),(7954.15,313,1),(1390.87,313,2),(16120.14,313,3),(12531.34,313,4),(11200.05,313,5),(7878.72,314,1),(1357.20,314,2),(16141.24,314,3),(12729.42,314,4),(11232.39,314,5),(7878.72,315,1),(1357.20,315,2),(16162.09,315,3),(12834.16,315,4),(11308.00,315,5),(7878.72,316,1),(1357.20,316,2),(16162.09,316,3),(12834.16,316,4),(11308.00,316,5),(7975.81,317,1),(1367.87,317,2),(16162.09,317,3),(12834.16,317,4),(11308.00,317,5),(7975.81,318,1),(1367.87,318,2),(16191.46,318,3),(12824.68,318,4),(11330.19,318,5),(8106.79,319,1),(1398.59,319,2),(16191.46,319,3),(12824.68,319,4),(11330.19,319,5),(8106.79,320,1),(1398.59,320,2),(16295.47,320,3),(12852.02,320,4),(11399.90,320,5),(8069.16,321,1),(1510.63,321,2),(16426.29,321,3),(12880.08,321,4),(11415.70,321,5),(8069.16,322,1),(1510.63,322,2),(16426.29,322,3),(12880.08,322,4),(11415.70,322,5),(7998.40,323,1),(1497.01,323,2),(16426.29,323,3),(12880.08,323,4),(11415.70,323,5),(7998.40,324,1),(1497.01,324,2),(16426.29,324,3),(12880.08,324,4),(11415.70,324,5),(8087.10,325,1),(1540.85,325,2),(16256.17,325,3),(12927.62,325,4),(11342.70,325,5),(8087.10,326,1),(1540.85,326,2),(16256.17,326,3),(12927.62,326,4),(11342.70,326,5),(8087.10,327,1),(1540.85,327,2),(16256.17,327,3),(12927.62,327,4),(11342.70,327,5),(8085.28,328,1),(1583.68,328,2),(16205.84,328,3),(12880.00,328,4),(11314.07,328,5),(8085.28,329,1),(1583.68,329,2),(16244.53,329,3),(12894.00,329,4),(11258.94,329,5),(8085.28,330,1),(1583.68,330,2),(16276.47,330,3),(12865.50,330,4),(11122.88,330,5),(8087.22,331,1),(1489.28,331,2),(16276.47,331,3),(12865.50,331,4),(11122.88,331,5),(8134.91,332,1),(1457.73,332,2),(16276.47,332,3),(12865.50,332,4),(11122.88,332,5),(8103.47,333,1),(1410.95,333,2),(16213.66,333,3),(12842.02,333,4),(11160.89,333,5),(8103.47,334,1),(1410.95,334,2),(16157.79,334,3),(12778.70,334,4),(11203.73,334,5),(8103.47,335,1),(1410.95,335,2),(16157.79,335,3),(12778.70,335,4),(11203.73,335,5),(8103.47,336,1),(1410.95,336,2),(16183.94,336,3),(12836.72,336,4),(11151.00,336,5),(8087.16,337,1),(1263.71,337,2),(16183.94,337,3),(12836.72,337,4),(11151.00,337,5),(8087.16,338,1),(1263.71,338,2),(16136.00,338,3),(12781.20,338,4),(11167.94,338,5),(8199.68,339,1),(1350.55,339,2),(16225.56,339,3),(12875.78,339,4),(11206.02,339,5),(8199.68,340,1),(1350.55,340,2),(16418.63,340,3),(12931.48,340,4),(11116.32,340,5),(8253.76,341,1),(1364.34,341,2),(16418.63,341,3),(12931.48,341,4),(11116.32,341,5),(8218.42,342,1),(1322.72,342,2),(16511.35,342,3),(12916.60,342,4),(11052.67,342,5),(8218.42,343,1),(1322.72,343,2),(16511.35,343,3),(12916.60,343,4),(11052.67,343,5),(8176.53,344,1),(1342.60,344,2),(16511.35,344,3),(12916.60,344,4),(11052.67,344,5),(8003.37,345,1),(1340.88,345,2),(16511.35,345,3),(12916.60,345,4),(11052.67,345,5),(8003.37,346,1),(1340.88,346,2),(16479.47,346,3),(12773.74,346,4),(11018.70,346,5),(8003.37,347,1),(1340.88,347,2),(16479.47,347,3),(12773.74,347,4),(11018.70,347,5),(8003.37,348,1),(1340.88,348,2),(16479.47,348,3),(12773.74,348,4),(11018.70,348,5),(8040.37,349,1),(1255.91,349,2),(16348.82,349,3),(12792.76,349,4),(11140.58,349,5),(8040.37,350,1),(1255.91,350,2),(16348.82,350,3),(12792.76,350,4),(11140.58,350,5),(8040.37,351,1),(1255.91,351,2),(16348.82,351,3),(12792.76,351,4),(11140.58,351,5),(8048.59,352,1),(1200.12,352,2),(16348.82,352,3),(12792.76,352,4),(11140.58,352,5),(8048.59,353,1),(1200.12,353,2),(16343.54,353,3),(12893.38,353,4),(11179.98,353,5),(8053.69,354,1),(1203.82,354,2),(16343.54,354,3),(12893.38,354,4),(11179.98,354,5),(8136.20,355,1),(1313.19,355,2),(16343.54,355,3),(12893.38,355,4),(11179.98,355,5),(8043.36,356,1),(1338.24,356,2),(16237.52,356,3),(12821.38,356,4),(11238.20,356,5),(8025.59,357,1),(1410.71,357,2),(16237.52,357,3),(12821.38,357,4),(11238.20,357,5),(8031.81,358,1),(1443.67,358,2),(16237.52,358,3),(12821.38,358,4),(11238.20,358,5),(8031.81,359,1),(1443.67,359,2),(16204.30,359,3),(12893.74,359,4),(11287.55,359,5),(8031.81,360,1),(1443.67,360,2),(16293.27,360,3),(12884.28,360,4),(11209.79,360,5),(8031.81,361,1),(1443.67,361,2),(16293.27,361,3),(12884.28,361,4),(11209.79,361,5),(8099.04,362,1),(1357.08,362,2),(16293.27,362,3),(12884.28,362,4),(11209.79,362,5),(8099.04,363,1),(1357.08,363,2),(16293.27,363,3),(12884.28,363,4),(11209.79,363,5),(8099.04,364,1),(1357.08,364,2),(16263.67,364,3),(12975.78,364,4),(11152.49,364,5),(8174.09,365,1),(1294.48,365,2),(16263.67,365,3),(12975.78,365,4),(11152.49,365,5);
/*!40000 ALTER TABLE `aegon_sub_account_history` ENABLE KEYS */;
UNLOCK TABLES;
/*!40103 SET TIME_ZONE=@OLD_TIME_ZONE */;

/*!40101 SET SQL_MODE=@OLD_SQL_MODE */;
/*!40014 SET FOREIGN_KEY_CHECKS=@OLD_FOREIGN_KEY_CHECKS */;
/*!40014 SET UNIQUE_CHECKS=@OLD_UNIQUE_CHECKS */;
/*!40101 SET CHARACTER_SET_CLIENT=@OLD_CHARACTER_SET_CLIENT */;
/*!40101 SET CHARACTER_SET_RESULTS=@OLD_CHARACTER_SET_RESULTS */;
/*!40101 SET COLLATION_CONNECTION=@OLD_COLLATION_CONNECTION */;
/*!40111 SET SQL_NOTES=@OLD_SQL_NOTES */;

-- Dump completed on 2016-01-07 20:02:13
